method,step,sumA,maxAbsCoef
"Arithmetic (start=1,step=1)",1,2,1.0
"Arithmetic (start=1,step=1)",2,6,1.0
"Arithmetic (start=1,step=1)",3,12,1.0
"Arithmetic (start=1,step=1)",4,20,2.0
"Arithmetic (start=1,step=1)",5,30,1.0
"Arithmetic (start=1,step=1)",6,42,2.0
"Arithmetic (start=1,step=1)",7,56,2.0
"Arithmetic (start=1,step=1)",8,72,2.0
"Arithmetic (start=1,step=1)",9,90,2.0
"Arithmetic (start=1,step=1)",10,110,3.0
"Arithmetic (start=1,step=1)",11,132,2.0
"Arithmetic (start=1,step=1)",12,156,4.0
"Arithmetic (start=1,step=1)",13,182,3.0
"Arithmetic (start=1,step=1)",14,210,3.0
"Arithmetic (start=1,step=1)",15,240,4.0
"Arithmetic (start=1,step=1)",16,272,6.0
"Arithmetic (start=1,step=1)",17,306,5.0
"Arithmetic (start=1,step=1)",18,342,6.0
"Arithmetic (start=1,step=1)",19,380,7.0
"Arithmetic (start=1,step=1)",20,420,8.0
"Arithmetic (start=1,step=1)",21,462,8.0
"Arithmetic (start=1,step=1)",22,506,10.0
"Arithmetic (start=1,step=1)",23,552,11.0
"Arithmetic (start=1,step=1)",24,600,16.0
"Arithmetic (start=1,step=1)",25,650,16.0
"Arithmetic (start=1,step=1)",26,702,19.0
"Arithmetic (start=1,step=1)",27,756,21.0
"Arithmetic (start=1,step=1)",28,812,28.0
"Arithmetic (start=1,step=1)",29,870,29.0
"Arithmetic (start=1,step=1)",30,930,34.0
"Arithmetic (start=1,step=1)",31,992,41.0
"Arithmetic (start=1,step=1)",32,1056,50.0
"Arithmetic (start=1,step=1)",33,1122,56.0
"Arithmetic (start=1,step=1)",34,1190,68.0
"Arithmetic (start=1,step=1)",35,1260,80.0
"Arithmetic (start=1,step=1)",36,1332,100.0
"Arithmetic (start=1,step=1)",37,1406,114.0
"Arithmetic (start=1,step=1)",38,1482,135.0
"Arithmetic (start=1,step=1)",39,1560,158.0
"Arithmetic (start=1,step=1)",40,1640,196.0
"Arithmetic (start=1,step=1)",41,1722,225.0
"Arithmetic (start=1,step=1)",42,1806,269.0
"Arithmetic (start=1,step=1)",43,1892,320.0
"Arithmetic (start=1,step=1)",44,1980,388.0
"Arithmetic (start=1,step=1)",45,2070,455.0
"Arithmetic (start=1,step=1)",46,2162,544.0
"Arithmetic (start=1,step=1)",47,2256,644.0
"Arithmetic (start=1,step=1)",48,2352,786.0
"Arithmetic (start=1,step=1)",49,2450,921.0
"Arithmetic (start=1,step=1)",50,2550,1111.0
"Arithmetic (start=1,step=1)",51,2652,1321.0
"Arithmetic (start=1,step=1)",52,2756,1600.0
"Arithmetic (start=1,step=1)",53,2862,1891.0
"Arithmetic (start=1,step=1)",54,2970,2274.0
"Arithmetic (start=1,step=1)",55,3080,2711.0
"Arithmetic (start=1,step=1)",56,3192,3280.0
"Arithmetic (start=1,step=1)",57,3306,3895.0
"Arithmetic (start=1,step=1)",58,3422,4694.0
"Arithmetic (start=1,step=1)",59,3540,5591.0
"Arithmetic (start=1,step=1)",60,3660,6780.0
"Arithmetic (start=1,step=1)",61,3782,8051.0
"Arithmetic (start=1,step=1)",62,3906,9729.0
"Arithmetic (start=1,step=1)",63,4032,11624.0
"Arithmetic (start=1,step=1)",64,4160,14060.0
"Arithmetic (start=1,step=1)",65,4290,16765.0
"Arithmetic (start=1,step=1)",66,4422,20237.0
"Arithmetic (start=1,step=1)",67,4556,24185.0
"Arithmetic (start=1,step=1)",68,4692,29280.0
"Arithmetic (start=1,step=1)",69,4830,34967.0
"Arithmetic (start=1,step=1)",70,4970,42260.0
"Arithmetic (start=1,step=1)",71,5112,50563.0
"Arithmetic (start=1,step=1)",72,5256,61232.0
"Arithmetic (start=1,step=1)",73,5402,73204.0
"Arithmetic (start=1,step=1)",74,5550,88538.0
"Arithmetic (start=1,step=1)",75,5700,106106.0
"Arithmetic (start=1,step=1)",76,5852,128414.0
"Arithmetic (start=1,step=1)",77,6006,153816.0
"Arithmetic (start=1,step=1)",78,6162,186002.0
"Arithmetic (start=1,step=1)",79,6320,223031.0
"Arithmetic (start=1,step=1)",80,6480,270084.0
"Arithmetic (start=1,step=1)",81,6642,323699.0
"Arithmetic (start=1,step=1)",82,6806,391799.0
"Arithmetic (start=1,step=1)",83,6972,470145.0
"Arithmetic (start=1,step=1)",84,7140,569514.0
"Arithmetic (start=1,step=1)",85,7310,683108.0
"Arithmetic (start=1,step=1)",86,7482,827204.0
"Arithmetic (start=1,step=1)",87,7656,993497.0
"Arithmetic (start=1,step=1)",88,7832,1203564.0
"Arithmetic (start=1,step=1)",89,8010,1445355.0
"Arithmetic (start=1,step=1)",90,8190,1750164.0
"Arithmetic (start=1,step=1)",91,8372,2103468.0
"Arithmetic (start=1,step=1)",92,8556,2548770.0
"Arithmetic (start=1,step=1)",93,8742,3062815.0
"Arithmetic (start=1,step=1)",94,8930,3710162.0
"Arithmetic (start=1,step=1)",95,9120,4461779.0
"Arithmetic (start=1,step=1)",96,9312,5407754.0
"Arithmetic (start=1,step=1)",97,9506,6501853.0
"Arithmetic (start=1,step=1)",98,9702,7879178.0
"Arithmetic (start=1,step=1)",99,9900,9478177.0
"Arithmetic (start=1,step=1)",100,10100,11493312.0
"Arithmetic (start=1,step=1)",101,10302,13826598.0
"Arithmetic (start=1,step=1)",102,10506,16760177.0
"Arithmetic (start=1,step=1)",103,10712,20176201.0
"Arithmetic (start=1,step=1)",104,10920,24465960.0
"Arithmetic (start=1,step=1)",105,11130,29452205.0
"Arithmetic (start=1,step=1)",106,11342,35705517.0
"Arithmetic (start=1,step=1)",107,11556,43007072.0
"Arithmetic (start=1,step=1)",108,11772,52157508.0
"Arithmetic (start=1,step=1)",109,11990,62818238.0
"Arithmetic (start=1,step=1)",110,12210,76173007.0
"Arithmetic (start=1,step=1)",111,12432,91781614.0
"Arithmetic (start=1,step=1)",112,12656,111342192.0
"Arithmetic (start=1,step=1)",113,12882,134139614.0
"Arithmetic (start=1,step=1)",114,13110,162716924.0
"Arithmetic (start=1,step=1)",115,13340,196119701.0
"Arithmetic (start=1,step=1)",116,13572,237985596.0
"Arithmetic (start=1,step=1)",117,13806,286856063.0
"Arithmetic (start=1,step=1)",118,14042,348010128.0
"Arithmetic (start=1,step=1)",119,14280,419679679.0
"Arithmetic (start=1,step=1)",120,14520,509275390.0
"Arithmetic (start=1,step=1)",121,14762,614150982.0
"Arithmetic (start=1,step=1)",122,15006,745149648.0
"Arithmetic (start=1,step=1)",123,15252,898947715.0
"Arithmetic (start=1,step=1)",124,15500,1091017632.0
"Arithmetic (start=1,step=1)",125,15750,1316123497.0
"Arithmetic (start=1,step=1)",126,16002,1597187547.0
"Arithmetic (start=1,step=1)",127,16256,1927340514.0
"Arithmetic (start=1,step=1)",128,16512,2339687834.0
"Arithmetic (start=1,step=1)",129,16770,2823028316.0
"Arithmetic (start=1,step=1)",130,17030,3426893978.0
"Arithmetic (start=1,step=1)",131,17292,4136484701.0
"Arithmetic (start=1,step=1)",132,17556,5022312654.0
"Arithmetic (start=1,step=1)",133,17822,6062487210.0
"Arithmetic (start=1,step=1)",134,18090,7359556816.0
"Arithmetic (start=1,step=1)",135,18360,8886989280.0
"Arithmetic (start=1,step=1)",136,18632,10790564790.0
"Arithmetic (start=1,step=1)",137,18906,13029930184.0
"Arithmetic (start=1,step=1)",138,19182,15819222872.0
"Arithmetic (start=1,step=1)",139,19460,19107817305.0
"Arithmetic (start=1,step=1)",140,19740,23203658318.0
"Geometric (ratio=2,start=2)",1,4,1.0
"Geometric (ratio=2,start=2)",2,12,1.0
"Geometric (ratio=2,start=2)",3,28,1.0
"Geometric (ratio=2,start=2)",4,60,1.0
"Geometric (ratio=2,start=2)",5,124,1.0
"Geometric (ratio=2,start=2)",6,252,1.0
"Geometric (ratio=2,start=2)",7,508,1.0
"Geometric (ratio=2,start=2)",8,1020,1.0
"Geometric (ratio=2,start=2)",9,2044,1.0
"Geometric (ratio=2,start=2)",10,4092,1.0
"Geometric (ratio=2,start=2)",11,8188,1.0
"Geometric (ratio=2,start=2)",12,16380,1.0
"Geometric (ratio=3,start=2)",1,4,1.0
"Geometric (ratio=3,start=2)",2,16,1.0
"Geometric (ratio=3,start=2)",3,52,1.0
"Geometric (ratio=3,start=2)",4,160,1.0
"Geometric (ratio=3,start=2)",5,484,1.0
"Geometric (ratio=3,start=2)",6,1456,1.0
"Geometric (ratio=3,start=2)",7,4372,1.0
"Geometric (ratio=3,start=2)",8,13120,1.0
Fibonacci,1,2,1.0
Fibonacci,2,6,1.0
Fibonacci,3,12,1.0
Fibonacci,4,22,1.0
Fibonacci,5,38,1.0
Fibonacci,6,64,1.0
Fibonacci,7,106,1.0
Fibonacci,8,174,1.0
Fibonacci,9,284,1.0
Fibonacci,10,462,1.0
Fibonacci,11,750,1.0
Fibonacci,12,1216,1.0
Fibonacci,13,1970,1.0
Fibonacci,14,3190,1.0
Fibonacci,15,5164,1.0
Fibonacci,16,8358,1.0
Fibonacci,17,13526,1.0
Random Uniform (d=5) (sample 1),1,8,1.0
Random Uniform (d=5) (sample 1),2,26,1.0
Random Uniform (d=5) (sample 1),3,50,1.0
Random Uniform (d=5) (sample 1),4,84,2.0
Random Uniform (d=5) (sample 1),5,128,2.0
Random Uniform (d=5) (sample 1),6,176,2.0
Random Uniform (d=5) (sample 1),7,230,3.0
Random Uniform (d=5) (sample 1),8,290,4.0
Random Uniform (d=5) (sample 1),9,356,6.0
Random Uniform (d=5) (sample 1),10,432,10.0
Random Uniform (d=5) (sample 1),11,516,7.0
Random Uniform (d=5) (sample 1),12,606,13.0
Random Uniform (d=5) (sample 1),13,706,21.0
Random Uniform (d=5) (sample 1),14,810,16.0
Random Uniform (d=5) (sample 1),15,922,24.0
Random Uniform (d=5) (sample 1),16,1038,43.0
Random Uniform (d=5) (sample 1),17,1162,23.0
Random Uniform (d=5) (sample 1),18,1296,22.0
Random Uniform (d=5) (sample 1),19,1432,35.0
Random Uniform (d=5) (sample 1),20,1576,29.0
Random Uniform (d=5) (sample 1),21,1724,28.0
Random Uniform (d=5) (sample 1),22,1882,40.0
Random Uniform (d=5) (sample 1),23,2048,46.0
Random Uniform (d=5) (sample 1),24,2216,52.0
Random Uniform (d=5) (sample 1),25,2386,76.0
Random Uniform (d=5) (sample 1),26,2562,123.0
Random Uniform (d=5) (sample 1),27,2744,137.0
Random Uniform (d=5) (sample 1),28,2930,223.0
Random Uniform (d=5) (sample 1),29,3124,356.0
Random Uniform (d=5) (sample 1),30,3326,400.0
Random Uniform (d=5) (sample 1),31,3534,621.0
Random Uniform (d=5) (sample 1),32,3750,904.0
Random Uniform (d=5) (sample 1),33,3974,518.0
Random Uniform (d=5) (sample 1),34,4200,645.0
Random Uniform (d=5) (sample 1),35,4432,711.0
Random Uniform (d=5) (sample 1),36,4674,799.0
Random Uniform (d=5) (sample 1),37,4922,1321.0
Random Uniform (d=5) (sample 1),38,5180,2131.0
Random Uniform (d=5) (sample 1),39,5440,2708.0
Random Uniform (d=5) (sample 1),40,5704,5155.0
Random Uniform (d=5) (sample 1),41,5976,4087.0
Random Uniform (d=5) (sample 1),42,6250,7445.0
Random Uniform (d=5) (sample 1),43,6532,4699.0
Random Uniform (d=5) (sample 1),44,6818,6498.0
Random Uniform (d=5) (sample 1),45,7108,9730.0
Random Uniform (d=5) (sample 1),46,7400,11630.0
Random Uniform (d=5) (sample 1),47,7696,18391.0
Random Uniform (d=5) (sample 1),48,8002,20421.0
Random Uniform (d=5) (sample 1),49,8312,31763.0
Random Uniform (d=5) (sample 1),50,8630,56338.0
Random Uniform (d=5) (sample 1),51,8956,59605.0
Random Uniform (d=5) (sample 1),52,9290,39814.0
Random Uniform (d=5) (sample 1),53,9632,58414.0
Random Uniform (d=5) (sample 1),54,9984,76548.0
Random Uniform (d=5) (sample 1),55,10342,72057.0
Random Uniform (d=5) (sample 1),56,10702,104266.0
Random Uniform (d=5) (sample 1),57,11070,153045.0
Random Uniform (d=5) (sample 1),58,11442,195008.0
Random Uniform (d=5) (sample 1),59,11822,139398.0
Random Uniform (d=5) (sample 1),60,12206,199601.0
Random Uniform (d=5) (sample 1),61,12594,272917.0
Random Uniform (d=5) (sample 1),62,12990,390779.0
Random Uniform (d=5) (sample 1),63,13396,504965.0
Random Uniform (d=5) (sample 1),64,13806,806425.0
Random Uniform (d=5) (sample 1),65,14220,1189622.0
Random Uniform (d=5) (sample 1),66,14642,1006474.0
Random Uniform (d=5) (sample 1),67,15068,929565.0
Random Uniform (d=5) (sample 1),68,15498,1277111.0
Random Uniform (d=5) (sample 1),69,15936,1580448.0
Random Uniform (d=5) (sample 1),70,16382,2224067.0
Random Uniform (d=5) (sample 1),71,16830,3200469.0
Random Uniform (d=5) (sample 1),72,17288,4976198.0
Random Uniform (d=5) (sample 1),73,17756,8211228.0
Random Uniform (d=5) (sample 1),74,18228,11865943.0
Random Uniform (d=5) (sample 1),75,18710,14351983.0
Random Uniform (d=5) (sample 1),76,19196,4607586.0
Random Uniform (d=5) (sample 1),77,19684,6104130.0
Random Uniform (d=5) (sample 2),1,10,1.0
Random Uniform (d=5) (sample 2),2,30,1.0
Random Uniform (d=5) (sample 2),3,58,1.0
Random Uniform (d=5) (sample 2),4,94,1.0
Random Uniform (d=5) (sample 2),5,138,2.0
Random Uniform (d=5) (sample 2),6,192,3.0
Random Uniform (d=5) (sample 2),7,250,3.0
Random Uniform (d=5) (sample 2),8,318,3.0
Random Uniform (d=5) (sample 2),9,392,4.0
Random Uniform (d=5) (sample 2),10,476,8.0
Random Uniform (d=5) (sample 2),11,570,6.0
Random Uniform (d=5) (sample 2),12,666,5.0
Random Uniform (d=5) (sample 2),13,764,9.0
Random Uniform (d=5) (sample 2),14,864,13.0
Random Uniform (d=5) (sample 2),15,974,19.0
Random Uniform (d=5) (sample 2),16,1088,23.0
Random Uniform (d=5) (sample 2),17,1208,28.0
Random Uniform (d=5) (sample 2),18,1334,31.0
Random Uniform (d=5) (sample 2),19,1464,26.0
Random Uniform (d=5) (sample 2),20,1598,43.0
Random Uniform (d=5) (sample 2),21,1738,57.0
Random Uniform (d=5) (sample 2),22,1886,85.0
Random Uniform (d=5) (sample 2),23,2036,88.0
Random Uniform (d=5) (sample 2),24,2188,124.0
Random Uniform (d=5) (sample 2),25,2346,173.0
Random Uniform (d=5) (sample 2),26,2508,304.0
Random Uniform (d=5) (sample 2),27,2678,450.0
Random Uniform (d=5) (sample 2),28,2854,506.0
Random Uniform (d=5) (sample 2),29,3032,668.0
Random Uniform (d=5) (sample 2),30,3220,1008.0
Random Uniform (d=5) (sample 2),31,3412,1585.0
Random Uniform (d=5) (sample 2),32,3614,1599.0
Random Uniform (d=5) (sample 2),33,3822,1830.0
Random Uniform (d=5) (sample 2),34,4032,2735.0
Random Uniform (d=5) (sample 2),35,4250,4115.0
Random Uniform (d=5) (sample 2),36,4478,4082.0
Random Uniform (d=5) (sample 2),37,4714,5443.0
Random Uniform (d=5) (sample 2),38,4952,7148.0
Random Uniform (d=5) (sample 2),39,5200,8823.0
Random Uniform (d=5) (sample 2),40,5456,15400.0
Random Uniform (d=5) (sample 2),41,5720,18089.0
Random Uniform (d=5) (sample 2),42,5994,28774.0
Random Uniform (d=5) (sample 2),43,6270,12186.0
Random Uniform (d=5) (sample 2),44,6554,9290.0
Random Uniform (d=5) (sample 2),45,6844,12165.0
Random Uniform (d=5) (sample 2),46,7144,16427.0
Random Uniform (d=5) (sample 2),47,7448,28645.0
Random Uniform (d=5) (sample 2),48,7756,40383.0
Random Uniform (d=5) (sample 2),49,8066,30853.0
Random Uniform (d=5) (sample 2),50,8382,39325.0
Random Uniform (d=5) (sample 2),51,8706,38806.0
Random Uniform (d=5) (sample 2),52,9034,47174.0
Random Uniform (d=5) (sample 2),53,9364,72339.0
Random Uniform (d=5) (sample 2),54,9700,72343.0
Random Uniform (d=5) (sample 2),55,10042,94046.0
Random Uniform (d=5) (sample 2),56,10386,122621.0
Random Uniform (d=5) (sample 2),57,10732,165357.0
Random Uniform (d=5) (sample 2),58,11086,224897.0
Random Uniform (d=5) (sample 2),59,11442,307691.0
Random Uniform (d=5) (sample 2),60,11806,407134.0
Random Uniform (d=5) (sample 2),61,12178,527989.0
Random Uniform (d=5) (sample 2),62,12560,668318.0
Random Uniform (d=5) (sample 2),63,12948,801548.0
Random Uniform (d=5) (sample 2),64,13342,996076.0
Random Uniform (d=5) (sample 2),65,13742,1174194.0
Random Uniform (d=5) (sample 2),66,14152,1426842.0
Random Uniform (d=5) (sample 2),67,14570,1721490.0
Random Uniform (d=5) (sample 2),68,14996,2072468.0
Random Uniform (d=5) (sample 2),69,15424,2580786.0
Random Uniform (d=5) (sample 2),70,15862,2959241.0
Random Uniform (d=5) (sample 2),71,16302,3612829.0
Random Uniform (d=5) (sample 2),72,16752,4401908.0
Random Uniform (d=5) (sample 2),73,17204,5344286.0
Random Uniform (d=5) (sample 2),74,17660,6776320.0
Random Uniform (d=5) (sample 2),75,18122,8227458.0
Random Uniform (d=5) (sample 2),76,18590,10215678.0
Random Uniform (d=5) (sample 2),77,19066,12557267.0
Random Uniform (d=5) (sample 2),78,19546,15698624.0
Random Uniform (d=5) (sample 3),1,10,1.0
Random Uniform (d=5) (sample 3),2,24,1.0
Random Uniform (d=5) (sample 3),3,42,1.0
Random Uniform (d=5) (sample 3),4,64,2.0
Random Uniform (d=5) (sample 3),5,90,2.0
Random Uniform (d=5) (sample 3),6,118,2.0
Random Uniform (d=5) (sample 3),7,156,2.0
Random Uniform (d=5) (sample 3),8,198,3.0
Random Uniform (d=5) (sample 3),9,250,3.0
Random Uniform (d=5) (sample 3),10,308,5.0
Random Uniform (d=5) (sample 3),11,368,6.0
Random Uniform (d=5) (sample 3),12,432,8.0
Random Uniform (d=5) (sample 3),13,498,9.0
Random Uniform (d=5) (sample 3),14,566,12.0
Random Uniform (d=5) (sample 3),15,640,18.0
Random Uniform (d=5) (sample 3),16,724,34.0
Random Uniform (d=5) (sample 3),17,810,19.0
Random Uniform (d=5) (sample 3),18,904,16.0
Random Uniform (d=5) (sample 3),19,1004,25.0
Random Uniform (d=5) (sample 3),20,1112,40.0
Random Uniform (d=5) (sample 3),21,1226,34.0
Random Uniform (d=5) (sample 3),22,1348,55.0
Random Uniform (d=5) (sample 3),23,1478,81.0
Random Uniform (d=5) (sample 3),24,1610,143.0
Random Uniform (d=5) (sample 3),25,1744,97.0
Random Uniform (d=5) (sample 3),26,1884,171.0
Random Uniform (d=5) (sample 3),27,2034,128.0
Random Uniform (d=5) (sample 3),28,2186,118.0
Random Uniform (d=5) (sample 3),29,2340,176.0
Random Uniform (d=5) (sample 3),30,2498,163.0
Random Uniform (d=5) (sample 3),31,2658,141.0
Random Uniform (d=5) (sample 3),32,2828,196.0
Random Uniform (d=5) (sample 3),33,3002,167.0
Random Uniform (d=5) (sample 3),34,3184,224.0
Random Uniform (d=5) (sample 3),35,3374,237.0
Random Uniform (d=5) (sample 3),36,3568,271.0
Random Uniform (d=5) (sample 3),37,3766,429.0
Random Uniform (d=5) (sample 3),38,3968,428.0
Random Uniform (d=5) (sample 3),39,4176,415.0
Random Uniform (d=5) (sample 3),40,4394,448.0
Random Uniform (d=5) (sample 3),41,4622,734.0
Random Uniform (d=5) (sample 3),42,4858,1090.0
Random Uniform (d=5) (sample 3),43,5102,1693.0
Random Uniform (d=5) (sample 3),44,5354,2816.0
Random Uniform (d=5) (sample 3),45,5608,3005.0
Random Uniform (d=5) (sample 3),46,5870,3693.0
Random Uniform (d=5) (sample 3),47,6136,4386.0
Random Uniform (d=5) (sample 3),48,6410,4976.0
Random Uniform (d=5) (sample 3),49,6688,8011.0
Random Uniform (d=5) (sample 3),50,6972,8632.0
Random Uniform (d=5) (sample 3),51,7258,10081.0
Random Uniform (d=5) (sample 3),52,7546,8348.0
Random Uniform (d=5) (sample 3),53,7844,9702.0
Random Uniform (d=5) (sample 3),54,8148,10442.0
Random Uniform (d=5) (sample 3),55,8456,18211.0
Random Uniform (d=5) (sample 3),56,8770,16129.0
Random Uniform (d=5) (sample 3),57,9086,25898.0
Random Uniform (d=5) (sample 3),58,9406,32566.0
Random Uniform (d=5) (sample 3),59,9732,26189.0
Random Uniform (d=5) (sample 3),60,10060,33175.0
Random Uniform (d=5) (sample 3),61,10392,50246.0
Random Uniform (d=5) (sample 3),62,10728,66329.0
Random Uniform (d=5) (sample 3),63,11066,62340.0
Random Uniform (d=5) (sample 3),64,11408,62893.0
Random Uniform (d=5) (sample 3),65,11752,87559.0
Random Uniform (d=5) (sample 3),66,12104,102351.0
Random Uniform (d=5) (sample 3),67,12464,139419.0
Random Uniform (d=5) (sample 3),68,12828,271380.0
Random Uniform (d=5) (sample 3),69,13196,418845.0
Random Uniform (d=5) (sample 3),70,13566,291430.0
Random Uniform (d=5) (sample 3),71,13940,227774.0
Random Uniform (d=5) (sample 3),72,14324,398406.0
Random Uniform (d=5) (sample 3),73,14716,675304.0
Random Uniform (d=5) (sample 3),74,15112,1298975.0
Random Uniform (d=5) (sample 3),75,15512,2322419.0
Random Uniform (d=5) (sample 3),76,15918,1407131.0
Random Uniform (d=5) (sample 3),77,16328,904361.0
Random Uniform (d=5) (sample 3),78,16748,1802736.0
Random Uniform (d=5) (sample 3),79,17176,3048714.0
Random Uniform (d=5) (sample 3),80,17610,1961856.0
Random Uniform (d=5) (sample 3),81,18046,3320228.0
Random Uniform (d=5) (sample 3),82,18484,2295189.0
Random Uniform (d=5) (sample 3),83,18930,1576481.0
Random Uniform (d=5) (sample 3),84,19378,2994080.0
Random Uniform (d=5) (sample 3),85,19836,1924387.0
Random Uniform (d=5) (sample 4),1,8,1.0
Random Uniform (d=5) (sample 4),2,22,1.0
Random Uniform (d=5) (sample 4),3,44,1.0
Random Uniform (d=5) (sample 4),4,70,1.0
Random Uniform (d=5) (sample 4),5,100,1.0
Random Uniform (d=5) (sample 4),6,136,1.0
Random Uniform (d=5) (sample 4),7,180,1.0
Random Uniform (d=5) (sample 4),8,234,2.0
Random Uniform (d=5) (sample 4),9,294,3.0
Random Uniform (d=5) (sample 4),10,360,6.0
Random Uniform (d=5) (sample 4),11,428,4.0
Random Uniform (d=5) (sample 4),12,502,6.0
Random Uniform (d=5) (sample 4),13,586,9.0
Random Uniform (d=5) (sample 4),14,674,11.0
Random Uniform (d=5) (sample 4),15,770,13.0
Random Uniform (d=5) (sample 4),16,868,11.0
Random Uniform (d=5) (sample 4),17,974,16.0
Random Uniform (d=5) (sample 4),18,1084,15.0
Random Uniform (d=5) (sample 4),19,1200,22.0
Random Uniform (d=5) (sample 4),20,1326,34.0
Random Uniform (d=5) (sample 4),21,1454,40.0
Random Uniform (d=5) (sample 4),22,1592,61.0
Random Uniform (d=5) (sample 4),23,1740,112.0
Random Uniform (d=5) (sample 4),24,1898,210.0
Random Uniform (d=5) (sample 4),25,2066,393.0
Random Uniform (d=5) (sample 4),26,2238,359.0
Random Uniform (d=5) (sample 4),27,2420,460.0
Random Uniform (d=5) (sample 4),28,2612,704.0
Random Uniform (d=5) (sample 4),29,2808,486.0
Random Uniform (d=5) (sample 4),30,3012,375.0
Random Uniform (d=5) (sample 4),31,3220,312.0
Random Uniform (d=5) (sample 4),32,3434,358.0
Random Uniform (d=5) (sample 4),33,3652,515.0
Random Uniform (d=5) (sample 4),34,3878,203.0
Random Uniform (d=5) (sample 4),35,4110,339.0
Random Uniform (d=5) (sample 4),36,4348,612.0
Random Uniform (d=5) (sample 4),37,4588,473.0
Random Uniform (d=5) (sample 4),38,4838,911.0
Random Uniform (d=5) (sample 4),39,5094,623.0
Random Uniform (d=5) (sample 4),40,5356,898.0
Random Uniform (d=5) (sample 4),41,5626,1741.0
Random Uniform (d=5) (sample 4),42,5902,2190.0
Random Uniform (d=5) (sample 4),43,6186,3351.0
Random Uniform (d=5) (sample 4),44,6480,6302.0
Random Uniform (d=5) (sample 4),45,6776,4821.0
Random Uniform (d=5) (sample 4),46,7074,3244.0
Random Uniform (d=5) (sample 4),47,7382,5737.0
Random Uniform (d=5) (sample 4),48,7700,5388.0
Random Uniform (d=5) (sample 4),49,8022,9714.0
Random Uniform (d=5) (sample 4),50,8350,9829.0
Random Uniform (d=5) (sample 4),51,8684,10448.0
Random Uniform (d=5) (sample 4),52,9024,17231.0
Random Uniform (d=5) (sample 4),53,9372,18756.0
Random Uniform (d=5) (sample 4),54,9724,28984.0
Random Uniform (d=5) (sample 4),55,10082,50607.0
Random Uniform (d=5) (sample 4),56,10448,85823.0
Random Uniform (d=5) (sample 4),57,10822,59675.0
Random Uniform (d=5) (sample 4),58,11198,70782.0
Random Uniform (d=5) (sample 4),59,11582,138394.0
Random Uniform (d=5) (sample 4),60,11976,44100.0
Random Uniform (d=5) (sample 4),61,12378,57020.0
Random Uniform (d=5) (sample 4),62,12790,46010.0
Random Uniform (d=5) (sample 4),63,13212,90099.0
Random Uniform (d=5) (sample 4),64,13636,102019.0
Random Uniform (d=5) (sample 4),65,14062,78933.0
Random Uniform (d=5) (sample 4),66,14496,97149.0
Random Uniform (d=5) (sample 4),67,14932,170886.0
Random Uniform (d=5) (sample 4),68,15370,67515.0
Random Uniform (d=5) (sample 4),69,15814,52162.0
Random Uniform (d=5) (sample 4),70,16266,42716.0
Random Uniform (d=5) (sample 4),71,16726,68814.0
Random Uniform (d=5) (sample 4),72,17194,71608.0
Random Uniform (d=5) (sample 4),73,17664,91352.0
Random Uniform (d=5) (sample 4),74,18136,102198.0
Random Uniform (d=5) (sample 4),75,18618,156214.0
Random Uniform (d=5) (sample 4),76,19104,249321.0
Random Uniform (d=5) (sample 4),77,19594,112207.0
Random Uniform (d=5) (sample 5),1,2,1.0
Random Uniform (d=5) (sample 5),2,12,1.0
Random Uniform (d=5) (sample 5),3,24,1.0
Random Uniform (d=5) (sample 5),4,46,1.0
Random Uniform (d=5) (sample 5),5,70,1.0
Random Uniform (d=5) (sample 5),6,102,2.0
Random Uniform (d=5) (sample 5),7,136,1.0
Random Uniform (d=5) (sample 5),8,172,1.0
Random Uniform (d=5) (sample 5),9,218,2.0
Random Uniform (d=5) (sample 5),10,274,1.0
Random Uniform (d=5) (sample 5),11,340,1.0
Random Uniform (d=5) (sample 5),12,408,2.0
Random Uniform (d=5) (sample 5),13,486,3.0
Random Uniform (d=5) (sample 5),14,570,4.0
Random Uniform (d=5) (sample 5),15,658,3.0
Random Uniform (d=5) (sample 5),16,750,3.0
Random Uniform (d=5) (sample 5),17,852,5.0
Random Uniform (d=5) (sample 5),18,962,8.0
Random Uniform (d=5) (sample 5),19,1082,8.0
Random Uniform (d=5) (sample 5),20,1212,11.0
Random Uniform (d=5) (sample 5),21,1344,12.0
Random Uniform (d=5) (sample 5),22,1484,18.0
Random Uniform (d=5) (sample 5),23,1634,25.0
Random Uniform (d=5) (sample 5),24,1790,34.0
Random Uniform (d=5) (sample 5),25,1950,40.0
Random Uniform (d=5) (sample 5),26,2116,40.0
Random Uniform (d=5) (sample 5),27,2288,46.0
Random Uniform (d=5) (sample 5),28,2466,65.0
Random Uniform (d=5) (sample 5),29,2652,61.0
Random Uniform (d=5) (sample 5),30,2846,82.0
Random Uniform (d=5) (sample 5),31,3048,100.0
Random Uniform (d=5) (sample 5),32,3254,86.0
Random Uniform (d=5) (sample 5),33,3462,123.0
Random Uniform (d=5) (sample 5),34,3680,116.0
Random Uniform (d=5) (sample 5),35,3908,94.0
Random Uniform (d=5) (sample 5),36,4138,142.0
Random Uniform (d=5) (sample 5),37,4378,173.0
Random Uniform (d=5) (sample 5),38,4624,306.0
Random Uniform (d=5) (sample 5),39,4874,486.0
Random Uniform (d=5) (sample 5),40,5134,789.0
Random Uniform (d=5) (sample 5),41,5398,992.0
Random Uniform (d=5) (sample 5),42,5664,1067.0
Random Uniform (d=5) (sample 5),43,5940,1189.0
Random Uniform (d=5) (sample 5),44,6220,1430.0
Random Uniform (d=5) (sample 5),45,6506,1908.0
Random Uniform (d=5) (sample 5),46,6798,3172.0
Random Uniform (d=5) (sample 5),47,7092,3476.0
Random Uniform (d=5) (sample 5),48,7394,5636.0
Random Uniform (d=5) (sample 5),49,7706,8199.0
Random Uniform (d=5) (sample 5),50,8024,13842.0
Random Uniform (d=5) (sample 5),51,8348,25203.0
Random Uniform (d=5) (sample 5),52,8674,13027.0
Random Uniform (d=5) (sample 5),53,9006,4646.0
Random Uniform (d=5) (sample 5),54,9348,3414.0
Random Uniform (d=5) (sample 5),55,9692,4131.0
Random Uniform (d=5) (sample 5),56,10040,2625.0
Random Uniform (d=5) (sample 5),57,10390,3214.0
Random Uniform (d=5) (sample 5),58,10750,4311.0
Random Uniform (d=5) (sample 5),59,11120,6828.0
Random Uniform (d=5) (sample 5),60,11494,7667.0
Random Uniform (d=5) (sample 5),61,11870,8953.0
Random Uniform (d=5) (sample 5),62,12256,10381.0
Random Uniform (d=5) (sample 5),63,12652,14892.0
Random Uniform (d=5) (sample 5),64,13052,16331.0
Random Uniform (d=5) (sample 5),65,13460,25335.0
Random Uniform (d=5) (sample 5),66,13870,25747.0
Random Uniform (d=5) (sample 5),67,14290,27925.0
Random Uniform (d=5) (sample 5),68,14716,40729.0
Random Uniform (d=5) (sample 5),69,15146,76142.0
Random Uniform (d=5) (sample 5),70,15584,113694.0
Random Uniform (d=5) (sample 5),71,16030,148389.0
Random Uniform (d=5) (sample 5),72,16480,167131.0
Random Uniform (d=5) (sample 5),73,16938,163387.0
Random Uniform (d=5) (sample 5),74,17406,251848.0
Random Uniform (d=5) (sample 5),75,17882,198988.0
Random Uniform (d=5) (sample 5),76,18360,343936.0
Random Uniform (d=5) (sample 5),77,18844,503871.0
Random Uniform (d=5) (sample 5),78,19338,991419.0
Random Uniform (d=5) (sample 5),79,19836,1562508.0
Random Uniform (d=5) (sample 6),1,8,1.0
Random Uniform (d=5) (sample 6),2,26,1.0
Random Uniform (d=5) (sample 6),3,48,1.0
Random Uniform (d=5) (sample 6),4,80,2.0
Random Uniform (d=5) (sample 6),5,114,2.0
Random Uniform (d=5) (sample 6),6,152,2.0
Random Uniform (d=5) (sample 6),7,196,3.0
Random Uniform (d=5) (sample 6),8,244,6.0
Random Uniform (d=5) (sample 6),9,302,9.0
Random Uniform (d=5) (sample 6),10,370,12.0
Random Uniform (d=5) (sample 6),11,446,8.0
Random Uniform (d=5) (sample 6),12,528,10.0
Random Uniform (d=5) (sample 6),13,614,15.0
Random Uniform (d=5) (sample 6),14,706,22.0
Random Uniform (d=5) (sample 6),15,806,14.0
Random Uniform (d=5) (sample 6),16,912,25.0
Random Uniform (d=5) (sample 6),17,1024,35.0
Random Uniform (d=5) (sample 6),18,1140,70.0
Random Uniform (d=5) (sample 6),19,1262,109.0
Random Uniform (d=5) (sample 6),20,1392,126.0
Random Uniform (d=5) (sample 6),21,1524,197.0
Random Uniform (d=5) (sample 6),22,1658,70.0
Random Uniform (d=5) (sample 6),23,1802,87.0
Random Uniform (d=5) (sample 6),24,1948,132.0
Random Uniform (d=5) (sample 6),25,2098,182.0
Random Uniform (d=5) (sample 6),26,2258,342.0
Random Uniform (d=5) (sample 6),27,2420,374.0
Random Uniform (d=5) (sample 6),28,2584,420.0
Random Uniform (d=5) (sample 6),29,2758,614.0
Random Uniform (d=5) (sample 6),30,2936,433.0
Random Uniform (d=5) (sample 6),31,3124,504.0
Random Uniform (d=5) (sample 6),32,3316,474.0
Random Uniform (d=5) (sample 6),33,3512,482.0
Random Uniform (d=5) (sample 6),34,3716,731.0
Random Uniform (d=5) (sample 6),35,3922,1042.0
Random Uniform (d=5) (sample 6),36,4130,1329.0
Random Uniform (d=5) (sample 6),37,4344,1227.0
Random Uniform (d=5) (sample 6),38,4568,1537.0
Random Uniform (d=5) (sample 6),39,4800,1493.0
Random Uniform (d=5) (sample 6),40,5034,2456.0
Random Uniform (d=5) (sample 6),41,5274,1441.0
Random Uniform (d=5) (sample 6),42,5522,2157.0
Random Uniform (d=5) (sample 6),43,5774,2184.0
Random Uniform (d=5) (sample 6),44,6028,2963.0
Random Uniform (d=5) (sample 6),45,6292,4510.0
Random Uniform (d=5) (sample 6),46,6564,5876.0
Random Uniform (d=5) (sample 6),47,6842,9784.0
Random Uniform (d=5) (sample 6),48,7130,17454.0
Random Uniform (d=5) (sample 6),49,7422,27229.0
Random Uniform (d=5) (sample 6),50,7724,45515.0
Random Uniform (d=5) (sample 6),51,8032,86803.0
Random Uniform (d=5) (sample 6),52,8344,146488.0
Random Uniform (d=5) (sample 6),53,8662,261251.0
Random Uniform (d=5) (sample 6),54,8982,154933.0
Random Uniform (d=5) (sample 6),55,9308,189446.0
Random Uniform (d=5) (sample 6),56,9644,287588.0
Random Uniform (d=5) (sample 6),57,9982,419787.0
Random Uniform (d=5) (sample 6),58,10322,313422.0
Random Uniform (d=5) (sample 6),59,10670,389205.0
Random Uniform (d=5) (sample 6),60,11028,449460.0
Random Uniform (d=5) (sample 6),61,11396,457671.0
Random Uniform (d=5) (sample 6),62,11768,782565.0
Random Uniform (d=5) (sample 6),63,12146,747116.0
Random Uniform (d=5) (sample 6),64,12530,516066.0
Random Uniform (d=5) (sample 6),65,12924,445607.0
Random Uniform (d=5) (sample 6),66,13324,602351.0
Random Uniform (d=5) (sample 6),67,13734,846797.0
Random Uniform (d=5) (sample 6),68,14146,1062414.0
Random Uniform (d=5) (sample 6),69,14564,699677.0
Random Uniform (d=5) (sample 6),70,14988,960830.0
Random Uniform (d=5) (sample 6),71,15422,1683743.0
Random Uniform (d=5) (sample 6),72,15866,3233091.0
Random Uniform (d=5) (sample 6),73,16314,6193255.0
Random Uniform (d=5) (sample 6),74,16768,10876371.0
Random Uniform (d=5) (sample 6),75,17230,12306900.0
Random Uniform (d=5) (sample 6),76,17702,13818302.0
Random Uniform (d=5) (sample 6),77,18182,15823734.0
Random Uniform (d=5) (sample 6),78,18664,19063274.0
Random Uniform (d=5) (sample 6),79,19148,34842193.0
Random Uniform (d=5) (sample 6),80,19640,41725276.0
Random Uniform (d=5) (sample 7),1,4,1.0
Random Uniform (d=5) (sample 7),2,12,1.0
Random Uniform (d=5) (sample 7),3,30,1.0
Random Uniform (d=5) (sample 7),4,58,1.0
Random Uniform (d=5) (sample 7),5,94,1.0
Random Uniform (d=5) (sample 7),6,138,1.0
Random Uniform (d=5) (sample 7),7,192,1.0
Random Uniform (d=5) (sample 7),8,254,2.0
Random Uniform (d=5) (sample 7),9,322,3.0
Random Uniform (d=5) (sample 7),10,396,5.0
Random Uniform (d=5) (sample 7),11,472,6.0
Random Uniform (d=5) (sample 7),12,558,9.0
Random Uniform (d=5) (sample 7),13,650,9.0
Random Uniform (d=5) (sample 7),14,744,16.0
Random Uniform (d=5) (sample 7),15,842,16.0
Random Uniform (d=5) (sample 7),16,946,16.0
Random Uniform (d=5) (sample 7),17,1052,30.0
Random Uniform (d=5) (sample 7),18,1166,50.0
Random Uniform (d=5) (sample 7),19,1282,56.0
Random Uniform (d=5) (sample 7),20,1404,65.0
Random Uniform (d=5) (sample 7),21,1534,24.0
Random Uniform (d=5) (sample 7),22,1672,28.0
Random Uniform (d=5) (sample 7),23,1812,27.0
Random Uniform (d=5) (sample 7),24,1954,31.0
Random Uniform (d=5) (sample 7),25,2102,52.0
Random Uniform (d=5) (sample 7),26,2258,52.0
Random Uniform (d=5) (sample 7),27,2424,61.0
Random Uniform (d=5) (sample 7),28,2592,92.0
Random Uniform (d=5) (sample 7),29,2770,109.0
Random Uniform (d=5) (sample 7),30,2958,190.0
Random Uniform (d=5) (sample 7),31,3154,326.0
Random Uniform (d=5) (sample 7),32,3356,230.0
Random Uniform (d=5) (sample 7),33,3568,385.0
Random Uniform (d=5) (sample 7),34,3786,485.0
Random Uniform (d=5) (sample 7),35,4006,608.0
Random Uniform (d=5) (sample 7),36,4234,817.0
Random Uniform (d=5) (sample 7),37,4466,1253.0
Random Uniform (d=5) (sample 7),38,4706,1077.0
Random Uniform (d=5) (sample 7),39,4950,1225.0
Random Uniform (d=5) (sample 7),40,5196,783.0
Random Uniform (d=5) (sample 7),41,5448,1291.0
Random Uniform (d=5) (sample 7),42,5702,1087.0
Random Uniform (d=5) (sample 7),43,5964,1341.0
Random Uniform (d=5) (sample 7),44,6230,2070.0
Random Uniform (d=5) (sample 7),45,6500,1652.0
Random Uniform (d=5) (sample 7),46,6778,2578.0
Random Uniform (d=5) (sample 7),47,7064,4600.0
Random Uniform (d=5) (sample 7),48,7352,5115.0
Random Uniform (d=5) (sample 7),49,7650,8112.0
Random Uniform (d=5) (sample 7),50,7952,11921.0
Random Uniform (d=5) (sample 7),51,8262,19568.0
Random Uniform (d=5) (sample 7),52,8574,34374.0
Random Uniform (d=5) (sample 7),53,8896,64835.0
Random Uniform (d=5) (sample 7),54,9224,33580.0
Random Uniform (d=5) (sample 7),55,9560,56294.0
Random Uniform (d=5) (sample 7),56,9906,94475.0
Random Uniform (d=5) (sample 7),57,10258,145052.0
Random Uniform (d=5) (sample 7),58,10616,192424.0
Random Uniform (d=5) (sample 7),59,10976,182745.0
Random Uniform (d=5) (sample 7),60,11340,74544.0
Random Uniform (d=5) (sample 7),61,11712,71374.0
Random Uniform (d=5) (sample 7),62,12094,110790.0
Random Uniform (d=5) (sample 7),63,12482,151332.0
Random Uniform (d=5) (sample 7),64,12874,261280.0
Random Uniform (d=5) (sample 7),65,13272,392346.0
Random Uniform (d=5) (sample 7),66,13678,607408.0
Random Uniform (d=5) (sample 7),67,14092,231442.0
Random Uniform (d=5) (sample 7),68,14508,402630.0
Random Uniform (d=5) (sample 7),69,14932,240340.0
Random Uniform (d=5) (sample 7),70,15364,387009.0
Random Uniform (d=5) (sample 7),71,15804,316363.0
Random Uniform (d=5) (sample 7),72,16248,318272.0
Random Uniform (d=5) (sample 7),73,16702,417689.0
Random Uniform (d=5) (sample 7),74,17166,454583.0
Random Uniform (d=5) (sample 7),75,17638,743224.0
Random Uniform (d=5) (sample 7),76,18120,336759.0
Random Uniform (d=5) (sample 7),77,18610,329302.0
Random Uniform (d=5) (sample 7),78,19110,382160.0
Random Uniform (d=5) (sample 7),79,19620,469217.0
Random Uniform (d=5) (sample 8),1,10,1.0
Random Uniform (d=5) (sample 8),2,28,1.0
Random Uniform (d=5) (sample 8),3,52,1.0
Random Uniform (d=5) (sample 8),4,86,1.0
Random Uniform (d=5) (sample 8),5,130,1.0
Random Uniform (d=5) (sample 8),6,178,2.0
Random Uniform (d=5) (sample 8),7,234,2.0
Random Uniform (d=5) (sample 8),8,300,2.0
Random Uniform (d=5) (sample 8),9,374,3.0
Random Uniform (d=5) (sample 8),10,452,4.0
Random Uniform (d=5) (sample 8),11,538,5.0
Random Uniform (d=5) (sample 8),12,632,9.0
Random Uniform (d=5) (sample 8),13,730,11.0
Random Uniform (d=5) (sample 8),14,838,14.0
Random Uniform (d=5) (sample 8),15,954,21.0
Random Uniform (d=5) (sample 8),16,1076,12.0
Random Uniform (d=5) (sample 8),17,1208,20.0
Random Uniform (d=5) (sample 8),18,1344,35.0
Random Uniform (d=5) (sample 8),19,1482,22.0
Random Uniform (d=5) (sample 8),20,1626,36.0
Random Uniform (d=5) (sample 8),21,1780,47.0
Random Uniform (d=5) (sample 8),22,1938,67.0
Random Uniform (d=5) (sample 8),23,2102,44.0
Random Uniform (d=5) (sample 8),24,2276,74.0
Random Uniform (d=5) (sample 8),25,2452,82.0
Random Uniform (d=5) (sample 8),26,2638,65.0
Random Uniform (d=5) (sample 8),27,2826,99.0
Random Uniform (d=5) (sample 8),28,3016,112.0
Random Uniform (d=5) (sample 8),29,3214,132.0
Random Uniform (d=5) (sample 8),30,3416,143.0
Random Uniform (d=5) (sample 8),31,3626,192.0
Random Uniform (d=5) (sample 8),32,3838,303.0
Random Uniform (d=5) (sample 8),33,4054,316.0
Random Uniform (d=5) (sample 8),34,4274,463.0
Random Uniform (d=5) (sample 8),35,4498,684.0
Random Uniform (d=5) (sample 8),36,4728,851.0
Random Uniform (d=5) (sample 8),37,4968,1147.0
Random Uniform (d=5) (sample 8),38,5210,1349.0
Random Uniform (d=5) (sample 8),39,5456,2055.0
Random Uniform (d=5) (sample 8),40,5708,2686.0
Random Uniform (d=5) (sample 8),41,5966,3920.0
Random Uniform (d=5) (sample 8),42,6226,4738.0
Random Uniform (d=5) (sample 8),43,6494,6825.0
Random Uniform (d=5) (sample 8),44,6768,8974.0
Random Uniform (d=5) (sample 8),45,7044,11800.0
Random Uniform (d=5) (sample 8),46,7326,16469.0
Random Uniform (d=5) (sample 8),47,7610,24039.0
Random Uniform (d=5) (sample 8),48,7898,33556.0
Random Uniform (d=5) (sample 8),49,8194,45752.0
Random Uniform (d=5) (sample 8),50,8496,63349.0
Random Uniform (d=5) (sample 8),51,8804,85589.0
Random Uniform (d=5) (sample 8),52,9118,116270.0
Random Uniform (d=5) (sample 8),53,9442,151790.0
Random Uniform (d=5) (sample 8),54,9776,185135.0
Random Uniform (d=5) (sample 8),55,10114,237136.0
Random Uniform (d=5) (sample 8),56,10458,300379.0
Random Uniform (d=5) (sample 8),57,10810,376855.0
Random Uniform (d=5) (sample 8),58,11172,446049.0
Random Uniform (d=5) (sample 8),59,11536,562517.0
Random Uniform (d=5) (sample 8),60,11902,729431.0
Random Uniform (d=5) (sample 8),61,12270,983045.0
Random Uniform (d=5) (sample 8),62,12642,1294550.0
Random Uniform (d=5) (sample 8),63,13020,1716516.0
Random Uniform (d=5) (sample 8),64,13404,2259394.0
Random Uniform (d=5) (sample 8),65,13798,2982935.0
Random Uniform (d=5) (sample 8),66,14194,4123760.0
Random Uniform (d=5) (sample 8),67,14594,5138940.0
Random Uniform (d=5) (sample 8),68,15002,6899103.0
Random Uniform (d=5) (sample 8),69,15416,8538531.0
Random Uniform (d=5) (sample 8),70,15836,11231528.0
Random Uniform (d=5) (sample 8),71,16260,15270602.0
Random Uniform (d=5) (sample 8),72,16694,19691433.0
Random Uniform (d=5) (sample 8),73,17132,27205085.0
Random Uniform (d=5) (sample 8),74,17580,36482354.0
Random Uniform (d=5) (sample 8),75,18034,48031626.0
Random Uniform (d=5) (sample 8),76,18498,67630175.0
Random Uniform (d=5) (sample 8),77,18972,79244915.0
Random Uniform (d=5) (sample 8),78,19456,71531006.0
Random Uniform (d=5) (sample 8),79,19950,92687708.0
Random Uniform (d=5) (sample 9),1,2,1.0
Random Uniform (d=5) (sample 9),2,10,1.0
Random Uniform (d=5) (sample 9),3,22,1.0
Random Uniform (d=5) (sample 9),4,38,1.0
Random Uniform (d=5) (sample 9),5,62,1.0
Random Uniform (d=5) (sample 9),6,94,2.0
Random Uniform (d=5) (sample 9),7,128,3.0
Random Uniform (d=5) (sample 9),8,172,3.0
Random Uniform (d=5) (sample 9),9,218,4.0
Random Uniform (d=5) (sample 9),10,268,4.0
Random Uniform (d=5) (sample 9),11,324,3.0
Random Uniform (d=5) (sample 9),12,388,5.0
Random Uniform (d=5) (sample 9),13,456,7.0
Random Uniform (d=5) (sample 9),14,526,12.0
Random Uniform (d=5) (sample 9),15,606,6.0
Random Uniform (d=5) (sample 9),16,692,9.0
Random Uniform (d=5) (sample 9),17,788,15.0
Random Uniform (d=5) (sample 9),18,886,14.0
Random Uniform (d=5) (sample 9),19,986,16.0
Random Uniform (d=5) (sample 9),20,1090,18.0
Random Uniform (d=5) (sample 9),21,1200,22.0
Random Uniform (d=5) (sample 9),22,1312,21.0
Random Uniform (d=5) (sample 9),23,1428,28.0
Random Uniform (d=5) (sample 9),24,1546,40.0
Random Uniform (d=5) (sample 9),25,1668,63.0
Random Uniform (d=5) (sample 9),26,1800,76.0
Random Uniform (d=5) (sample 9),27,1936,103.0
Random Uniform (d=5) (sample 9),28,2082,95.0
Random Uniform (d=5) (sample 9),29,2236,111.0
Random Uniform (d=5) (sample 9),30,2392,117.0
Random Uniform (d=5) (sample 9),31,2556,187.0
Random Uniform (d=5) (sample 9),32,2726,224.0
Random Uniform (d=5) (sample 9),33,2904,362.0
Random Uniform (d=5) (sample 9),34,3086,445.0
Random Uniform (d=5) (sample 9),35,3272,492.0
Random Uniform (d=5) (sample 9),36,3464,873.0
Random Uniform (d=5) (sample 9),37,3662,938.0
Random Uniform (d=5) (sample 9),38,3862,1084.0
Random Uniform (d=5) (sample 9),39,4066,1608.0
Random Uniform (d=5) (sample 9),40,4276,2842.0
Random Uniform (d=5) (sample 9),41,4494,3902.0
Random Uniform (d=5) (sample 9),42,4716,4137.0
Random Uniform (d=5) (sample 9),43,4944,4425.0
Random Uniform (d=5) (sample 9),44,5174,7660.0
Random Uniform (d=5) (sample 9),45,5414,13090.0
Random Uniform (d=5) (sample 9),46,5658,14400.0
Random Uniform (d=5) (sample 9),47,5906,18790.0
Random Uniform (d=5) (sample 9),48,6158,15667.0
Random Uniform (d=5) (sample 9),49,6414,4967.0
Random Uniform (d=5) (sample 9),50,6680,7523.0
Random Uniform (d=5) (sample 9),51,6956,14397.0
Random Uniform (d=5) (sample 9),52,7234,9393.0
Random Uniform (d=5) (sample 9),53,7516,11997.0
Random Uniform (d=5) (sample 9),54,7804,20224.0
Random Uniform (d=5) (sample 9),55,8100,29783.0
Random Uniform (d=5) (sample 9),56,8400,48758.0
Random Uniform (d=5) (sample 9),57,8710,28467.0
Random Uniform (d=5) (sample 9),58,9022,50566.0
Random Uniform (d=5) (sample 9),59,9338,55703.0
Random Uniform (d=5) (sample 9),60,9656,102951.0
Random Uniform (d=5) (sample 9),61,9980,195930.0
Random Uniform (d=5) (sample 9),62,10310,385512.0
Random Uniform (d=5) (sample 9),63,10646,747299.0
Random Uniform (d=5) (sample 9),64,10988,1455744.0
Random Uniform (d=5) (sample 9),65,11338,939450.0
Random Uniform (d=5) (sample 9),66,11690,1220391.0
Random Uniform (d=5) (sample 9),67,12046,755363.0
Random Uniform (d=5) (sample 9),68,12410,1045459.0
Random Uniform (d=5) (sample 9),69,12778,572369.0
Random Uniform (d=5) (sample 9),70,13156,1064012.0
Random Uniform (d=5) (sample 9),71,13542,572837.0
Random Uniform (d=5) (sample 9),72,13936,604719.0
Random Uniform (d=5) (sample 9),73,14340,267762.0
Random Uniform (d=5) (sample 9),74,14752,418790.0
Random Uniform (d=5) (sample 9),75,15166,605447.0
Random Uniform (d=5) (sample 9),76,15586,1069667.0
Random Uniform (d=5) (sample 9),77,16010,1682432.0
Random Uniform (d=5) (sample 9),78,16444,381799.0
Random Uniform (d=5) (sample 9),79,16884,327435.0
Random Uniform (d=5) (sample 9),80,17332,358194.0
Random Uniform (d=5) (sample 9),81,17782,467629.0
Random Uniform (d=5) (sample 9),82,18240,356579.0
Random Uniform (d=5) (sample 9),83,18708,501431.0
Random Uniform (d=5) (sample 9),84,19184,491149.0
Random Uniform (d=5) (sample 9),85,19662,720094.0
Random Uniform (d=5) (sample 10),1,2,1.0
Random Uniform (d=5) (sample 10),2,8,1.0
Random Uniform (d=5) (sample 10),3,24,1.0
Random Uniform (d=5) (sample 10),4,46,1.0
Random Uniform (d=5) (sample 10),5,74,1.0
Random Uniform (d=5) (sample 10),6,112,2.0
Random Uniform (d=5) (sample 10),7,154,2.0
Random Uniform (d=5) (sample 10),8,204,2.0
Random Uniform (d=5) (sample 10),9,262,3.0
Random Uniform (d=5) (sample 10),10,324,3.0
Random Uniform (d=5) (sample 10),11,394,5.0
Random Uniform (d=5) (sample 10),12,468,5.0
Random Uniform (d=5) (sample 10),13,548,7.0
Random Uniform (d=5) (sample 10),14,634,5.0
Random Uniform (d=5) (sample 10),15,730,8.0
Random Uniform (d=5) (sample 10),16,830,14.0
Random Uniform (d=5) (sample 10),17,938,18.0
Random Uniform (d=5) (sample 10),18,1050,20.0
Random Uniform (d=5) (sample 10),19,1164,23.0
Random Uniform (d=5) (sample 10),20,1288,23.0
Random Uniform (d=5) (sample 10),21,1414,32.0
Random Uniform (d=5) (sample 10),22,1550,37.0
Random Uniform (d=5) (sample 10),23,1696,41.0
Random Uniform (d=5) (sample 10),24,1852,41.0
Random Uniform (d=5) (sample 10),25,2010,36.0
Random Uniform (d=5) (sample 10),26,2178,56.0
Random Uniform (d=5) (sample 10),27,2350,93.0
Random Uniform (d=5) (sample 10),28,2526,120.0
Random Uniform (d=5) (sample 10),29,2704,147.0
Random Uniform (d=5) (sample 10),30,2888,129.0
Random Uniform (d=5) (sample 10),31,3078,142.0
Random Uniform (d=5) (sample 10),32,3270,160.0
Random Uniform (d=5) (sample 10),33,3472,240.0
Random Uniform (d=5) (sample 10),34,3684,456.0
Random Uniform (d=5) (sample 10),35,3906,633.0
Random Uniform (d=5) (sample 10),36,4130,1232.0
Random Uniform (d=5) (sample 10),37,4364,2109.0
Random Uniform (d=5) (sample 10),38,4602,2574.0
Random Uniform (d=5) (sample 10),39,4850,4058.0
Random Uniform (d=5) (sample 10),40,5100,3392.0
Random Uniform (d=5) (sample 10),41,5360,4660.0
Random Uniform (d=5) (sample 10),42,5624,6818.0
Random Uniform (d=5) (sample 10),43,5890,6184.0
Random Uniform (d=5) (sample 10),44,6162,3225.0
Random Uniform (d=5) (sample 10),45,6436,3247.0
Random Uniform (d=5) (sample 10),46,6718,1779.0
Random Uniform (d=5) (sample 10),47,7006,2527.0
Random Uniform (d=5) (sample 10),48,7300,2482.0
Random Uniform (d=5) (sample 10),49,7596,3042.0
Random Uniform (d=5) (sample 10),50,7900,4501.0
Random Uniform (d=5) (sample 10),51,8210,7862.0
Random Uniform (d=5) (sample 10),52,8530,15398.0
Random Uniform (d=5) (sample 10),53,8858,8221.0
Random Uniform (d=5) (sample 10),54,9194,11514.0
Random Uniform (d=5) (sample 10),55,9532,11070.0
Random Uniform (d=5) (sample 10),56,9872,19175.0
Random Uniform (d=5) (sample 10),57,10214,26262.0
Random Uniform (d=5) (sample 10),58,10564,40427.0
Random Uniform (d=5) (sample 10),59,10918,72230.0
Random Uniform (d=5) (sample 10),60,11274,118821.0
Random Uniform (d=5) (sample 10),61,11634,38948.0
Random Uniform (d=5) (sample 10),62,12000,67211.0
Random Uniform (d=5) (sample 10),63,12376,51572.0
Random Uniform (d=5) (sample 10),64,12762,96730.0
Random Uniform (d=5) (sample 10),65,13152,126289.0
Random Uniform (d=5) (sample 10),66,13550,175433.0
Random Uniform (d=5) (sample 10),67,13958,303437.0
Random Uniform (d=5) (sample 10),68,14370,552132.0
Random Uniform (d=5) (sample 10),69,14784,452237.0
Random Uniform (d=5) (sample 10),70,15202,613500.0
Random Uniform (d=5) (sample 10),71,15626,730877.0
Random Uniform (d=5) (sample 10),72,16054,745760.0
Random Uniform (d=5) (sample 10),73,16484,415957.0
Random Uniform (d=5) (sample 10),74,16918,696385.0
Random Uniform (d=5) (sample 10),75,17354,813151.0
Random Uniform (d=5) (sample 10),76,17792,514192.0
Random Uniform (d=5) (sample 10),77,18236,894584.0
Random Uniform (d=5) (sample 10),78,18686,504412.0
Random Uniform (d=5) (sample 10),79,19146,695363.0
Random Uniform (d=5) (sample 10),80,19608,570414.0
Random Uniform (d=5) (sample 11),1,10,1.0
Random Uniform (d=5) (sample 11),2,22,1.0
Random Uniform (d=5) (sample 11),3,44,1.0
Random Uniform (d=5) (sample 11),4,68,2.0
Random Uniform (d=5) (sample 11),5,96,2.0
Random Uniform (d=5) (sample 11),6,128,2.0
Random Uniform (d=5) (sample 11),7,170,2.0
Random Uniform (d=5) (sample 11),8,218,3.0
Random Uniform (d=5) (sample 11),9,268,5.0
Random Uniform (d=5) (sample 11),10,324,6.0
Random Uniform (d=5) (sample 11),11,388,8.0
Random Uniform (d=5) (sample 11),12,456,7.0
Random Uniform (d=5) (sample 11),13,526,10.0
Random Uniform (d=5) (sample 11),14,600,16.0
Random Uniform (d=5) (sample 11),15,682,23.0
Random Uniform (d=5) (sample 11),16,774,17.0
Random Uniform (d=5) (sample 11),17,868,19.0
Random Uniform (d=5) (sample 11),18,964,29.0
Random Uniform (d=5) (sample 11),19,1062,23.0
Random Uniform (d=5) (sample 11),20,1170,33.0
Random Uniform (d=5) (sample 11),21,1282,33.0
Random Uniform (d=5) (sample 11),22,1404,46.0
Random Uniform (d=5) (sample 11),23,1530,60.0
Random Uniform (d=5) (sample 11),24,1658,84.0
Random Uniform (d=5) (sample 11),25,1796,93.0
Random Uniform (d=5) (sample 11),26,1942,122.0
Random Uniform (d=5) (sample 11),27,2098,125.0
Random Uniform (d=5) (sample 11),28,2258,119.0
Random Uniform (d=5) (sample 11),29,2420,156.0
Random Uniform (d=5) (sample 11),30,2586,157.0
Random Uniform (d=5) (sample 11),31,2758,300.0
Random Uniform (d=5) (sample 11),32,2932,414.0
Random Uniform (d=5) (sample 11),33,3114,566.0
Random Uniform (d=5) (sample 11),34,3304,1049.0
Random Uniform (d=5) (sample 11),35,3500,1145.0
Random Uniform (d=5) (sample 11),36,3700,1855.0
Random Uniform (d=5) (sample 11),37,3908,3355.0
Random Uniform (d=5) (sample 11),38,4120,921.0
Random Uniform (d=5) (sample 11),39,4334,1256.0
Random Uniform (d=5) (sample 11),40,4558,2084.0
Random Uniform (d=5) (sample 11),41,4784,3945.0
Random Uniform (d=5) (sample 11),42,5014,3714.0
Random Uniform (d=5) (sample 11),43,5250,3131.0
Random Uniform (d=5) (sample 11),44,5488,1461.0
Random Uniform (d=5) (sample 11),45,5734,1349.0
Random Uniform (d=5) (sample 11),46,5982,1242.0
Random Uniform (d=5) (sample 11),47,6232,1729.0
Random Uniform (d=5) (sample 11),48,6484,2681.0
Random Uniform (d=5) (sample 11),49,6742,2476.0
Random Uniform (d=5) (sample 11),50,7004,3684.0
Random Uniform (d=5) (sample 11),51,7272,4561.0
Random Uniform (d=5) (sample 11),52,7548,7683.0
Random Uniform (d=5) (sample 11),53,7828,8889.0
Random Uniform (d=5) (sample 11),54,8116,10699.0
Random Uniform (d=5) (sample 11),55,8408,13191.0
Random Uniform (d=5) (sample 11),56,8704,16481.0
Random Uniform (d=5) (sample 11),57,9002,19490.0
Random Uniform (d=5) (sample 11),58,9302,20358.0
Random Uniform (d=5) (sample 11),59,9608,28863.0
Random Uniform (d=5) (sample 11),60,9918,32654.0
Random Uniform (d=5) (sample 11),61,10236,41107.0
Random Uniform (d=5) (sample 11),62,10556,57251.0
Random Uniform (d=5) (sample 11),63,10884,76048.0
Random Uniform (d=5) (sample 11),64,11214,103277.0
Random Uniform (d=5) (sample 11),65,11548,112071.0
Random Uniform (d=5) (sample 11),66,11890,135338.0
Random Uniform (d=5) (sample 11),67,12238,174417.0
Random Uniform (d=5) (sample 11),68,12592,211017.0
Random Uniform (d=5) (sample 11),69,12952,249672.0
Random Uniform (d=5) (sample 11),70,13314,314986.0
Random Uniform (d=5) (sample 11),71,13678,414809.0
Random Uniform (d=5) (sample 11),72,14048,530039.0
Random Uniform (d=5) (sample 11),73,14426,661142.0
Random Uniform (d=5) (sample 11),74,14806,877130.0
Random Uniform (d=5) (sample 11),75,15192,1086479.0
Random Uniform (d=5) (sample 11),76,15580,1384950.0
Random Uniform (d=5) (sample 11),77,15978,1720665.0
Random Uniform (d=5) (sample 11),78,16384,2086415.0
Random Uniform (d=5) (sample 11),79,16794,2519586.0
Random Uniform (d=5) (sample 11),80,17212,3065516.0
Random Uniform (d=5) (sample 11),81,17634,3713237.0
Random Uniform (d=5) (sample 11),82,18062,4391526.0
Random Uniform (d=5) (sample 11),83,18492,5352324.0
Random Uniform (d=5) (sample 11),84,18928,6787028.0
Random Uniform (d=5) (sample 11),85,19368,8112990.0
Random Uniform (d=5) (sample 11),86,19818,9709705.0
Random Uniform (d=5) (sample 12),1,6,1.0
Random Uniform (d=5) (sample 12),2,18,1.0
Random Uniform (d=5) (sample 12),3,34,1.0
Random Uniform (d=5) (sample 12),4,58,1.0
Random Uniform (d=5) (sample 12),5,84,1.0
Random Uniform (d=5) (sample 12),6,118,2.0
Random Uniform (d=5) (sample 12),7,160,3.0
Random Uniform (d=5) (sample 12),8,212,5.0
Random Uniform (d=5) (sample 12),9,274,9.0
Random Uniform (d=5) (sample 12),10,340,10.0
Random Uniform (d=5) (sample 12),11,408,6.0
Random Uniform (d=5) (sample 12),12,482,7.0
Random Uniform (d=5) (sample 12),13,558,10.0
Random Uniform (d=5) (sample 12),14,636,11.0
Random Uniform (d=5) (sample 12),15,716,9.0
Random Uniform (d=5) (sample 12),16,800,14.0
Random Uniform (d=5) (sample 12),17,888,25.0
Random Uniform (d=5) (sample 12),18,978,21.0
Random Uniform (d=5) (sample 12),19,1074,20.0
Random Uniform (d=5) (sample 12),20,1176,26.0
Random Uniform (d=5) (sample 12),21,1284,28.0
Random Uniform (d=5) (sample 12),22,1396,46.0
Random Uniform (d=5) (sample 12),23,1518,58.0
Random Uniform (d=5) (sample 12),24,1646,46.0
Random Uniform (d=5) (sample 12),25,1784,67.0
Random Uniform (d=5) (sample 12),26,1924,102.0
Random Uniform (d=5) (sample 12),27,2070,81.0
Random Uniform (d=5) (sample 12),28,2218,102.0
Random Uniform (d=5) (sample 12),29,2368,107.0
Random Uniform (d=5) (sample 12),30,2526,130.0
Random Uniform (d=5) (sample 12),31,2686,166.0
Random Uniform (d=5) (sample 12),32,2848,190.0
Random Uniform (d=5) (sample 12),33,3014,272.0
Random Uniform (d=5) (sample 12),34,3182,445.0
Random Uniform (d=5) (sample 12),35,3356,388.0
Random Uniform (d=5) (sample 12),36,3534,611.0
Random Uniform (d=5) (sample 12),37,3720,999.0
Random Uniform (d=5) (sample 12),38,3914,1624.0
Random Uniform (d=5) (sample 12),39,4110,2901.0
Random Uniform (d=5) (sample 12),40,4316,4382.0
Random Uniform (d=5) (sample 12),41,4530,8277.0
Random Uniform (d=5) (sample 12),42,4752,14636.0
Random Uniform (d=5) (sample 12),43,4982,19712.0
Random Uniform (d=5) (sample 12),44,5218,6229.0
Random Uniform (d=5) (sample 12),45,5464,8251.0
Random Uniform (d=5) (sample 12),46,5712,9039.0
Random Uniform (d=5) (sample 12),47,5962,15258.0
Random Uniform (d=5) (sample 12),48,6216,9874.0
Random Uniform (d=5) (sample 12),49,6476,13396.0
Random Uniform (d=5) (sample 12),50,6746,13565.0
Random Uniform (d=5) (sample 12),51,7020,18525.0
Random Uniform (d=5) (sample 12),52,7304,34618.0
Random Uniform (d=5) (sample 12),53,7596,52187.0
Random Uniform (d=5) (sample 12),54,7898,97865.0
Random Uniform (d=5) (sample 12),55,8204,78667.0
Random Uniform (d=5) (sample 12),56,8516,145160.0
Random Uniform (d=5) (sample 12),57,8834,137108.0
Random Uniform (d=5) (sample 12),58,9160,51263.0
Random Uniform (d=5) (sample 12),59,9488,86021.0
Random Uniform (d=5) (sample 12),60,9820,113306.0
Random Uniform (d=5) (sample 12),61,10154,32192.0
Random Uniform (d=5) (sample 12),62,10496,33765.0
Random Uniform (d=5) (sample 12),63,10848,32916.0
Random Uniform (d=5) (sample 12),64,11210,41643.0
Random Uniform (d=5) (sample 12),65,11580,65715.0
Random Uniform (d=5) (sample 12),66,11956,97938.0
Random Uniform (d=5) (sample 12),67,12336,177951.0
Random Uniform (d=5) (sample 12),68,12724,295668.0
Random Uniform (d=5) (sample 12),69,13120,152822.0
Random Uniform (d=5) (sample 12),70,13520,105679.0
Random Uniform (d=5) (sample 12),71,13926,192981.0
Random Uniform (d=5) (sample 12),72,14338,123107.0
Random Uniform (d=5) (sample 12),73,14754,235461.0
Random Uniform (d=5) (sample 12),74,15172,296895.0
Random Uniform (d=5) (sample 12),75,15600,380087.0
Random Uniform (d=5) (sample 12),76,16032,315102.0
Random Uniform (d=5) (sample 12),77,16470,435742.0
Random Uniform (d=5) (sample 12),78,16910,434725.0
Random Uniform (d=5) (sample 12),79,17358,390944.0
Random Uniform (d=5) (sample 12),80,17814,708334.0
Random Uniform (d=5) (sample 12),81,18278,577800.0
Random Uniform (d=5) (sample 12),82,18752,790436.0
Random Uniform (d=5) (sample 12),83,19232,468201.0
Random Uniform (d=5) (sample 12),84,19714,843957.0
Random Uniform (d=5) (sample 13),1,4,1.0
Random Uniform (d=5) (sample 13),2,16,1.0
Random Uniform (d=5) (sample 13),3,32,1.0
Random Uniform (d=5) (sample 13),4,50,1.0
Random Uniform (d=5) (sample 13),5,76,2.0
Random Uniform (d=5) (sample 13),6,104,2.0
Random Uniform (d=5) (sample 13),7,138,3.0
Random Uniform (d=5) (sample 13),8,176,3.0
Random Uniform (d=5) (sample 13),9,224,5.0
Random Uniform (d=5) (sample 13),10,280,6.0
Random Uniform (d=5) (sample 13),11,338,10.0
Random Uniform (d=5) (sample 13),12,404,13.0
Random Uniform (d=5) (sample 13),13,472,21.0
Random Uniform (d=5) (sample 13),14,546,19.0
Random Uniform (d=5) (sample 13),15,630,21.0
Random Uniform (d=5) (sample 13),16,722,15.0
Random Uniform (d=5) (sample 13),17,822,10.0
Random Uniform (d=5) (sample 13),18,924,13.0
Random Uniform (d=5) (sample 13),19,1028,20.0
Random Uniform (d=5) (sample 13),20,1140,34.0
Random Uniform (d=5) (sample 13),21,1258,29.0
Random Uniform (d=5) (sample 13),22,1384,35.0
Random Uniform (d=5) (sample 13),23,1514,28.0
Random Uniform (d=5) (sample 13),24,1648,40.0
Random Uniform (d=5) (sample 13),25,1790,42.0
Random Uniform (d=5) (sample 13),26,1938,41.0
Random Uniform (d=5) (sample 13),27,2088,33.0
Random Uniform (d=5) (sample 13),28,2240,55.0
Random Uniform (d=5) (sample 13),29,2400,52.0
Random Uniform (d=5) (sample 13),30,2570,65.0
Random Uniform (d=5) (sample 13),31,2742,84.0
Random Uniform (d=5) (sample 13),32,2918,66.0
Random Uniform (d=5) (sample 13),33,3098,69.0
Random Uniform (d=5) (sample 13),34,3288,134.0
Random Uniform (d=5) (sample 13),35,3488,125.0
Random Uniform (d=5) (sample 13),36,3692,170.0
Random Uniform (d=5) (sample 13),37,3904,276.0
Random Uniform (d=5) (sample 13),38,4124,362.0
Random Uniform (d=5) (sample 13),39,4352,458.0
Random Uniform (d=5) (sample 13),40,4584,477.0
Random Uniform (d=5) (sample 13),41,4826,848.0
Random Uniform (d=5) (sample 13),42,5074,783.0
Random Uniform (d=5) (sample 13),43,5326,1198.0
Random Uniform (d=5) (sample 13),44,5582,807.0
Random Uniform (d=5) (sample 13),45,5840,963.0
Random Uniform (d=5) (sample 13),46,6106,1174.0
Random Uniform (d=5) (sample 13),47,6374,1830.0
Random Uniform (d=5) (sample 13),48,6646,1701.0
Random Uniform (d=5) (sample 13),49,6922,2537.0
Random Uniform (d=5) (sample 13),50,7202,2999.0
Random Uniform (d=5) (sample 13),51,7488,4318.0
Random Uniform (d=5) (sample 13),52,7776,5703.0
Random Uniform (d=5) (sample 13),53,8074,9405.0
Random Uniform (d=5) (sample 13),54,8380,15670.0
Random Uniform (d=5) (sample 13),55,8694,12011.0
Random Uniform (d=5) (sample 13),56,9014,18489.0
Random Uniform (d=5) (sample 13),57,9336,13977.0
Random Uniform (d=5) (sample 13),58,9666,23546.0
Random Uniform (d=5) (sample 13),59,10000,19922.0
Random Uniform (d=5) (sample 13),60,10336,36618.0
Random Uniform (d=5) (sample 13),61,10680,64394.0
Random Uniform (d=5) (sample 13),62,11026,54426.0
Random Uniform (d=5) (sample 13),63,11378,90750.0
Random Uniform (d=5) (sample 13),64,11740,56858.0
Random Uniform (d=5) (sample 13),65,12112,62041.0
Random Uniform (d=5) (sample 13),66,12486,107724.0
Random Uniform (d=5) (sample 13),67,12866,139013.0
Random Uniform (d=5) (sample 13),68,13254,217199.0
Random Uniform (d=5) (sample 13),69,13646,231625.0
Random Uniform (d=5) (sample 13),70,14040,177938.0
Random Uniform (d=5) (sample 13),71,14436,241195.0
Random Uniform (d=5) (sample 13),72,14840,351978.0
Random Uniform (d=5) (sample 13),73,15248,309700.0
Random Uniform (d=5) (sample 13),74,15660,382260.0
Random Uniform (d=5) (sample 13),75,16080,699302.0
Random Uniform (d=5) (sample 13),76,16502,1125345.0
Random Uniform (d=5) (sample 13),77,16932,1643620.0
Random Uniform (d=5) (sample 13),78,17372,510086.0
Random Uniform (d=5) (sample 13),79,17820,382039.0
Random Uniform (d=5) (sample 13),80,18274,404201.0
Random Uniform (d=5) (sample 13),81,18730,392627.0
Random Uniform (d=5) (sample 13),82,19192,365967.0
Random Uniform (d=5) (sample 13),83,19656,417709.0
Random Uniform (d=5) (sample 14),1,10,1.0
Random Uniform (d=5) (sample 14),2,28,1.0
Random Uniform (d=5) (sample 14),3,52,1.0
Random Uniform (d=5) (sample 14),4,78,1.0
Random Uniform (d=5) (sample 14),5,110,2.0
Random Uniform (d=5) (sample 14),6,152,2.0
Random Uniform (d=5) (sample 14),7,198,2.0
Random Uniform (d=5) (sample 14),8,246,3.0
Random Uniform (d=5) (sample 14),9,304,3.0
Random Uniform (d=5) (sample 14),10,372,4.0
Random Uniform (d=5) (sample 14),11,444,4.0
Random Uniform (d=5) (sample 14),12,526,3.0
Random Uniform (d=5) (sample 14),13,616,4.0
Random Uniform (d=5) (sample 14),14,710,6.0
Random Uniform (d=5) (sample 14),15,806,7.0
Random Uniform (d=5) (sample 14),16,904,12.0
Random Uniform (d=5) (sample 14),17,1008,17.0
Random Uniform (d=5) (sample 14),18,1120,21.0
Random Uniform (d=5) (sample 14),19,1240,22.0
Random Uniform (d=5) (sample 14),20,1362,22.0
Random Uniform (d=5) (sample 14),21,1494,26.0
Random Uniform (d=5) (sample 14),22,1634,33.0
Random Uniform (d=5) (sample 14),23,1782,46.0
Random Uniform (d=5) (sample 14),24,1940,40.0
Random Uniform (d=5) (sample 14),25,2102,64.0
Random Uniform (d=5) (sample 14),26,2274,59.0
Random Uniform (d=5) (sample 14),27,2452,62.0
Random Uniform (d=5) (sample 14),28,2636,88.0
Random Uniform (d=5) (sample 14),29,2822,122.0
Random Uniform (d=5) (sample 14),30,3012,73.0
Random Uniform (d=5) (sample 14),31,3210,91.0
Random Uniform (d=5) (sample 14),32,3410,157.0
Random Uniform (d=5) (sample 14),33,3612,205.0
Random Uniform (d=5) (sample 14),34,3822,209.0
Random Uniform (d=5) (sample 14),35,4040,159.0
Random Uniform (d=5) (sample 14),36,4268,222.0
Random Uniform (d=5) (sample 14),37,4502,216.0
Random Uniform (d=5) (sample 14),38,4744,311.0
Random Uniform (d=5) (sample 14),39,4996,340.0
Random Uniform (d=5) (sample 14),40,5254,408.0
Random Uniform (d=5) (sample 14),41,5516,387.0
Random Uniform (d=5) (sample 14),42,5782,527.0
Random Uniform (d=5) (sample 14),43,6052,624.0
Random Uniform (d=5) (sample 14),44,6330,1012.0
Random Uniform (d=5) (sample 14),45,6614,778.0
Random Uniform (d=5) (sample 14),46,6904,1015.0
Random Uniform (d=5) (sample 14),47,7198,1445.0
Random Uniform (d=5) (sample 14),48,7494,1552.0
Random Uniform (d=5) (sample 14),49,7796,2285.0
Random Uniform (d=5) (sample 14),50,8104,2755.0
Random Uniform (d=5) (sample 14),51,8422,3958.0
Random Uniform (d=5) (sample 14),52,8744,5574.0
Random Uniform (d=5) (sample 14),53,9068,6834.0
Random Uniform (d=5) (sample 14),54,9402,9846.0
Random Uniform (d=5) (sample 14),55,9738,11446.0
Random Uniform (d=5) (sample 14),56,10076,15170.0
Random Uniform (d=5) (sample 14),57,10416,21849.0
Random Uniform (d=5) (sample 14),58,10764,26939.0
Random Uniform (d=5) (sample 14),59,11118,30280.0
Random Uniform (d=5) (sample 14),60,11478,42912.0
Random Uniform (d=5) (sample 14),61,11848,41983.0
Random Uniform (d=5) (sample 14),62,12220,64329.0
Random Uniform (d=5) (sample 14),63,12594,67784.0
Random Uniform (d=5) (sample 14),64,12974,87955.0
Random Uniform (d=5) (sample 14),65,13356,100967.0
Random Uniform (d=5) (sample 14),66,13740,157172.0
Random Uniform (d=5) (sample 14),67,14126,196207.0
Random Uniform (d=5) (sample 14),68,14516,256695.0
Random Uniform (d=5) (sample 14),69,14910,352611.0
Random Uniform (d=5) (sample 14),70,15308,499092.0
Random Uniform (d=5) (sample 14),71,15716,674257.0
Random Uniform (d=5) (sample 14),72,16126,932362.0
Random Uniform (d=5) (sample 14),73,16540,1320501.0
Random Uniform (d=5) (sample 14),74,16958,1793485.0
Random Uniform (d=5) (sample 14),75,17384,2427119.0
Random Uniform (d=5) (sample 14),76,17820,3196729.0
Random Uniform (d=5) (sample 14),77,18260,4263035.0
Random Uniform (d=5) (sample 14),78,18704,5673127.0
Random Uniform (d=5) (sample 14),79,19152,7582106.0
Random Uniform (d=5) (sample 14),80,19608,9997193.0
Random Uniform (d=5) (sample 15),1,6,1.0
Random Uniform (d=5) (sample 15),2,22,1.0
Random Uniform (d=5) (sample 15),3,40,1.0
Random Uniform (d=5) (sample 15),4,60,1.0
Random Uniform (d=5) (sample 15),5,86,1.0
Random Uniform (d=5) (sample 15),6,120,1.0
Random Uniform (d=5) (sample 15),7,160,2.0
Random Uniform (d=5) (sample 15),8,210,3.0
Random Uniform (d=5) (sample 15),9,268,4.0
Random Uniform (d=5) (sample 15),10,336,5.0
Random Uniform (d=5) (sample 15),11,410,5.0
Random Uniform (d=5) (sample 15),12,490,5.0
Random Uniform (d=5) (sample 15),13,580,6.0
Random Uniform (d=5) (sample 15),14,678,7.0
Random Uniform (d=5) (sample 15),15,784,9.0
Random Uniform (d=5) (sample 15),16,894,10.0
Random Uniform (d=5) (sample 15),17,1014,16.0
Random Uniform (d=5) (sample 15),18,1140,22.0
Random Uniform (d=5) (sample 15),19,1276,41.0
Random Uniform (d=5) (sample 15),20,1422,32.0
Random Uniform (d=5) (sample 15),21,1570,35.0
Random Uniform (d=5) (sample 15),22,1722,40.0
Random Uniform (d=5) (sample 15),23,1882,48.0
Random Uniform (d=5) (sample 15),24,2044,52.0
Random Uniform (d=5) (sample 15),25,2210,68.0
Random Uniform (d=5) (sample 15),26,2378,90.0
Random Uniform (d=5) (sample 15),27,2550,125.0
Random Uniform (d=5) (sample 15),28,2726,177.0
Random Uniform (d=5) (sample 15),29,2912,152.0
Random Uniform (d=5) (sample 15),30,3102,109.0
Random Uniform (d=5) (sample 15),31,3298,147.0
Random Uniform (d=5) (sample 15),32,3500,244.0
Random Uniform (d=5) (sample 15),33,3708,401.0
Random Uniform (d=5) (sample 15),34,3922,378.0
Random Uniform (d=5) (sample 15),35,4138,449.0
Random Uniform (d=5) (sample 15),36,4362,562.0
Random Uniform (d=5) (sample 15),37,4594,1051.0
Random Uniform (d=5) (sample 15),38,4830,759.0
Random Uniform (d=5) (sample 15),39,5074,1210.0
Random Uniform (d=5) (sample 15),40,5320,1228.0
Random Uniform (d=5) (sample 15),41,5572,1786.0
Random Uniform (d=5) (sample 15),42,5830,3071.0
Random Uniform (d=5) (sample 15),43,6094,4215.0
Random Uniform (d=5) (sample 15),44,6366,5499.0
Random Uniform (d=5) (sample 15),45,6646,9616.0
Random Uniform (d=5) (sample 15),46,6936,11196.0
Random Uniform (d=5) (sample 15),47,7236,14657.0
Random Uniform (d=5) (sample 15),48,7544,24826.0
Random Uniform (d=5) (sample 15),49,7858,37009.0
Random Uniform (d=5) (sample 15),50,8180,36939.0
Random Uniform (d=5) (sample 15),51,8504,57152.0
Random Uniform (d=5) (sample 15),52,8838,33321.0
Random Uniform (d=5) (sample 15),53,9178,28562.0
Random Uniform (d=5) (sample 15),54,9528,51348.0
Random Uniform (d=5) (sample 15),55,9882,55993.0
Random Uniform (d=5) (sample 15),56,10240,29501.0
Random Uniform (d=5) (sample 15),57,10602,25226.0
Random Uniform (d=5) (sample 15),58,10972,37100.0
Random Uniform (d=5) (sample 15),59,11352,57699.0
Random Uniform (d=5) (sample 15),60,11734,75998.0
Random Uniform (d=5) (sample 15),61,12126,133407.0
Random Uniform (d=5) (sample 15),62,12524,148370.0
Random Uniform (d=5) (sample 15),63,12930,248405.0
Random Uniform (d=5) (sample 15),64,13346,396434.0
Random Uniform (d=5) (sample 15),65,13770,315492.0
Random Uniform (d=5) (sample 15),66,14202,585658.0
Random Uniform (d=5) (sample 15),67,14636,709513.0
Random Uniform (d=5) (sample 15),68,15076,228477.0
Random Uniform (d=5) (sample 15),69,15518,343062.0
Random Uniform (d=5) (sample 15),70,15962,610041.0
Random Uniform (d=5) (sample 15),71,16414,856632.0
Random Uniform (d=5) (sample 15),72,16874,1050846.0
Random Uniform (d=5) (sample 15),73,17336,1434376.0
Random Uniform (d=5) (sample 15),74,17802,290256.0
Random Uniform (d=5) (sample 15),75,18272,428524.0
Random Uniform (d=5) (sample 15),76,18744,761073.0
Random Uniform (d=5) (sample 15),77,19224,1337062.0
Random Uniform (d=5) (sample 15),78,19712,2335512.0
Random Uniform (d=5) (sample 16),1,10,1.0
Random Uniform (d=5) (sample 16),2,28,1.0
Random Uniform (d=5) (sample 16),3,54,1.0
Random Uniform (d=5) (sample 16),4,88,2.0
Random Uniform (d=5) (sample 16),5,130,2.0
Random Uniform (d=5) (sample 16),6,182,2.0
Random Uniform (d=5) (sample 16),7,244,2.0
Random Uniform (d=5) (sample 16),8,312,3.0
Random Uniform (d=5) (sample 16),9,388,4.0
Random Uniform (d=5) (sample 16),10,470,4.0
Random Uniform (d=5) (sample 16),11,556,4.0
Random Uniform (d=5) (sample 16),12,650,5.0
Random Uniform (d=5) (sample 16),13,748,8.0
Random Uniform (d=5) (sample 16),14,848,11.0
Random Uniform (d=5) (sample 16),15,958,11.0
Random Uniform (d=5) (sample 16),16,1078,10.0
Random Uniform (d=5) (sample 16),17,1204,13.0
Random Uniform (d=5) (sample 16),18,1340,20.0
Random Uniform (d=5) (sample 16),19,1480,31.0
Random Uniform (d=5) (sample 16),20,1630,34.0
Random Uniform (d=5) (sample 16),21,1788,45.0
Random Uniform (d=5) (sample 16),22,1948,47.0
Random Uniform (d=5) (sample 16),23,2114,73.0
Random Uniform (d=5) (sample 16),24,2286,124.0
Random Uniform (d=5) (sample 16),25,2464,64.0
Random Uniform (d=5) (sample 16),26,2650,92.0
Random Uniform (d=5) (sample 16),27,2846,140.0
Random Uniform (d=5) (sample 16),28,3050,166.0
Random Uniform (d=5) (sample 16),29,3258,208.0
Random Uniform (d=5) (sample 16),30,3476,220.0
Random Uniform (d=5) (sample 16),31,3702,252.0
Random Uniform (d=5) (sample 16),32,3932,216.0
Random Uniform (d=5) (sample 16),33,4166,234.0
Random Uniform (d=5) (sample 16),34,4408,275.0
Random Uniform (d=5) (sample 16),35,4658,322.0
Random Uniform (d=5) (sample 16),36,4910,390.0
Random Uniform (d=5) (sample 16),37,5170,533.0
Random Uniform (d=5) (sample 16),38,5436,728.0
Random Uniform (d=5) (sample 16),39,5712,1082.0
Random Uniform (d=5) (sample 16),40,5992,1654.0
Random Uniform (d=5) (sample 16),41,6278,1322.0
Random Uniform (d=5) (sample 16),42,6570,1892.0
Random Uniform (d=5) (sample 16),43,6866,2724.0
Random Uniform (d=5) (sample 16),44,7172,3482.0
Random Uniform (d=5) (sample 16),45,7480,4617.0
Random Uniform (d=5) (sample 16),46,7790,4466.0
Random Uniform (d=5) (sample 16),47,8106,6538.0
Random Uniform (d=5) (sample 16),48,8428,7648.0
Random Uniform (d=5) (sample 16),49,8758,9925.0
Random Uniform (d=5) (sample 16),50,9090,14793.0
Random Uniform (d=5) (sample 16),51,9424,18088.0
Random Uniform (d=5) (sample 16),52,9768,22305.0
Random Uniform (d=5) (sample 16),53,10120,32312.0
Random Uniform (d=5) (sample 16),54,10476,53660.0
Random Uniform (d=5) (sample 16),55,10836,65600.0
Random Uniform (d=5) (sample 16),56,11206,72988.0
Random Uniform (d=5) (sample 16),57,11580,83304.0
Random Uniform (d=5) (sample 16),58,11956,124417.0
Random Uniform (d=5) (sample 16),59,12338,144961.0
Random Uniform (d=5) (sample 16),60,12728,187360.0
Random Uniform (d=5) (sample 16),61,13122,239374.0
Random Uniform (d=5) (sample 16),62,13520,314749.0
Random Uniform (d=5) (sample 16),63,13922,427681.0
Random Uniform (d=5) (sample 16),64,14328,577848.0
Random Uniform (d=5) (sample 16),65,14740,790055.0
Random Uniform (d=5) (sample 16),66,15158,1083603.0
Random Uniform (d=5) (sample 16),67,15586,1459962.0
Random Uniform (d=5) (sample 16),68,16016,1952998.0
Random Uniform (d=5) (sample 16),69,16450,2615436.0
Random Uniform (d=5) (sample 16),70,16894,3435276.0
Random Uniform (d=5) (sample 16),71,17340,4651783.0
Random Uniform (d=5) (sample 16),72,17792,6309383.0
Random Uniform (d=5) (sample 16),73,18248,8504899.0
Random Uniform (d=5) (sample 16),74,18710,11389943.0
Random Uniform (d=5) (sample 16),75,19176,15495044.0
Random Uniform (d=5) (sample 16),76,19648,21153319.0
Random Uniform (d=5) (sample 17),1,6,1.0
Random Uniform (d=5) (sample 17),2,18,1.0
Random Uniform (d=5) (sample 17),3,38,1.0
Random Uniform (d=5) (sample 17),4,68,1.0
Random Uniform (d=5) (sample 17),5,104,2.0
Random Uniform (d=5) (sample 17),6,148,3.0
Random Uniform (d=5) (sample 17),7,196,3.0
Random Uniform (d=5) (sample 17),8,254,4.0
Random Uniform (d=5) (sample 17),9,322,4.0
Random Uniform (d=5) (sample 17),10,396,4.0
Random Uniform (d=5) (sample 17),11,476,4.0
Random Uniform (d=5) (sample 17),12,562,5.0
Random Uniform (d=5) (sample 17),13,654,6.0
Random Uniform (d=5) (sample 17),14,748,6.0
Random Uniform (d=5) (sample 17),15,848,8.0
Random Uniform (d=5) (sample 17),16,952,12.0
Random Uniform (d=5) (sample 17),17,1062,21.0
Random Uniform (d=5) (sample 17),18,1178,18.0
Random Uniform (d=5) (sample 17),19,1298,23.0
Random Uniform (d=5) (sample 17),20,1426,36.0
Random Uniform (d=5) (sample 17),21,1558,58.0
Random Uniform (d=5) (sample 17),22,1700,106.0
Random Uniform (d=5) (sample 17),23,1846,135.0
Random Uniform (d=5) (sample 17),24,2002,243.0
Random Uniform (d=5) (sample 17),25,2160,188.0
Random Uniform (d=5) (sample 17),26,2322,312.0
Random Uniform (d=5) (sample 17),27,2492,565.0
Random Uniform (d=5) (sample 17),28,2664,595.0
Random Uniform (d=5) (sample 17),29,2842,376.0
Random Uniform (d=5) (sample 17),30,3028,532.0
Random Uniform (d=5) (sample 17),31,3218,556.0
Random Uniform (d=5) (sample 17),32,3412,911.0
Random Uniform (d=5) (sample 17),33,3614,1352.0
Random Uniform (d=5) (sample 17),34,3822,2575.0
Random Uniform (d=5) (sample 17),35,4036,2434.0
Random Uniform (d=5) (sample 17),36,4252,3392.0
Random Uniform (d=5) (sample 17),37,4476,1241.0
Random Uniform (d=5) (sample 17),38,4710,782.0
Random Uniform (d=5) (sample 17),39,4952,1007.0
Random Uniform (d=5) (sample 17),40,5200,1369.0
Random Uniform (d=5) (sample 17),41,5454,1750.0
Random Uniform (d=5) (sample 17),42,5710,2867.0
Random Uniform (d=5) (sample 17),43,5974,4922.0
Random Uniform (d=5) (sample 17),44,6242,5409.0
Random Uniform (d=5) (sample 17),45,6520,9907.0
Random Uniform (d=5) (sample 17),46,6806,15907.0
Random Uniform (d=5) (sample 17),47,7102,16590.0
Random Uniform (d=5) (sample 17),48,7406,12664.0
Random Uniform (d=5) (sample 17),49,7716,21436.0
Random Uniform (d=5) (sample 17),50,8036,24006.0
Random Uniform (d=5) (sample 17),51,8364,27484.0
Random Uniform (d=5) (sample 17),52,8696,33801.0
Random Uniform (d=5) (sample 17),53,9034,62263.0
Random Uniform (d=5) (sample 17),54,9376,90133.0
Random Uniform (d=5) (sample 17),55,9720,115166.0
Random Uniform (d=5) (sample 17),56,10066,126194.0
Random Uniform (d=5) (sample 17),57,10414,223951.0
Random Uniform (d=5) (sample 17),58,10768,149377.0
Random Uniform (d=5) (sample 17),59,11126,148299.0
Random Uniform (d=5) (sample 17),60,11492,286918.0
Random Uniform (d=5) (sample 17),61,11864,485952.0
Random Uniform (d=5) (sample 17),62,12244,903349.0
Random Uniform (d=5) (sample 17),63,12630,1262573.0
Random Uniform (d=5) (sample 17),64,13026,1102153.0
Random Uniform (d=5) (sample 17),65,13424,1479935.0
Random Uniform (d=5) (sample 17),66,13824,2446342.0
Random Uniform (d=5) (sample 17),67,14234,2289387.0
Random Uniform (d=5) (sample 17),68,14648,3920930.0
Random Uniform (d=5) (sample 17),69,15064,2373641.0
Random Uniform (d=5) (sample 17),70,15482,4440153.0
Random Uniform (d=5) (sample 17),71,15904,8321868.0
Random Uniform (d=5) (sample 17),72,16330,12975259.0
Random Uniform (d=5) (sample 17),73,16766,25354099.0
Random Uniform (d=5) (sample 17),74,17204,21958207.0
Random Uniform (d=5) (sample 17),75,17652,9326277.0
Random Uniform (d=5) (sample 17),76,18106,12956100.0
Random Uniform (d=5) (sample 17),77,18564,8430955.0
Random Uniform (d=5) (sample 17),78,19026,3035163.0
Random Uniform (d=5) (sample 17),79,19490,5460822.0
Random Uniform (d=5) (sample 17),80,19962,5562401.0
Random Uniform (d=5) (sample 18),1,6,1.0
Random Uniform (d=5) (sample 18),2,22,1.0
Random Uniform (d=5) (sample 18),3,42,1.0
Random Uniform (d=5) (sample 18),4,64,1.0
Random Uniform (d=5) (sample 18),5,88,1.0
Random Uniform (d=5) (sample 18),6,118,2.0
Random Uniform (d=5) (sample 18),7,154,2.0
Random Uniform (d=5) (sample 18),8,194,2.0
Random Uniform (d=5) (sample 18),9,240,2.0
Random Uniform (d=5) (sample 18),10,288,4.0
Random Uniform (d=5) (sample 18),11,340,4.0
Random Uniform (d=5) (sample 18),12,398,5.0
Random Uniform (d=5) (sample 18),13,458,7.0
Random Uniform (d=5) (sample 18),14,524,8.0
Random Uniform (d=5) (sample 18),15,592,11.0
Random Uniform (d=5) (sample 18),16,664,15.0
Random Uniform (d=5) (sample 18),17,738,23.0
Random Uniform (d=5) (sample 18),18,820,25.0
Random Uniform (d=5) (sample 18),19,912,32.0
Random Uniform (d=5) (sample 18),20,1006,38.0
Random Uniform (d=5) (sample 18),21,1108,61.0
Random Uniform (d=5) (sample 18),22,1216,90.0
Random Uniform (d=5) (sample 18),23,1334,109.0
Random Uniform (d=5) (sample 18),24,1454,159.0
Random Uniform (d=5) (sample 18),25,1576,176.0
Random Uniform (d=5) (sample 18),26,1702,180.0
Random Uniform (d=5) (sample 18),27,1830,336.0
Random Uniform (d=5) (sample 18),28,1968,557.0
Random Uniform (d=5) (sample 18),29,2112,911.0
Random Uniform (d=5) (sample 18),30,2260,1102.0
Random Uniform (d=5) (sample 18),31,2418,719.0
Random Uniform (d=5) (sample 18),32,2578,368.0
Random Uniform (d=5) (sample 18),33,2748,505.0
Random Uniform (d=5) (sample 18),34,2928,891.0
Random Uniform (d=5) (sample 18),35,3114,528.0
Random Uniform (d=5) (sample 18),36,3302,845.0
Random Uniform (d=5) (sample 18),37,3498,1165.0
Random Uniform (d=5) (sample 18),38,3698,1657.0
Random Uniform (d=5) (sample 18),39,3904,3013.0
Random Uniform (d=5) (sample 18),40,4114,2963.0
Random Uniform (d=5) (sample 18),41,4326,1271.0
Random Uniform (d=5) (sample 18),42,4542,1849.0
Random Uniform (d=5) (sample 18),43,4768,3099.0
Random Uniform (d=5) (sample 18),44,5004,3697.0
Random Uniform (d=5) (sample 18),45,5250,1719.0
Random Uniform (d=5) (sample 18),46,5504,1720.0
Random Uniform (d=5) (sample 18),47,5768,1126.0
Random Uniform (d=5) (sample 18),48,6042,965.0
Random Uniform (d=5) (sample 18),49,6318,1053.0
Random Uniform (d=5) (sample 18),50,6604,1549.0
Random Uniform (d=5) (sample 18),51,6898,2034.0
Random Uniform (d=5) (sample 18),52,7200,2680.0
Random Uniform (d=5) (sample 18),53,7508,1915.0
Random Uniform (d=5) (sample 18),54,7824,1718.0
Random Uniform (d=5) (sample 18),55,8150,1624.0
Random Uniform (d=5) (sample 18),56,8480,2602.0
Random Uniform (d=5) (sample 18),57,8816,3067.0
Random Uniform (d=5) (sample 18),58,9160,4419.0
Random Uniform (d=5) (sample 18),59,9510,6598.0
Random Uniform (d=5) (sample 18),60,9862,5602.0
Random Uniform (d=5) (sample 18),61,10224,7916.0
Random Uniform (d=5) (sample 18),62,10596,13868.0
Random Uniform (d=5) (sample 18),63,10974,22104.0
Random Uniform (d=5) (sample 18),64,11360,30715.0
Random Uniform (d=5) (sample 18),65,11750,33860.0
Random Uniform (d=5) (sample 18),66,12148,54583.0
Random Uniform (d=5) (sample 18),67,12552,70764.0
Random Uniform (d=5) (sample 18),68,12964,101764.0
Random Uniform (d=5) (sample 18),69,13382,119144.0
Random Uniform (d=5) (sample 18),70,13810,114112.0
Random Uniform (d=5) (sample 18),71,14248,161207.0
Random Uniform (d=5) (sample 18),72,14696,252556.0
Random Uniform (d=5) (sample 18),73,15150,426628.0
Random Uniform (d=5) (sample 18),74,15614,313109.0
Random Uniform (d=5) (sample 18),75,16080,503756.0
Random Uniform (d=5) (sample 18),76,16550,489970.0
Random Uniform (d=5) (sample 18),77,17026,789446.0
Random Uniform (d=5) (sample 18),78,17512,970628.0
Random Uniform (d=5) (sample 18),79,18000,703811.0
Random Uniform (d=5) (sample 18),80,18496,902287.0
Random Uniform (d=5) (sample 18),81,18996,1098960.0
Random Uniform (d=5) (sample 18),82,19500,1061777.0
Random Uniform (d=5) (sample 19),1,4,1.0
Random Uniform (d=5) (sample 19),2,18,1.0
Random Uniform (d=5) (sample 19),3,38,1.0
Random Uniform (d=5) (sample 19),4,62,1.0
Random Uniform (d=5) (sample 19),5,90,1.0
Random Uniform (d=5) (sample 19),6,126,1.0
Random Uniform (d=5) (sample 19),7,166,2.0
Random Uniform (d=5) (sample 19),8,210,2.0
Random Uniform (d=5) (sample 19),9,262,4.0
Random Uniform (d=5) (sample 19),10,318,5.0
Random Uniform (d=5) (sample 19),11,380,7.0
Random Uniform (d=5) (sample 19),12,444,6.0
Random Uniform (d=5) (sample 19),13,514,10.0
Random Uniform (d=5) (sample 19),14,586,14.0
Random Uniform (d=5) (sample 19),15,666,22.0
Random Uniform (d=5) (sample 19),16,750,14.0
Random Uniform (d=5) (sample 19),17,842,18.0
Random Uniform (d=5) (sample 19),18,942,22.0
Random Uniform (d=5) (sample 19),19,1050,24.0
Random Uniform (d=5) (sample 19),20,1164,32.0
Random Uniform (d=5) (sample 19),21,1286,40.0
Random Uniform (d=5) (sample 19),22,1412,42.0
Random Uniform (d=5) (sample 19),23,1548,29.0
Random Uniform (d=5) (sample 19),24,1692,42.0
Random Uniform (d=5) (sample 19),25,1838,38.0
Random Uniform (d=5) (sample 19),26,1988,36.0
Random Uniform (d=5) (sample 19),27,2142,47.0
Random Uniform (d=5) (sample 19),28,2306,29.0
Random Uniform (d=5) (sample 19),29,2474,46.0
Random Uniform (d=5) (sample 19),30,2646,52.0
Random Uniform (d=5) (sample 19),31,2826,60.0
Random Uniform (d=5) (sample 19),32,3016,74.0
Random Uniform (d=5) (sample 19),33,3214,118.0
Random Uniform (d=5) (sample 19),34,3422,143.0
Random Uniform (d=5) (sample 19),35,3640,209.0
Random Uniform (d=5) (sample 19),36,3866,301.0
Random Uniform (d=5) (sample 19),37,4096,402.0
Random Uniform (d=5) (sample 19),38,4332,400.0
Random Uniform (d=5) (sample 19),39,4576,702.0
Random Uniform (d=5) (sample 19),40,4830,880.0
Random Uniform (d=5) (sample 19),41,5092,1497.0
Random Uniform (d=5) (sample 19),42,5358,2620.0
Random Uniform (d=5) (sample 19),43,5630,2503.0
Random Uniform (d=5) (sample 19),44,5906,4330.0
Random Uniform (d=5) (sample 19),45,6192,2835.0
Random Uniform (d=5) (sample 19),46,6488,2798.0
Random Uniform (d=5) (sample 19),47,6794,3862.0
Random Uniform (d=5) (sample 19),48,7110,5315.0
Random Uniform (d=5) (sample 19),49,7432,2946.0
Random Uniform (d=5) (sample 19),50,7760,4499.0
Random Uniform (d=5) (sample 19),51,8098,6408.0
Random Uniform (d=5) (sample 19),52,8444,8483.0
Random Uniform (d=5) (sample 19),53,8792,11663.0
Random Uniform (d=5) (sample 19),54,9148,23096.0
Random Uniform (d=5) (sample 19),55,9512,35143.0
Random Uniform (d=5) (sample 19),56,9886,67848.0
Random Uniform (d=5) (sample 19),57,10266,53651.0
Random Uniform (d=5) (sample 19),58,10652,62223.0
Random Uniform (d=5) (sample 19),59,11046,15659.0
Random Uniform (d=5) (sample 19),60,11448,19717.0
Random Uniform (d=5) (sample 19),61,11858,37317.0
Random Uniform (d=5) (sample 19),62,12278,51786.0
Random Uniform (d=5) (sample 19),63,12702,90932.0
Random Uniform (d=5) (sample 19),64,13128,56959.0
Random Uniform (d=5) (sample 19),65,13564,84350.0
Random Uniform (d=5) (sample 19),66,14002,88446.0
Random Uniform (d=5) (sample 19),67,14444,138434.0
Random Uniform (d=5) (sample 19),68,14890,249009.0
Random Uniform (d=5) (sample 19),69,15346,293440.0
Random Uniform (d=5) (sample 19),70,15808,237326.0
Random Uniform (d=5) (sample 19),71,16276,426331.0
Random Uniform (d=5) (sample 19),72,16746,271293.0
Random Uniform (d=5) (sample 19),73,17222,362736.0
Random Uniform (d=5) (sample 19),74,17706,163323.0
Random Uniform (d=5) (sample 19),75,18198,208833.0
Random Uniform (d=5) (sample 19),76,18694,305784.0
Random Uniform (d=5) (sample 19),77,19200,354456.0
Random Uniform (d=5) (sample 19),78,19712,615887.0
Random Uniform (d=5) (sample 20),1,2,1.0
Random Uniform (d=5) (sample 20),2,6,1.0
Random Uniform (d=5) (sample 20),3,18,1.0
Random Uniform (d=5) (sample 20),4,36,2.0
Random Uniform (d=5) (sample 20),5,62,2.0
Random Uniform (d=5) (sample 20),6,94,3.0
Random Uniform (d=5) (sample 20),7,134,4.0
Random Uniform (d=5) (sample 20),8,178,3.0
Random Uniform (d=5) (sample 20),9,228,5.0
Random Uniform (d=5) (sample 20),10,286,6.0
Random Uniform (d=5) (sample 20),11,346,7.0
Random Uniform (d=5) (sample 20),12,414,11.0
Random Uniform (d=5) (sample 20),13,486,14.0
Random Uniform (d=5) (sample 20),14,560,26.0
Random Uniform (d=5) (sample 20),15,640,35.0
Random Uniform (d=5) (sample 20),16,722,51.0
Random Uniform (d=5) (sample 20),17,812,54.0
Random Uniform (d=5) (sample 20),18,906,67.0
Random Uniform (d=5) (sample 20),19,1008,118.0
Random Uniform (d=5) (sample 20),20,1118,192.0
Random Uniform (d=5) (sample 20),21,1238,172.0
Random Uniform (d=5) (sample 20),22,1362,188.0
Random Uniform (d=5) (sample 20),23,1488,196.0
Random Uniform (d=5) (sample 20),24,1624,251.0
Random Uniform (d=5) (sample 20),25,1762,182.0
Random Uniform (d=5) (sample 20),26,1902,163.0
Random Uniform (d=5) (sample 20),27,2048,191.0
Random Uniform (d=5) (sample 20),28,2200,258.0
Random Uniform (d=5) (sample 20),29,2356,159.0
Random Uniform (d=5) (sample 20),30,2516,195.0
Random Uniform (d=5) (sample 20),31,2684,237.0
Random Uniform (d=5) (sample 20),32,2856,371.0
Random Uniform (d=5) (sample 20),33,3032,277.0
Random Uniform (d=5) (sample 20),34,3214,505.0
Random Uniform (d=5) (sample 20),35,3406,302.0
Random Uniform (d=5) (sample 20),36,3604,368.0
Random Uniform (d=5) (sample 20),37,3806,507.0
Random Uniform (d=5) (sample 20),38,4016,632.0
Random Uniform (d=5) (sample 20),39,4234,899.0
Random Uniform (d=5) (sample 20),40,4460,1441.0
Random Uniform (d=5) (sample 20),41,4692,1433.0
Random Uniform (d=5) (sample 20),42,4932,2277.0
Random Uniform (d=5) (sample 20),43,5176,3303.0
Random Uniform (d=5) (sample 20),44,5426,2473.0
Random Uniform (d=5) (sample 20),45,5680,2685.0
Random Uniform (d=5) (sample 20),46,5944,2604.0
Random Uniform (d=5) (sample 20),47,6212,4393.0
Random Uniform (d=5) (sample 20),48,6490,3995.0
Random Uniform (d=5) (sample 20),49,6778,6138.0
Random Uniform (d=5) (sample 20),50,7068,7868.0
Random Uniform (d=5) (sample 20),51,7360,6966.0
Random Uniform (d=5) (sample 20),52,7656,10881.0
Random Uniform (d=5) (sample 20),53,7962,17410.0
Random Uniform (d=5) (sample 20),54,8274,11881.0
Random Uniform (d=5) (sample 20),55,8592,11760.0
Random Uniform (d=5) (sample 20),56,8918,22925.0
Random Uniform (d=5) (sample 20),57,9252,40167.0
Random Uniform (d=5) (sample 20),58,9592,42787.0
Random Uniform (d=5) (sample 20),59,9934,65309.0
Random Uniform (d=5) (sample 20),60,10286,99374.0
Random Uniform (d=5) (sample 20),61,10642,158259.0
Random Uniform (d=5) (sample 20),62,11004,118520.0
Random Uniform (d=5) (sample 20),63,11372,222893.0
Random Uniform (d=5) (sample 20),64,11742,92205.0
Random Uniform (d=5) (sample 20),65,12120,71597.0
Random Uniform (d=5) (sample 20),66,12508,79770.0
Random Uniform (d=5) (sample 20),67,12900,122384.0
Random Uniform (d=5) (sample 20),68,13294,84105.0
Random Uniform (d=5) (sample 20),69,13696,117949.0
Random Uniform (d=5) (sample 20),70,14102,127836.0
Random Uniform (d=5) (sample 20),71,14512,154467.0
Random Uniform (d=5) (sample 20),72,14924,196852.0
Random Uniform (d=5) (sample 20),73,15340,191246.0
Random Uniform (d=5) (sample 20),74,15764,214873.0
Random Uniform (d=5) (sample 20),75,16194,234656.0
Random Uniform (d=5) (sample 20),76,16632,395072.0
Random Uniform (d=5) (sample 20),77,17072,531311.0
Random Uniform (d=5) (sample 20),78,17516,649167.0
Random Uniform (d=5) (sample 20),79,17966,738904.0
Random Uniform (d=5) (sample 20),80,18426,1089665.0
Random Uniform (d=5) (sample 20),81,18894,1638716.0
Random Uniform (d=5) (sample 20),82,19372,1704173.0
Random Uniform (d=5) (sample 20),83,19852,2143813.0
Random Uniform (d=5) (sample 21),1,4,1.0
Random Uniform (d=5) (sample 21),2,14,1.0
Random Uniform (d=5) (sample 21),3,28,1.0
Random Uniform (d=5) (sample 21),4,48,2.0
Random Uniform (d=5) (sample 21),5,70,2.0
Random Uniform (d=5) (sample 21),6,98,3.0
Random Uniform (d=5) (sample 21),7,130,3.0
Random Uniform (d=5) (sample 21),8,168,6.0
Random Uniform (d=5) (sample 21),9,212,7.0
Random Uniform (d=5) (sample 21),10,266,7.0
Random Uniform (d=5) (sample 21),11,324,5.0
Random Uniform (d=5) (sample 21),12,390,6.0
Random Uniform (d=5) (sample 21),13,464,8.0
Random Uniform (d=5) (sample 21),14,544,15.0
Random Uniform (d=5) (sample 21),15,634,23.0
Random Uniform (d=5) (sample 21),16,730,35.0
Random Uniform (d=5) (sample 21),17,830,30.0
Random Uniform (d=5) (sample 21),18,932,27.0
Random Uniform (d=5) (sample 21),19,1040,45.0
Random Uniform (d=5) (sample 21),20,1156,54.0
Random Uniform (d=5) (sample 21),21,1278,69.0
Random Uniform (d=5) (sample 21),22,1404,113.0
Random Uniform (d=5) (sample 21),23,1534,88.0
Random Uniform (d=5) (sample 21),24,1672,107.0
Random Uniform (d=5) (sample 21),25,1818,91.0
Random Uniform (d=5) (sample 21),26,1974,134.0
Random Uniform (d=5) (sample 21),27,2140,174.0
Random Uniform (d=5) (sample 21),28,2308,243.0
Random Uniform (d=5) (sample 21),29,2484,191.0
Random Uniform (d=5) (sample 21),30,2670,271.0
Random Uniform (d=5) (sample 21),31,2864,358.0
Random Uniform (d=5) (sample 21),32,3064,566.0
Random Uniform (d=5) (sample 21),33,3274,869.0
Random Uniform (d=5) (sample 21),34,3492,1579.0
Random Uniform (d=5) (sample 21),35,3718,2996.0
Random Uniform (d=5) (sample 21),36,3950,2909.0
Random Uniform (d=5) (sample 21),37,4190,2199.0
Random Uniform (d=5) (sample 21),38,4440,3408.0
Random Uniform (d=5) (sample 21),39,4700,6031.0
Random Uniform (d=5) (sample 21),40,4962,8626.0
Random Uniform (d=5) (sample 21),41,5226,3746.0
Random Uniform (d=5) (sample 21),42,5500,2974.0
Random Uniform (d=5) (sample 21),43,5776,4369.0
Random Uniform (d=5) (sample 21),44,6054,6803.0
Random Uniform (d=5) (sample 21),45,6338,10417.0
Random Uniform (d=5) (sample 21),46,6626,12426.0
Random Uniform (d=5) (sample 21),47,6916,4222.0
Random Uniform (d=5) (sample 21),48,7210,5999.0
Random Uniform (d=5) (sample 21),49,7506,9765.0
Random Uniform (d=5) (sample 21),50,7806,8046.0
Random Uniform (d=5) (sample 21),51,8114,7489.0
Random Uniform (d=5) (sample 21),52,8426,14087.0
Random Uniform (d=5) (sample 21),53,8742,11707.0
Random Uniform (d=5) (sample 21),54,9066,15117.0
Random Uniform (d=5) (sample 21),55,9398,14937.0
Random Uniform (d=5) (sample 21),56,9732,24016.0
Random Uniform (d=5) (sample 21),57,10068,32673.0
Random Uniform (d=5) (sample 21),58,10408,27142.0
Random Uniform (d=5) (sample 21),59,10758,40285.0
Random Uniform (d=5) (sample 21),60,11112,66377.0
Random Uniform (d=5) (sample 21),61,11476,67529.0
Random Uniform (d=5) (sample 21),62,11848,110823.0
Random Uniform (d=5) (sample 21),63,12224,203793.0
Random Uniform (d=5) (sample 21),64,12602,162630.0
Random Uniform (d=5) (sample 21),65,12986,289371.0
Random Uniform (d=5) (sample 21),66,13372,126310.0
Random Uniform (d=5) (sample 21),67,13764,131658.0
Random Uniform (d=5) (sample 21),68,14166,239834.0
Random Uniform (d=5) (sample 21),69,14570,364306.0
Random Uniform (d=5) (sample 21),70,14978,219915.0
Random Uniform (d=5) (sample 21),71,15392,308691.0
Random Uniform (d=5) (sample 21),72,15814,488832.0
Random Uniform (d=5) (sample 21),73,16240,801683.0
Random Uniform (d=5) (sample 21),74,16668,1062347.0
Random Uniform (d=5) (sample 21),75,17104,1745776.0
Random Uniform (d=5) (sample 21),76,17548,3252158.0
Random Uniform (d=5) (sample 21),77,18000,5178341.0
Random Uniform (d=5) (sample 21),78,18460,8288738.0
Random Uniform (d=5) (sample 21),79,18924,13194813.0
Random Uniform (d=5) (sample 21),80,19398,16333439.0
Random Uniform (d=5) (sample 21),81,19880,26545421.0
Random Uniform (d=5) (sample 22),1,8,1.0
Random Uniform (d=5) (sample 22),2,24,1.0
Random Uniform (d=5) (sample 22),3,46,1.0
Random Uniform (d=5) (sample 22),4,78,1.0
Random Uniform (d=5) (sample 22),5,114,1.0
Random Uniform (d=5) (sample 22),6,154,2.0
Random Uniform (d=5) (sample 22),7,198,2.0
Random Uniform (d=5) (sample 22),8,252,4.0
Random Uniform (d=5) (sample 22),9,316,5.0
Random Uniform (d=5) (sample 22),10,384,8.0
Random Uniform (d=5) (sample 22),11,460,5.0
Random Uniform (d=5) (sample 22),12,538,8.0
Random Uniform (d=5) (sample 22),13,622,7.0
Random Uniform (d=5) (sample 22),14,712,9.0
Random Uniform (d=5) (sample 22),15,812,10.0
Random Uniform (d=5) (sample 22),16,916,11.0
Random Uniform (d=5) (sample 22),17,1024,17.0
Random Uniform (d=5) (sample 22),18,1140,20.0
Random Uniform (d=5) (sample 22),19,1262,22.0
Random Uniform (d=5) (sample 22),20,1388,35.0
Random Uniform (d=5) (sample 22),21,1520,58.0
Random Uniform (d=5) (sample 22),22,1658,63.0
Random Uniform (d=5) (sample 22),23,1800,105.0
Random Uniform (d=5) (sample 22),24,1948,108.0
Random Uniform (d=5) (sample 22),25,2102,52.0
Random Uniform (d=5) (sample 22),26,2264,69.0
Random Uniform (d=5) (sample 22),27,2436,69.0
Random Uniform (d=5) (sample 22),28,2618,53.0
Random Uniform (d=5) (sample 22),29,2808,86.0
Random Uniform (d=5) (sample 22),30,3002,148.0
Random Uniform (d=5) (sample 22),31,3202,218.0
Random Uniform (d=5) (sample 22),32,3406,360.0
Random Uniform (d=5) (sample 22),33,3612,361.0
Random Uniform (d=5) (sample 22),34,3824,262.0
Random Uniform (d=5) (sample 22),35,4038,415.0
Random Uniform (d=5) (sample 22),36,4260,480.0
Random Uniform (d=5) (sample 22),37,4484,805.0
Random Uniform (d=5) (sample 22),38,4718,1188.0
Random Uniform (d=5) (sample 22),39,4958,813.0
Random Uniform (d=5) (sample 22),40,5204,1163.0
Random Uniform (d=5) (sample 22),41,5458,1256.0
Random Uniform (d=5) (sample 22),42,5718,1237.0
Random Uniform (d=5) (sample 22),43,5986,1095.0
Random Uniform (d=5) (sample 22),44,6260,1383.0
Random Uniform (d=5) (sample 22),45,6536,1886.0
Random Uniform (d=5) (sample 22),46,6818,2488.0
Random Uniform (d=5) (sample 22),47,7108,1740.0
Random Uniform (d=5) (sample 22),48,7400,2146.0
Random Uniform (d=5) (sample 22),49,7700,2731.0
Random Uniform (d=5) (sample 22),50,8010,3542.0
Random Uniform (d=5) (sample 22),51,8322,5216.0
Random Uniform (d=5) (sample 22),52,8644,6975.0
Random Uniform (d=5) (sample 22),53,8974,10218.0
Random Uniform (d=5) (sample 22),54,9314,14868.0
Random Uniform (d=5) (sample 22),55,9660,9388.0
Random Uniform (d=5) (sample 22),56,10008,10020.0
Random Uniform (d=5) (sample 22),57,10358,13742.0
Random Uniform (d=5) (sample 22),58,10718,19276.0
Random Uniform (d=5) (sample 22),59,11088,27210.0
Random Uniform (d=5) (sample 22),60,11460,44232.0
Random Uniform (d=5) (sample 22),61,11840,66370.0
Random Uniform (d=5) (sample 22),62,12230,112445.0
Random Uniform (d=5) (sample 22),63,12630,186108.0
Random Uniform (d=5) (sample 22),64,13038,213976.0
Random Uniform (d=5) (sample 22),65,13454,49801.0
Random Uniform (d=5) (sample 22),66,13872,67697.0
Random Uniform (d=5) (sample 22),67,14300,103429.0
Random Uniform (d=5) (sample 22),68,14730,191792.0
Random Uniform (d=5) (sample 22),69,15164,123487.0
Random Uniform (d=5) (sample 22),70,15600,97504.0
Random Uniform (d=5) (sample 22),71,16038,146681.0
Random Uniform (d=5) (sample 22),72,16484,166964.0
Random Uniform (d=5) (sample 22),73,16932,258659.0
Random Uniform (d=5) (sample 22),74,17386,282156.0
Random Uniform (d=5) (sample 22),75,17842,433138.0
Random Uniform (d=5) (sample 22),76,18306,558139.0
Random Uniform (d=5) (sample 22),77,18774,833747.0
Random Uniform (d=5) (sample 22),78,19250,1420227.0
Random Uniform (d=5) (sample 22),79,19734,2041591.0
Random Uniform (d=5) (sample 23),1,8,1.0
Random Uniform (d=5) (sample 23),2,26,1.0
Random Uniform (d=5) (sample 23),3,48,1.0
Random Uniform (d=5) (sample 23),4,80,2.0
Random Uniform (d=5) (sample 23),5,114,2.0
Random Uniform (d=5) (sample 23),6,150,2.0
Random Uniform (d=5) (sample 23),7,190,2.0
Random Uniform (d=5) (sample 23),8,238,3.0
Random Uniform (d=5) (sample 23),9,288,4.0
Random Uniform (d=5) (sample 23),10,342,7.0
Random Uniform (d=5) (sample 23),11,400,6.0
Random Uniform (d=5) (sample 23),12,468,8.0
Random Uniform (d=5) (sample 23),13,540,12.0
Random Uniform (d=5) (sample 23),14,622,20.0
Random Uniform (d=5) (sample 23),15,710,17.0
Random Uniform (d=5) (sample 23),16,800,18.0
Random Uniform (d=5) (sample 23),17,898,18.0
Random Uniform (d=5) (sample 23),18,998,23.0
Random Uniform (d=5) (sample 23),19,1100,31.0
Random Uniform (d=5) (sample 23),20,1210,56.0
Random Uniform (d=5) (sample 23),21,1328,41.0
Random Uniform (d=5) (sample 23),22,1456,73.0
Random Uniform (d=5) (sample 23),23,1592,51.0
Random Uniform (d=5) (sample 23),24,1738,95.0
Random Uniform (d=5) (sample 23),25,1894,137.0
Random Uniform (d=5) (sample 23),26,2060,216.0
Random Uniform (d=5) (sample 23),27,2230,160.0
Random Uniform (d=5) (sample 23),28,2402,154.0
Random Uniform (d=5) (sample 23),29,2576,215.0
Random Uniform (d=5) (sample 23),30,2754,137.0
Random Uniform (d=5) (sample 23),31,2940,166.0
Random Uniform (d=5) (sample 23),32,3136,226.0
Random Uniform (d=5) (sample 23),33,3336,230.0
Random Uniform (d=5) (sample 23),34,3546,337.0
Random Uniform (d=5) (sample 23),35,3762,459.0
Random Uniform (d=5) (sample 23),36,3980,302.0
Random Uniform (d=5) (sample 23),37,4200,384.0
Random Uniform (d=5) (sample 23),38,4422,493.0
Random Uniform (d=5) (sample 23),39,4654,694.0
Random Uniform (d=5) (sample 23),40,4894,1298.0
Random Uniform (d=5) (sample 23),41,5136,1525.0
Random Uniform (d=5) (sample 23),42,5380,1014.0
Random Uniform (d=5) (sample 23),43,5634,861.0
Random Uniform (d=5) (sample 23),44,5896,1078.0
Random Uniform (d=5) (sample 23),45,6160,1281.0
Random Uniform (d=5) (sample 23),46,6434,1184.0
Random Uniform (d=5) (sample 23),47,6710,1356.0
Random Uniform (d=5) (sample 23),48,6990,2500.0
Random Uniform (d=5) (sample 23),49,7274,3148.0
Random Uniform (d=5) (sample 23),50,7560,5469.0
Random Uniform (d=5) (sample 23),51,7856,9000.0
Random Uniform (d=5) (sample 23),52,8162,14375.0
Random Uniform (d=5) (sample 23),53,8478,23996.0
Random Uniform (d=5) (sample 23),54,8802,37202.0
Random Uniform (d=5) (sample 23),55,9132,72536.0
Random Uniform (d=5) (sample 23),56,9472,141188.0
Random Uniform (d=5) (sample 23),57,9822,274398.0
Random Uniform (d=5) (sample 23),58,10174,107892.0
Random Uniform (d=5) (sample 23),59,10536,51094.0
Random Uniform (d=5) (sample 23),60,10904,41889.0
Random Uniform (d=5) (sample 23),61,11274,78339.0
Random Uniform (d=5) (sample 23),62,11654,137806.0
Random Uniform (d=5) (sample 23),63,12040,197962.0
Random Uniform (d=5) (sample 23),64,12428,198014.0
Random Uniform (d=5) (sample 23),65,12824,259428.0
Random Uniform (d=5) (sample 23),66,13228,416084.0
Random Uniform (d=5) (sample 23),67,13634,529451.0
Random Uniform (d=5) (sample 23),68,14046,116133.0
Random Uniform (d=5) (sample 23),69,14464,140848.0
Random Uniform (d=5) (sample 23),70,14886,181062.0
Random Uniform (d=5) (sample 23),71,15312,278909.0
Random Uniform (d=5) (sample 23),72,15748,380511.0
Random Uniform (d=5) (sample 23),73,16188,204922.0
Random Uniform (d=5) (sample 23),74,16630,295029.0
Random Uniform (d=5) (sample 23),75,17078,386846.0
Random Uniform (d=5) (sample 23),76,17532,424558.0
Random Uniform (d=5) (sample 23),77,17988,533446.0
Random Uniform (d=5) (sample 23),78,18452,621580.0
Random Uniform (d=5) (sample 23),79,18920,1063840.0
Random Uniform (d=5) (sample 23),80,19390,458814.0
Random Uniform (d=5) (sample 23),81,19870,524871.0
Random Uniform (d=5) (sample 24),1,2,1.0
Random Uniform (d=5) (sample 24),2,6,1.0
Random Uniform (d=5) (sample 24),3,14,1.0
Random Uniform (d=5) (sample 24),4,28,2.0
Random Uniform (d=5) (sample 24),5,44,2.0
Random Uniform (d=5) (sample 24),6,62,2.0
Random Uniform (d=5) (sample 24),7,88,3.0
Random Uniform (d=5) (sample 24),8,120,4.0
Random Uniform (d=5) (sample 24),9,156,5.0
Random Uniform (d=5) (sample 24),10,202,7.0
Random Uniform (d=5) (sample 24),11,250,8.0
Random Uniform (d=5) (sample 24),12,304,10.0
Random Uniform (d=5) (sample 24),13,364,12.0
Random Uniform (d=5) (sample 24),14,430,18.0
Random Uniform (d=5) (sample 24),15,498,14.0
Random Uniform (d=5) (sample 24),16,576,26.0
Random Uniform (d=5) (sample 24),17,660,25.0
Random Uniform (d=5) (sample 24),18,750,36.0
Random Uniform (d=5) (sample 24),19,846,70.0
Random Uniform (d=5) (sample 24),20,950,71.0
Random Uniform (d=5) (sample 24),21,1058,122.0
Random Uniform (d=5) (sample 24),22,1176,167.0
Random Uniform (d=5) (sample 24),23,1302,242.0
Random Uniform (d=5) (sample 24),24,1438,388.0
Random Uniform (d=5) (sample 24),25,1582,383.0
Random Uniform (d=5) (sample 24),26,1732,558.0
Random Uniform (d=5) (sample 24),27,1886,772.0
Random Uniform (d=5) (sample 24),28,2042,1145.0
Random Uniform (d=5) (sample 24),29,2208,2162.0
Random Uniform (d=5) (sample 24),30,2384,2521.0
Random Uniform (d=5) (sample 24),31,2564,2340.0
Random Uniform (d=5) (sample 24),32,2752,3984.0
Random Uniform (d=5) (sample 24),33,2950,5837.0
Random Uniform (d=5) (sample 24),34,3152,4126.0
Random Uniform (d=5) (sample 24),35,3360,7878.0
Random Uniform (d=5) (sample 24),36,3570,11177.0
Random Uniform (d=5) (sample 24),37,3784,4047.0
Random Uniform (d=5) (sample 24),38,4000,5238.0
Random Uniform (d=5) (sample 24),39,4220,8333.0
Random Uniform (d=5) (sample 24),40,4450,14678.0
Random Uniform (d=5) (sample 24),41,4684,6713.0
Random Uniform (d=5) (sample 24),42,4920,8651.0
Random Uniform (d=5) (sample 24),43,5160,13404.0
Random Uniform (d=5) (sample 24),44,5406,18329.0
Random Uniform (d=5) (sample 24),45,5660,10031.0
Random Uniform (d=5) (sample 24),46,5922,6843.0
Random Uniform (d=5) (sample 24),47,6194,7349.0
Random Uniform (d=5) (sample 24),48,6472,12772.0
Random Uniform (d=5) (sample 24),49,6756,7353.0
Random Uniform (d=5) (sample 24),50,7048,9664.0
Random Uniform (d=5) (sample 24),51,7344,7132.0
Random Uniform (d=5) (sample 24),52,7650,11369.0
Random Uniform (d=5) (sample 24),53,7960,13791.0
Random Uniform (d=5) (sample 24),54,8278,25698.0
Random Uniform (d=5) (sample 24),55,8600,37839.0
Random Uniform (d=5) (sample 24),56,8928,74172.0
Random Uniform (d=5) (sample 24),57,9266,124014.0
Random Uniform (d=5) (sample 24),58,9612,136137.0
Random Uniform (d=5) (sample 24),59,9966,138028.0
Random Uniform (d=5) (sample 24),60,10322,225837.0
Random Uniform (d=5) (sample 24),61,10680,75145.0
Random Uniform (d=5) (sample 24),62,11046,109832.0
Random Uniform (d=5) (sample 24),63,11416,171952.0
Random Uniform (d=5) (sample 24),64,11788,282047.0
Random Uniform (d=5) (sample 24),65,12168,285909.0
Random Uniform (d=5) (sample 24),66,12554,358397.0
Random Uniform (d=5) (sample 24),67,12942,642104.0
Random Uniform (d=5) (sample 24),68,13332,254462.0
Random Uniform (d=5) (sample 24),69,13732,425253.0
Random Uniform (d=5) (sample 24),70,14134,603544.0
Random Uniform (d=5) (sample 24),71,14542,989132.0
Random Uniform (d=5) (sample 24),72,14954,1365425.0
Random Uniform (d=5) (sample 24),73,15368,1001028.0
Random Uniform (d=5) (sample 24),74,15788,1984204.0
Random Uniform (d=5) (sample 24),75,16218,3906118.0
Random Uniform (d=5) (sample 24),76,16650,6732286.0
Random Uniform (d=5) (sample 24),77,17084,6090570.0
Random Uniform (d=5) (sample 24),78,17522,8267020.0
Random Uniform (d=5) (sample 24),79,17962,16151712.0
Random Uniform (d=5) (sample 24),80,18406,15606289.0
Random Uniform (d=5) (sample 24),81,18856,30385679.0
Random Uniform (d=5) (sample 24),82,19316,58459786.0
Random Uniform (d=5) (sample 24),83,19780,64868282.0
Random Uniform (d=5) (sample 25),1,10,1.0
Random Uniform (d=5) (sample 25),2,28,1.0
Random Uniform (d=5) (sample 25),3,54,1.0
Random Uniform (d=5) (sample 25),4,82,1.0
Random Uniform (d=5) (sample 25),5,112,1.0
Random Uniform (d=5) (sample 25),6,150,2.0
Random Uniform (d=5) (sample 25),7,190,3.0
Random Uniform (d=5) (sample 25),8,236,3.0
Random Uniform (d=5) (sample 25),9,288,3.0
Random Uniform (d=5) (sample 25),10,344,5.0
Random Uniform (d=5) (sample 25),11,406,5.0
Random Uniform (d=5) (sample 25),12,478,7.0
Random Uniform (d=5) (sample 25),13,552,8.0
Random Uniform (d=5) (sample 25),14,636,10.0
Random Uniform (d=5) (sample 25),15,730,10.0
Random Uniform (d=5) (sample 25),16,832,10.0
Random Uniform (d=5) (sample 25),17,938,18.0
Random Uniform (d=5) (sample 25),18,1048,13.0
Random Uniform (d=5) (sample 25),19,1168,18.0
Random Uniform (d=5) (sample 25),20,1292,27.0
Random Uniform (d=5) (sample 25),21,1422,21.0
Random Uniform (d=5) (sample 25),22,1562,26.0
Random Uniform (d=5) (sample 25),23,1704,43.0
Random Uniform (d=5) (sample 25),24,1850,51.0
Random Uniform (d=5) (sample 25),25,1998,77.0
Random Uniform (d=5) (sample 25),26,2152,80.0
Random Uniform (d=5) (sample 25),27,2310,98.0
Random Uniform (d=5) (sample 25),28,2476,86.0
Random Uniform (d=5) (sample 25),29,2648,89.0
Random Uniform (d=5) (sample 25),30,2826,118.0
Random Uniform (d=5) (sample 25),31,3012,122.0
Random Uniform (d=5) (sample 25),32,3200,139.0
Random Uniform (d=5) (sample 25),33,3390,212.0
Random Uniform (d=5) (sample 25),34,3586,278.0
Random Uniform (d=5) (sample 25),35,3788,299.0
Random Uniform (d=5) (sample 25),36,3994,501.0
Random Uniform (d=5) (sample 25),37,4204,694.0
Random Uniform (d=5) (sample 25),38,4420,1320.0
Random Uniform (d=5) (sample 25),39,4640,1778.0
Random Uniform (d=5) (sample 25),40,4868,2169.0
Random Uniform (d=5) (sample 25),41,5100,3816.0
Random Uniform (d=5) (sample 25),42,5338,6589.0
Random Uniform (d=5) (sample 25),43,5578,2808.0
Random Uniform (d=5) (sample 25),44,5820,4176.0
Random Uniform (d=5) (sample 25),45,6070,5485.0
Random Uniform (d=5) (sample 25),46,6322,6766.0
Random Uniform (d=5) (sample 25),47,6576,11223.0
Random Uniform (d=5) (sample 25),48,6836,17541.0
Random Uniform (d=5) (sample 25),49,7102,21801.0
Random Uniform (d=5) (sample 25),50,7374,20993.0
Random Uniform (d=5) (sample 25),51,7652,13359.0
Random Uniform (d=5) (sample 25),52,7936,18029.0
Random Uniform (d=5) (sample 25),53,8224,22799.0
Random Uniform (d=5) (sample 25),54,8520,30618.0
Random Uniform (d=5) (sample 25),55,8822,37164.0
Random Uniform (d=5) (sample 25),56,9128,51942.0
Random Uniform (d=5) (sample 25),57,9444,63491.0
Random Uniform (d=5) (sample 25),58,9766,65977.0
Random Uniform (d=5) (sample 25),59,10096,77415.0
Random Uniform (d=5) (sample 25),60,10434,92755.0
Random Uniform (d=5) (sample 25),61,10780,108538.0
Random Uniform (d=5) (sample 25),62,11132,119045.0
Random Uniform (d=5) (sample 25),63,11486,132152.0
Random Uniform (d=5) (sample 25),64,11842,171712.0
Random Uniform (d=5) (sample 25),65,12208,216233.0
Random Uniform (d=5) (sample 25),66,12584,260477.0
Random Uniform (d=5) (sample 25),67,12970,314018.0
Random Uniform (d=5) (sample 25),68,13362,418228.0
Random Uniform (d=5) (sample 25),69,13758,425238.0
Random Uniform (d=5) (sample 25),70,14164,342125.0
Random Uniform (d=5) (sample 25),71,14580,355738.0
Random Uniform (d=5) (sample 25),72,15000,442838.0
Random Uniform (d=5) (sample 25),73,15430,468638.0
Random Uniform (d=5) (sample 25),74,15870,545673.0
Random Uniform (d=5) (sample 25),75,16314,562224.0
Random Uniform (d=5) (sample 25),76,16766,726425.0
Random Uniform (d=5) (sample 25),77,17224,755297.0
Random Uniform (d=5) (sample 25),78,17688,843554.0
Random Uniform (d=5) (sample 25),79,18156,873473.0
Random Uniform (d=5) (sample 25),80,18634,1008375.0
Random Uniform (d=5) (sample 25),81,19120,1114935.0
Random Uniform (d=5) (sample 25),82,19610,1097154.0
Random Uniform (d=5) (sample 26),1,2,1.0
Random Uniform (d=5) (sample 26),2,12,1.0
Random Uniform (d=5) (sample 26),3,28,1.0
Random Uniform (d=5) (sample 26),4,54,1.0
Random Uniform (d=5) (sample 26),5,82,1.0
Random Uniform (d=5) (sample 26),6,114,2.0
Random Uniform (d=5) (sample 26),7,156,1.0
Random Uniform (d=5) (sample 26),8,208,2.0
Random Uniform (d=5) (sample 26),9,270,2.0
Random Uniform (d=5) (sample 26),10,342,3.0
Random Uniform (d=5) (sample 26),11,424,4.0
Random Uniform (d=5) (sample 26),12,514,4.0
Random Uniform (d=5) (sample 26),13,614,6.0
Random Uniform (d=5) (sample 26),14,724,8.0
Random Uniform (d=5) (sample 26),15,838,8.0
Random Uniform (d=5) (sample 26),16,958,15.0
Random Uniform (d=5) (sample 26),17,1084,22.0
Random Uniform (d=5) (sample 26),18,1212,21.0
Random Uniform (d=5) (sample 26),19,1342,27.0
Random Uniform (d=5) (sample 26),20,1480,38.0
Random Uniform (d=5) (sample 26),21,1628,51.0
Random Uniform (d=5) (sample 26),22,1782,84.0
Random Uniform (d=5) (sample 26),23,1938,41.0
Random Uniform (d=5) (sample 26),24,2100,33.0
Random Uniform (d=5) (sample 26),25,2268,58.0
Random Uniform (d=5) (sample 26),26,2442,108.0
Random Uniform (d=5) (sample 26),27,2618,94.0
Random Uniform (d=5) (sample 26),28,2804,154.0
Random Uniform (d=5) (sample 26),29,2992,198.0
Random Uniform (d=5) (sample 26),30,3186,296.0
Random Uniform (d=5) (sample 26),31,3390,430.0
Random Uniform (d=5) (sample 26),32,3600,456.0
Random Uniform (d=5) (sample 26),33,3816,565.0
Random Uniform (d=5) (sample 26),34,4036,487.0
Random Uniform (d=5) (sample 26),35,4258,770.0
Random Uniform (d=5) (sample 26),36,4490,1041.0
Random Uniform (d=5) (sample 26),37,4730,1626.0
Random Uniform (d=5) (sample 26),38,4976,818.0
Random Uniform (d=5) (sample 26),39,5232,1209.0
Random Uniform (d=5) (sample 26),40,5494,1646.0
Random Uniform (d=5) (sample 26),41,5760,2519.0
Random Uniform (d=5) (sample 26),42,6030,3049.0
Random Uniform (d=5) (sample 26),43,6310,5522.0
Random Uniform (d=5) (sample 26),44,6598,6845.0
Random Uniform (d=5) (sample 26),45,6888,11010.0
Random Uniform (d=5) (sample 26),46,7180,3199.0
Random Uniform (d=5) (sample 26),47,7474,4321.0
Random Uniform (d=5) (sample 26),48,7772,6017.0
Random Uniform (d=5) (sample 26),49,8078,5698.0
Random Uniform (d=5) (sample 26),50,8392,10011.0
Random Uniform (d=5) (sample 26),51,8710,13919.0
Random Uniform (d=5) (sample 26),52,9030,17717.0
Random Uniform (d=5) (sample 26),53,9358,31223.0
Random Uniform (d=5) (sample 26),54,9694,22729.0
Random Uniform (d=5) (sample 26),55,10034,19465.0
Random Uniform (d=5) (sample 26),56,10376,25419.0
Random Uniform (d=5) (sample 26),57,10720,18380.0
Random Uniform (d=5) (sample 26),58,11068,33776.0
Random Uniform (d=5) (sample 26),59,11424,29028.0
Random Uniform (d=5) (sample 26),60,11788,24951.0
Random Uniform (d=5) (sample 26),61,12162,33792.0
Random Uniform (d=5) (sample 26),62,12544,60441.0
Random Uniform (d=5) (sample 26),63,12930,77114.0
Random Uniform (d=5) (sample 26),64,13324,84433.0
Random Uniform (d=5) (sample 26),65,13720,68742.0
Random Uniform (d=5) (sample 26),66,14118,69496.0
Random Uniform (d=5) (sample 26),67,14518,79968.0
Random Uniform (d=5) (sample 26),68,14924,120097.0
Random Uniform (d=5) (sample 26),69,15336,197269.0
Random Uniform (d=5) (sample 26),70,15752,225211.0
Random Uniform (d=5) (sample 26),71,16176,139939.0
Random Uniform (d=5) (sample 26),72,16602,216855.0
Random Uniform (d=5) (sample 26),73,17030,254092.0
Random Uniform (d=5) (sample 26),74,17464,338438.0
Random Uniform (d=5) (sample 26),75,17908,426393.0
Random Uniform (d=5) (sample 26),76,18358,501368.0
Random Uniform (d=5) (sample 26),77,18812,718734.0
Random Uniform (d=5) (sample 26),78,19272,921792.0
Random Uniform (d=5) (sample 26),79,19736,1380291.0
Random Uniform (d=5) (sample 27),1,6,1.0
Random Uniform (d=5) (sample 27),2,14,1.0
Random Uniform (d=5) (sample 27),3,26,1.0
Random Uniform (d=5) (sample 27),4,48,1.0
Random Uniform (d=5) (sample 27),5,72,2.0
Random Uniform (d=5) (sample 27),6,104,2.0
Random Uniform (d=5) (sample 27),7,144,2.0
Random Uniform (d=5) (sample 27),8,194,3.0
Random Uniform (d=5) (sample 27),9,246,4.0
Random Uniform (d=5) (sample 27),10,300,6.0
Random Uniform (d=5) (sample 27),11,364,10.0
Random Uniform (d=5) (sample 27),12,438,7.0
Random Uniform (d=5) (sample 27),13,520,10.0
Random Uniform (d=5) (sample 27),14,610,15.0
Random Uniform (d=5) (sample 27),15,704,19.0
Random Uniform (d=5) (sample 27),16,800,20.0
Random Uniform (d=5) (sample 27),17,900,16.0
Random Uniform (d=5) (sample 27),18,1006,18.0
Random Uniform (d=5) (sample 27),19,1120,21.0
Random Uniform (d=5) (sample 27),20,1242,26.0
Random Uniform (d=5) (sample 27),21,1370,36.0
Random Uniform (d=5) (sample 27),22,1506,50.0
Random Uniform (d=5) (sample 27),23,1652,46.0
Random Uniform (d=5) (sample 27),24,1808,78.0
Random Uniform (d=5) (sample 27),25,1968,109.0
Random Uniform (d=5) (sample 27),26,2130,162.0
Random Uniform (d=5) (sample 27),27,2302,135.0
Random Uniform (d=5) (sample 27),28,2484,151.0
Random Uniform (d=5) (sample 27),29,2670,190.0
Random Uniform (d=5) (sample 27),30,2862,330.0
Random Uniform (d=5) (sample 27),31,3060,530.0
Random Uniform (d=5) (sample 27),32,3268,829.0
Random Uniform (d=5) (sample 27),33,3486,1553.0
Random Uniform (d=5) (sample 27),34,3706,1358.0
Random Uniform (d=5) (sample 27),35,3936,1920.0
Random Uniform (d=5) (sample 27),36,4174,3054.0
Random Uniform (d=5) (sample 27),37,4418,5439.0
Random Uniform (d=5) (sample 27),38,4664,5109.0
Random Uniform (d=5) (sample 27),39,4916,1803.0
Random Uniform (d=5) (sample 27),40,5170,2887.0
Random Uniform (d=5) (sample 27),41,5434,4892.0
Random Uniform (d=5) (sample 27),42,5708,7166.0
Random Uniform (d=5) (sample 27),43,5988,11681.0
Random Uniform (d=5) (sample 27),44,6272,16760.0
Random Uniform (d=5) (sample 27),45,6562,31607.0
Random Uniform (d=5) (sample 27),46,6854,37131.0
Random Uniform (d=5) (sample 27),47,7150,52978.0
Random Uniform (d=5) (sample 27),48,7452,69739.0
Random Uniform (d=5) (sample 27),49,7758,122247.0
Random Uniform (d=5) (sample 27),50,8068,195446.0
Random Uniform (d=5) (sample 27),51,8388,276416.0
Random Uniform (d=5) (sample 27),52,8718,353343.0
Random Uniform (d=5) (sample 27),53,9056,421126.0
Random Uniform (d=5) (sample 27),54,9398,784893.0
Random Uniform (d=5) (sample 27),55,9748,710782.0
Random Uniform (d=5) (sample 27),56,10106,1191676.0
Random Uniform (d=5) (sample 27),57,10466,599881.0
Random Uniform (d=5) (sample 27),58,10832,878662.0
Random Uniform (d=5) (sample 27),59,11206,912701.0
Random Uniform (d=5) (sample 27),60,11588,1645178.0
Random Uniform (d=5) (sample 27),61,11978,568201.0
Random Uniform (d=5) (sample 27),62,12376,1118959.0
Random Uniform (d=5) (sample 27),63,12778,1611729.0
Random Uniform (d=5) (sample 27),64,13186,3123222.0
Random Uniform (d=5) (sample 27),65,13596,3445538.0
Random Uniform (d=5) (sample 27),66,14008,4066628.0
Random Uniform (d=5) (sample 27),67,14422,7526300.0
Random Uniform (d=5) (sample 27),68,14844,7101198.0
Random Uniform (d=5) (sample 27),69,15276,4397840.0
Random Uniform (d=5) (sample 27),70,15714,6711536.0
Random Uniform (d=5) (sample 27),71,16158,13088938.0
Random Uniform (d=5) (sample 27),72,16610,2192165.0
Random Uniform (d=5) (sample 27),73,17066,2304719.0
Random Uniform (d=5) (sample 27),74,17528,801162.0
Random Uniform (d=5) (sample 27),75,17998,1431259.0
Random Uniform (d=5) (sample 27),76,18478,2624791.0
Random Uniform (d=5) (sample 27),77,18966,1817521.0
Random Uniform (d=5) (sample 27),78,19464,1755616.0
Random Uniform (d=5) (sample 27),79,19972,2869739.0
Random Uniform (d=5) (sample 28),1,10,1.0
Random Uniform (d=5) (sample 28),2,22,1.0
Random Uniform (d=5) (sample 28),3,42,1.0
Random Uniform (d=5) (sample 28),4,66,1.0
Random Uniform (d=5) (sample 28),5,100,2.0
Random Uniform (d=5) (sample 28),6,138,2.0
Random Uniform (d=5) (sample 28),7,180,3.0
Random Uniform (d=5) (sample 28),8,232,4.0
Random Uniform (d=5) (sample 28),9,286,5.0
Random Uniform (d=5) (sample 28),10,346,5.0
Random Uniform (d=5) (sample 28),11,416,7.0
Random Uniform (d=5) (sample 28),12,494,9.0
Random Uniform (d=5) (sample 28),13,580,15.0
Random Uniform (d=5) (sample 28),14,676,22.0
Random Uniform (d=5) (sample 28),15,782,21.0
Random Uniform (d=5) (sample 28),16,892,29.0
Random Uniform (d=5) (sample 28),17,1008,14.0
Random Uniform (d=5) (sample 28),18,1126,23.0
Random Uniform (d=5) (sample 28),19,1252,35.0
Random Uniform (d=5) (sample 28),20,1384,51.0
Random Uniform (d=5) (sample 28),21,1520,94.0
Random Uniform (d=5) (sample 28),22,1662,74.0
Random Uniform (d=5) (sample 28),23,1806,116.0
Random Uniform (d=5) (sample 28),24,1960,179.0
Random Uniform (d=5) (sample 28),25,2124,267.0
Random Uniform (d=5) (sample 28),26,2298,332.0
Random Uniform (d=5) (sample 28),27,2476,327.0
Random Uniform (d=5) (sample 28),28,2656,490.0
Random Uniform (d=5) (sample 28),29,2842,434.0
Random Uniform (d=5) (sample 28),30,3036,549.0
Random Uniform (d=5) (sample 28),31,3234,730.0
Random Uniform (d=5) (sample 28),32,3434,1219.0
Random Uniform (d=5) (sample 28),33,3642,2324.0
Random Uniform (d=5) (sample 28),34,3860,3630.0
Random Uniform (d=5) (sample 28),35,4080,3181.0
Random Uniform (d=5) (sample 28),36,4306,6328.0
Random Uniform (d=5) (sample 28),37,4536,11548.0
Random Uniform (d=5) (sample 28),38,4768,10649.0
Random Uniform (d=5) (sample 28),39,5010,4455.0
Random Uniform (d=5) (sample 28),40,5256,1451.0
Random Uniform (d=5) (sample 28),41,5510,1835.0
Random Uniform (d=5) (sample 28),42,5774,2008.0
Random Uniform (d=5) (sample 28),43,6046,3143.0
Random Uniform (d=5) (sample 28),44,6328,5294.0
Random Uniform (d=5) (sample 28),45,6616,4795.0
Random Uniform (d=5) (sample 28),46,6908,8035.0
Random Uniform (d=5) (sample 28),47,7202,9572.0
Random Uniform (d=5) (sample 28),48,7504,17013.0
Random Uniform (d=5) (sample 28),49,7814,31271.0
Random Uniform (d=5) (sample 28),50,8132,51206.0
Random Uniform (d=5) (sample 28),51,8456,18752.0
Random Uniform (d=5) (sample 28),52,8786,26977.0
Random Uniform (d=5) (sample 28),53,9122,37446.0
Random Uniform (d=5) (sample 28),54,9468,69682.0
Random Uniform (d=5) (sample 28),55,9820,54812.0
Random Uniform (d=5) (sample 28),56,10176,99669.0
Random Uniform (d=5) (sample 28),57,10536,55314.0
Random Uniform (d=5) (sample 28),58,10906,49156.0
Random Uniform (d=5) (sample 28),59,11284,63619.0
Random Uniform (d=5) (sample 28),60,11668,44334.0
Random Uniform (d=5) (sample 28),61,12058,47819.0
Random Uniform (d=5) (sample 28),62,12454,86843.0
Random Uniform (d=5) (sample 28),63,12858,156362.0
Random Uniform (d=5) (sample 28),64,13266,200552.0
Random Uniform (d=5) (sample 28),65,13682,152172.0
Random Uniform (d=5) (sample 28),66,14102,52430.0
Random Uniform (d=5) (sample 28),67,14530,53146.0
Random Uniform (d=5) (sample 28),68,14968,38557.0
Random Uniform (d=5) (sample 28),69,15414,48766.0
Random Uniform (d=5) (sample 28),70,15862,67665.0
Random Uniform (d=5) (sample 28),71,16318,98726.0
Random Uniform (d=5) (sample 28),72,16780,145199.0
Random Uniform (d=5) (sample 28),73,17246,103483.0
Random Uniform (d=5) (sample 28),74,17720,188135.0
Random Uniform (d=5) (sample 28),75,18198,143073.0
Random Uniform (d=5) (sample 28),76,18678,83651.0
Random Uniform (d=5) (sample 28),77,19160,112545.0
Random Uniform (d=5) (sample 28),78,19644,206058.0
Random Uniform (d=5) (sample 29),1,10,1.0
Random Uniform (d=5) (sample 29),2,28,1.0
Random Uniform (d=5) (sample 29),3,50,1.0
Random Uniform (d=5) (sample 29),4,76,1.0
Random Uniform (d=5) (sample 29),5,106,2.0
Random Uniform (d=5) (sample 29),6,140,3.0
Random Uniform (d=5) (sample 29),7,184,2.0
Random Uniform (d=5) (sample 29),8,238,3.0
Random Uniform (d=5) (sample 29),9,294,4.0
Random Uniform (d=5) (sample 29),10,360,4.0
Random Uniform (d=5) (sample 29),11,428,6.0
Random Uniform (d=5) (sample 29),12,498,9.0
Random Uniform (d=5) (sample 29),13,574,11.0
Random Uniform (d=5) (sample 29),14,652,16.0
Random Uniform (d=5) (sample 29),15,732,24.0
Random Uniform (d=5) (sample 29),16,816,26.0
Random Uniform (d=5) (sample 29),17,904,35.0
Random Uniform (d=5) (sample 29),18,996,68.0
Random Uniform (d=5) (sample 29),19,1098,61.0
Random Uniform (d=5) (sample 29),20,1202,98.0
Random Uniform (d=5) (sample 29),21,1312,66.0
Random Uniform (d=5) (sample 29),22,1426,68.0
Random Uniform (d=5) (sample 29),23,1546,99.0
Random Uniform (d=5) (sample 29),24,1672,105.0
Random Uniform (d=5) (sample 29),25,1802,127.0
Random Uniform (d=5) (sample 29),26,1942,207.0
Random Uniform (d=5) (sample 29),27,2088,245.0
Random Uniform (d=5) (sample 29),28,2244,335.0
Random Uniform (d=5) (sample 29),29,2408,394.0
Random Uniform (d=5) (sample 29),30,2582,304.0
Random Uniform (d=5) (sample 29),31,2764,307.0
Random Uniform (d=5) (sample 29),32,2948,375.0
Random Uniform (d=5) (sample 29),33,3136,569.0
Random Uniform (d=5) (sample 29),34,3334,828.0
Random Uniform (d=5) (sample 29),35,3536,486.0
Random Uniform (d=5) (sample 29),36,3748,600.0
Random Uniform (d=5) (sample 29),37,3962,560.0
Random Uniform (d=5) (sample 29),38,4178,829.0
Random Uniform (d=5) (sample 29),39,4402,795.0
Random Uniform (d=5) (sample 29),40,4630,1202.0
Random Uniform (d=5) (sample 29),41,4864,1042.0
Random Uniform (d=5) (sample 29),42,5106,855.0
Random Uniform (d=5) (sample 29),43,5356,876.0
Random Uniform (d=5) (sample 29),44,5608,1075.0
Random Uniform (d=5) (sample 29),45,5862,1677.0
Random Uniform (d=5) (sample 29),46,6122,1972.0
Random Uniform (d=5) (sample 29),47,6390,2335.0
Random Uniform (d=5) (sample 29),48,6662,2800.0
Random Uniform (d=5) (sample 29),49,6942,2760.0
Random Uniform (d=5) (sample 29),50,7224,2454.0
Random Uniform (d=5) (sample 29),51,7508,3420.0
Random Uniform (d=5) (sample 29),52,7802,3419.0
Random Uniform (d=5) (sample 29),53,8100,4582.0
Random Uniform (d=5) (sample 29),54,8406,5527.0
Random Uniform (d=5) (sample 29),55,8720,6274.0
Random Uniform (d=5) (sample 29),56,9040,6943.0
Random Uniform (d=5) (sample 29),57,9364,10188.0
Random Uniform (d=5) (sample 29),58,9690,13319.0
Random Uniform (d=5) (sample 29),59,10020,17960.0
Random Uniform (d=5) (sample 29),60,10354,16038.0
Random Uniform (d=5) (sample 29),61,10694,19962.0
Random Uniform (d=5) (sample 29),62,11040,24607.0
Random Uniform (d=5) (sample 29),63,11396,34027.0
Random Uniform (d=5) (sample 29),64,11754,48537.0
Random Uniform (d=5) (sample 29),65,12118,70569.0
Random Uniform (d=5) (sample 29),66,12484,74195.0
Random Uniform (d=5) (sample 29),67,12856,96844.0
Random Uniform (d=5) (sample 29),68,13238,136308.0
Random Uniform (d=5) (sample 29),69,13628,205345.0
Random Uniform (d=5) (sample 29),70,14028,249537.0
Random Uniform (d=5) (sample 29),71,14432,364717.0
Random Uniform (d=5) (sample 29),72,14842,621495.0
Random Uniform (d=5) (sample 29),73,15256,986236.0
Random Uniform (d=5) (sample 29),74,15674,533754.0
Random Uniform (d=5) (sample 29),75,16102,474401.0
Random Uniform (d=5) (sample 29),76,16538,743584.0
Random Uniform (d=5) (sample 29),77,16984,1034093.0
Random Uniform (d=5) (sample 29),78,17436,1676813.0
Random Uniform (d=5) (sample 29),79,17896,1764297.0
Random Uniform (d=5) (sample 29),80,18360,1224652.0
Random Uniform (d=5) (sample 29),81,18828,1726244.0
Random Uniform (d=5) (sample 29),82,19298,758215.0
Random Uniform (d=5) (sample 29),83,19770,875331.0
Random Uniform (d=5) (sample 30),1,10,1.0
Random Uniform (d=5) (sample 30),2,24,1.0
Random Uniform (d=5) (sample 30),3,42,1.0
Random Uniform (d=5) (sample 30),4,66,1.0
Random Uniform (d=5) (sample 30),5,100,1.0
Random Uniform (d=5) (sample 30),6,144,2.0
Random Uniform (d=5) (sample 30),7,192,2.0
Random Uniform (d=5) (sample 30),8,246,2.0
Random Uniform (d=5) (sample 30),9,302,2.0
Random Uniform (d=5) (sample 30),10,362,4.0
Random Uniform (d=5) (sample 30),11,426,5.0
Random Uniform (d=5) (sample 30),12,498,7.0
Random Uniform (d=5) (sample 30),13,572,6.0
Random Uniform (d=5) (sample 30),14,656,6.0
Random Uniform (d=5) (sample 30),15,748,8.0
Random Uniform (d=5) (sample 30),16,846,6.0
Random Uniform (d=5) (sample 30),17,948,11.0
Random Uniform (d=5) (sample 30),18,1052,13.0
Random Uniform (d=5) (sample 30),19,1166,15.0
Random Uniform (d=5) (sample 30),20,1288,24.0
Random Uniform (d=5) (sample 30),21,1418,37.0
Random Uniform (d=5) (sample 30),22,1558,35.0
Random Uniform (d=5) (sample 30),23,1702,34.0
Random Uniform (d=5) (sample 30),24,1848,50.0
Random Uniform (d=5) (sample 30),25,1996,63.0
Random Uniform (d=5) (sample 30),26,2152,84.0
Random Uniform (d=5) (sample 30),27,2318,67.0
Random Uniform (d=5) (sample 30),28,2494,112.0
Random Uniform (d=5) (sample 30),29,2680,82.0
Random Uniform (d=5) (sample 30),30,2872,132.0
Random Uniform (d=5) (sample 30),31,3068,187.0
Random Uniform (d=5) (sample 30),32,3270,285.0
Random Uniform (d=5) (sample 30),33,3476,365.0
Random Uniform (d=5) (sample 30),34,3690,490.0
Random Uniform (d=5) (sample 30),35,3906,428.0
Random Uniform (d=5) (sample 30),36,4126,237.0
Random Uniform (d=5) (sample 30),37,4350,293.0
Random Uniform (d=5) (sample 30),38,4580,443.0
Random Uniform (d=5) (sample 30),39,4816,344.0
Random Uniform (d=5) (sample 30),40,5056,516.0
Random Uniform (d=5) (sample 30),41,5304,482.0
Random Uniform (d=5) (sample 30),42,5554,839.0
Random Uniform (d=5) (sample 30),43,5812,549.0
Random Uniform (d=5) (sample 30),44,6076,556.0
Random Uniform (d=5) (sample 30),45,6344,558.0
Random Uniform (d=5) (sample 30),46,6616,751.0
Random Uniform (d=5) (sample 30),47,6890,932.0
Random Uniform (d=5) (sample 30),48,7170,1191.0
Random Uniform (d=5) (sample 30),49,7454,1600.0
Random Uniform (d=5) (sample 30),50,7744,2123.0
Random Uniform (d=5) (sample 30),51,8044,2612.0
Random Uniform (d=5) (sample 30),52,8354,3167.0
Random Uniform (d=5) (sample 30),53,8674,3636.0
Random Uniform (d=5) (sample 30),54,9000,4328.0
Random Uniform (d=5) (sample 30),55,9336,5336.0
Random Uniform (d=5) (sample 30),56,9680,5846.0
Random Uniform (d=5) (sample 30),57,10026,7489.0
Random Uniform (d=5) (sample 30),58,10374,8237.0
Random Uniform (d=5) (sample 30),59,10732,10237.0
Random Uniform (d=5) (sample 30),60,11098,12812.0
Random Uniform (d=5) (sample 30),61,11474,19251.0
Random Uniform (d=5) (sample 30),62,11860,31747.0
Random Uniform (d=5) (sample 30),63,12256,50387.0
Random Uniform (d=5) (sample 30),64,12660,89711.0
Random Uniform (d=5) (sample 30),65,13070,64009.0
Random Uniform (d=5) (sample 30),66,13488,42063.0
Random Uniform (d=5) (sample 30),67,13910,63440.0
Random Uniform (d=5) (sample 30),68,14338,39153.0
Random Uniform (d=5) (sample 30),69,14770,67451.0
Random Uniform (d=5) (sample 30),70,15212,105178.0
Random Uniform (d=5) (sample 30),71,15664,184377.0
Random Uniform (d=5) (sample 30),72,16118,158480.0
Random Uniform (d=5) (sample 30),73,16574,102905.0
Random Uniform (d=5) (sample 30),74,17040,87528.0
Random Uniform (d=5) (sample 30),75,17510,116405.0
Random Uniform (d=5) (sample 30),76,17990,213743.0
Random Uniform (d=5) (sample 30),77,18472,251230.0
Random Uniform (d=5) (sample 30),78,18962,428830.0
Random Uniform (d=5) (sample 30),79,19458,580856.0
Random Uniform (d=5) (sample 30),80,19962,625090.0
Random Poisson (λ=1) (sample 1),1,6,1.0
Random Poisson (λ=1) (sample 1),2,16,1.0
Random Poisson (λ=1) (sample 1),3,30,1.0
Random Poisson (λ=1) (sample 1),4,46,1.0
Random Poisson (λ=1) (sample 1),5,66,2.0
Random Poisson (λ=1) (sample 1),6,90,2.0
Random Poisson (λ=1) (sample 1),7,118,3.0
Random Poisson (λ=1) (sample 1),8,148,3.0
Random Poisson (λ=1) (sample 1),9,186,4.0
Random Poisson (λ=1) (sample 1),10,228,6.0
Random Poisson (λ=1) (sample 1),11,274,11.0
Random Poisson (λ=1) (sample 1),12,324,15.0
Random Poisson (λ=1) (sample 1),13,378,21.0
Random Poisson (λ=1) (sample 1),14,434,24.0
Random Poisson (λ=1) (sample 1),15,496,14.0
Random Poisson (λ=1) (sample 1),16,560,26.0
Random Poisson (λ=1) (sample 1),17,628,47.0
Random Poisson (λ=1) (sample 1),18,700,91.0
Random Poisson (λ=1) (sample 1),19,774,55.0
Random Poisson (λ=1) (sample 1),20,852,72.0
Random Poisson (λ=1) (sample 1),21,934,125.0
Random Poisson (λ=1) (sample 1),22,1024,221.0
Random Poisson (λ=1) (sample 1),23,1118,401.0
Random Poisson (λ=1) (sample 1),24,1214,376.0
Random Poisson (λ=1) (sample 1),25,1312,571.0
Random Poisson (λ=1) (sample 1),26,1414,647.0
Random Poisson (λ=1) (sample 1),27,1520,474.0
Random Poisson (λ=1) (sample 1),28,1632,910.0
Random Poisson (λ=1) (sample 1),29,1748,1656.0
Random Poisson (λ=1) (sample 1),30,1868,2862.0
Random Poisson (λ=1) (sample 1),31,1994,4416.0
Random Poisson (λ=1) (sample 1),32,2122,4156.0
Random Poisson (λ=1) (sample 1),33,2252,7572.0
Random Poisson (λ=1) (sample 1),34,2388,1783.0
Random Poisson (λ=1) (sample 1),35,2528,1101.0
Random Poisson (λ=1) (sample 1),36,2676,1920.0
Random Poisson (λ=1) (sample 1),37,2828,3610.0
Random Poisson (λ=1) (sample 1),38,2982,909.0
Random Poisson (λ=1) (sample 1),39,3142,1743.0
Random Poisson (λ=1) (sample 1),40,3304,1177.0
Random Poisson (λ=1) (sample 1),41,3470,1646.0
Random Poisson (λ=1) (sample 1),42,3644,3070.0
Random Poisson (λ=1) (sample 1),43,3828,3204.0
Random Poisson (λ=1) (sample 1),44,4014,4674.0
Random Poisson (λ=1) (sample 1),45,4204,4922.0
Random Poisson (λ=1) (sample 1),46,4398,2931.0
Random Poisson (λ=1) (sample 1),47,4598,5718.0
Random Poisson (λ=1) (sample 1),48,4804,4570.0
Random Poisson (λ=1) (sample 1),49,5012,7271.0
Random Poisson (λ=1) (sample 1),50,5222,9678.0
Random Poisson (λ=1) (sample 1),51,5434,11863.0
Random Poisson (λ=1) (sample 1),52,5650,10492.0
Random Poisson (λ=1) (sample 1),53,5868,19562.0
Random Poisson (λ=1) (sample 1),54,6092,4553.0
Random Poisson (λ=1) (sample 1),55,6320,4137.0
Random Poisson (λ=1) (sample 1),56,6550,6356.0
Random Poisson (λ=1) (sample 1),57,6782,8759.0
Random Poisson (λ=1) (sample 1),58,7016,10379.0
Random Poisson (λ=1) (sample 1),59,7258,6062.0
Random Poisson (λ=1) (sample 1),60,7504,5192.0
Random Poisson (λ=1) (sample 1),61,7758,6448.0
Random Poisson (λ=1) (sample 1),62,8014,7946.0
Random Poisson (λ=1) (sample 1),63,8276,9535.0
Random Poisson (λ=1) (sample 1),64,8544,9935.0
Random Poisson (λ=1) (sample 1),65,8814,11651.0
Random Poisson (λ=1) (sample 1),66,9090,13835.0
Random Poisson (λ=1) (sample 1),67,9372,12928.0
Random Poisson (λ=1) (sample 1),68,9658,13949.0
Random Poisson (λ=1) (sample 1),69,9946,16215.0
Random Poisson (λ=1) (sample 1),70,10238,20962.0
Random Poisson (λ=1) (sample 1),71,10534,23826.0
Random Poisson (λ=1) (sample 1),72,10834,32261.0
Random Poisson (λ=1) (sample 1),73,11136,32045.0
Random Poisson (λ=1) (sample 1),74,11440,41389.0
Random Poisson (λ=1) (sample 1),75,11748,57966.0
Random Poisson (λ=1) (sample 1),76,12062,65684.0
Random Poisson (λ=1) (sample 1),77,12378,91740.0
Random Poisson (λ=1) (sample 1),78,12698,110314.0
Random Poisson (λ=1) (sample 1),79,13026,146218.0
Random Poisson (λ=1) (sample 1),80,13356,146119.0
Random Poisson (λ=1) (sample 1),81,13690,179843.0
Random Poisson (λ=1) (sample 1),82,14032,181701.0
Random Poisson (λ=1) (sample 1),83,14378,224430.0
Random Poisson (λ=1) (sample 1),84,14730,256744.0
Random Poisson (λ=1) (sample 1),85,15084,284879.0
Random Poisson (λ=1) (sample 1),86,15440,377090.0
Random Poisson (λ=1) (sample 1),87,15800,427470.0
Random Poisson (λ=1) (sample 1),88,16166,525831.0
Random Poisson (λ=1) (sample 1),89,16542,529079.0
Random Poisson (λ=1) (sample 1),90,16924,607678.0
Random Poisson (λ=1) (sample 1),91,17308,672928.0
Random Poisson (λ=1) (sample 1),92,17696,799024.0
Random Poisson (λ=1) (sample 1),93,18086,923633.0
Random Poisson (λ=1) (sample 1),94,18480,1068976.0
Random Poisson (λ=1) (sample 1),95,18878,1282962.0
Random Poisson (λ=1) (sample 1),96,19278,1590370.0
Random Poisson (λ=1) (sample 1),97,19682,1929612.0
Random Poisson (λ=1) (sample 2),1,4,1.0
Random Poisson (λ=1) (sample 2),2,10,1.0
Random Poisson (λ=1) (sample 2),3,18,1.0
Random Poisson (λ=1) (sample 2),4,30,1.0
Random Poisson (λ=1) (sample 2),5,46,2.0
Random Poisson (λ=1) (sample 2),6,66,1.0
Random Poisson (λ=1) (sample 2),7,90,2.0
Random Poisson (λ=1) (sample 2),8,120,3.0
Random Poisson (λ=1) (sample 2),9,154,4.0
Random Poisson (λ=1) (sample 2),10,190,4.0
Random Poisson (λ=1) (sample 2),11,230,5.0
Random Poisson (λ=1) (sample 2),12,272,4.0
Random Poisson (λ=1) (sample 2),13,318,5.0
Random Poisson (λ=1) (sample 2),14,368,5.0
Random Poisson (λ=1) (sample 2),15,422,7.0
Random Poisson (λ=1) (sample 2),16,480,7.0
Random Poisson (λ=1) (sample 2),17,540,12.0
Random Poisson (λ=1) (sample 2),18,604,21.0
Random Poisson (λ=1) (sample 2),19,670,10.0
Random Poisson (λ=1) (sample 2),20,738,16.0
Random Poisson (λ=1) (sample 2),21,812,18.0
Random Poisson (λ=1) (sample 2),22,896,34.0
Random Poisson (λ=1) (sample 2),23,982,27.0
Random Poisson (λ=1) (sample 2),24,1072,33.0
Random Poisson (λ=1) (sample 2),25,1170,40.0
Random Poisson (λ=1) (sample 2),26,1270,42.0
Random Poisson (λ=1) (sample 2),27,1376,51.0
Random Poisson (λ=1) (sample 2),28,1488,67.0
Random Poisson (λ=1) (sample 2),29,1606,84.0
Random Poisson (λ=1) (sample 2),30,1732,97.0
Random Poisson (λ=1) (sample 2),31,1860,144.0
Random Poisson (λ=1) (sample 2),32,1990,182.0
Random Poisson (λ=1) (sample 2),33,2122,140.0
Random Poisson (λ=1) (sample 2),34,2256,156.0
Random Poisson (λ=1) (sample 2),35,2394,185.0
Random Poisson (λ=1) (sample 2),36,2534,110.0
Random Poisson (λ=1) (sample 2),37,2678,143.0
Random Poisson (λ=1) (sample 2),38,2826,179.0
Random Poisson (λ=1) (sample 2),39,2976,244.0
Random Poisson (λ=1) (sample 2),40,3130,377.0
Random Poisson (λ=1) (sample 2),41,3286,533.0
Random Poisson (λ=1) (sample 2),42,3444,363.0
Random Poisson (λ=1) (sample 2),43,3608,394.0
Random Poisson (λ=1) (sample 2),44,3776,544.0
Random Poisson (λ=1) (sample 2),45,3948,485.0
Random Poisson (λ=1) (sample 2),46,4124,826.0
Random Poisson (λ=1) (sample 2),47,4304,1070.0
Random Poisson (λ=1) (sample 2),48,4486,1535.0
Random Poisson (λ=1) (sample 2),49,4672,2586.0
Random Poisson (λ=1) (sample 2),50,4862,2721.0
Random Poisson (λ=1) (sample 2),51,5056,4251.0
Random Poisson (λ=1) (sample 2),52,5256,8437.0
Random Poisson (λ=1) (sample 2),53,5462,9548.0
Random Poisson (λ=1) (sample 2),54,5674,7991.0
Random Poisson (λ=1) (sample 2),55,5892,15567.0
Random Poisson (λ=1) (sample 2),56,6116,23369.0
Random Poisson (λ=1) (sample 2),57,6344,28960.0
Random Poisson (λ=1) (sample 2),58,6574,19599.0
Random Poisson (λ=1) (sample 2),59,6812,37806.0
Random Poisson (λ=1) (sample 2),60,7054,50542.0
Random Poisson (λ=1) (sample 2),61,7300,78199.0
Random Poisson (λ=1) (sample 2),62,7550,93506.0
Random Poisson (λ=1) (sample 2),63,7802,161583.0
Random Poisson (λ=1) (sample 2),64,8056,32343.0
Random Poisson (λ=1) (sample 2),65,8312,59376.0
Random Poisson (λ=1) (sample 2),66,8572,91330.0
Random Poisson (λ=1) (sample 2),67,8834,95534.0
Random Poisson (λ=1) (sample 2),68,9102,36116.0
Random Poisson (λ=1) (sample 2),69,9372,64773.0
Random Poisson (λ=1) (sample 2),70,9648,81544.0
Random Poisson (λ=1) (sample 2),71,9926,71498.0
Random Poisson (λ=1) (sample 2),72,10208,74171.0
Random Poisson (λ=1) (sample 2),73,10494,86711.0
Random Poisson (λ=1) (sample 2),74,10784,152650.0
Random Poisson (λ=1) (sample 2),75,11080,198696.0
Random Poisson (λ=1) (sample 2),76,11384,339090.0
Random Poisson (λ=1) (sample 2),77,11694,206443.0
Random Poisson (λ=1) (sample 2),78,12012,282168.0
Random Poisson (λ=1) (sample 2),79,12332,348254.0
Random Poisson (λ=1) (sample 2),80,12654,485974.0
Random Poisson (λ=1) (sample 2),81,12980,680728.0
Random Poisson (λ=1) (sample 2),82,13308,289432.0
Random Poisson (λ=1) (sample 2),83,13640,383248.0
Random Poisson (λ=1) (sample 2),84,13974,502717.0
Random Poisson (λ=1) (sample 2),85,14312,753803.0
Random Poisson (λ=1) (sample 2),86,14654,1059656.0
Random Poisson (λ=1) (sample 2),87,15000,2039499.0
Random Poisson (λ=1) (sample 2),88,15352,3270851.0
Random Poisson (λ=1) (sample 2),89,15710,2554142.0
Random Poisson (λ=1) (sample 2),90,16072,1061397.0
Random Poisson (λ=1) (sample 2),91,16442,1702529.0
Random Poisson (λ=1) (sample 2),92,16814,2240953.0
Random Poisson (λ=1) (sample 2),93,17188,1919971.0
Random Poisson (λ=1) (sample 2),94,17564,2301970.0
Random Poisson (λ=1) (sample 2),95,17944,3817579.0
Random Poisson (λ=1) (sample 2),96,18328,6608728.0
Random Poisson (λ=1) (sample 2),97,18714,8805787.0
Random Poisson (λ=1) (sample 2),98,19108,16065109.0
Random Poisson (λ=1) (sample 2),99,19508,24579661.0
Random Poisson (λ=1) (sample 2),100,19910,21801121.0
Random Poisson (λ=1) (sample 3),1,6,1.0
Random Poisson (λ=1) (sample 3),2,18,1.0
Random Poisson (λ=1) (sample 3),3,36,1.0
Random Poisson (λ=1) (sample 3),4,58,1.0
Random Poisson (λ=1) (sample 3),5,86,2.0
Random Poisson (λ=1) (sample 3),6,116,2.0
Random Poisson (λ=1) (sample 3),7,148,2.0
Random Poisson (λ=1) (sample 3),8,184,4.0
Random Poisson (λ=1) (sample 3),9,226,4.0
Random Poisson (λ=1) (sample 3),10,270,4.0
Random Poisson (λ=1) (sample 3),11,316,6.0
Random Poisson (λ=1) (sample 3),12,364,8.0
Random Poisson (λ=1) (sample 3),13,416,9.0
Random Poisson (λ=1) (sample 3),14,474,10.0
Random Poisson (λ=1) (sample 3),15,536,13.0
Random Poisson (λ=1) (sample 3),16,600,17.0
Random Poisson (λ=1) (sample 3),17,668,20.0
Random Poisson (λ=1) (sample 3),18,742,24.0
Random Poisson (λ=1) (sample 3),19,818,26.0
Random Poisson (λ=1) (sample 3),20,896,34.0
Random Poisson (λ=1) (sample 3),21,980,46.0
Random Poisson (λ=1) (sample 3),22,1068,60.0
Random Poisson (λ=1) (sample 3),23,1160,84.0
Random Poisson (λ=1) (sample 3),24,1254,114.0
Random Poisson (λ=1) (sample 3),25,1350,119.0
Random Poisson (λ=1) (sample 3),26,1448,174.0
Random Poisson (λ=1) (sample 3),27,1548,229.0
Random Poisson (λ=1) (sample 3),28,1650,309.0
Random Poisson (λ=1) (sample 3),29,1756,416.0
Random Poisson (λ=1) (sample 3),30,1868,556.0
Random Poisson (λ=1) (sample 3),31,1984,671.0
Random Poisson (λ=1) (sample 3),32,2102,947.0
Random Poisson (λ=1) (sample 3),33,2226,1073.0
Random Poisson (λ=1) (sample 3),34,2352,1344.0
Random Poisson (λ=1) (sample 3),35,2482,1582.0
Random Poisson (λ=1) (sample 3),36,2616,1928.0
Random Poisson (λ=1) (sample 3),37,2752,2492.0
Random Poisson (λ=1) (sample 3),38,2896,2914.0
Random Poisson (λ=1) (sample 3),39,3046,3256.0
Random Poisson (λ=1) (sample 3),40,3200,3664.0
Random Poisson (λ=1) (sample 3),41,3356,4348.0
Random Poisson (λ=1) (sample 3),42,3520,4779.0
Random Poisson (λ=1) (sample 3),43,3690,4991.0
Random Poisson (λ=1) (sample 3),44,3862,5693.0
Random Poisson (λ=1) (sample 3),45,4038,6297.0
Random Poisson (λ=1) (sample 3),46,4216,7358.0
Random Poisson (λ=1) (sample 3),47,4398,8616.0
Random Poisson (λ=1) (sample 3),48,4584,10318.0
Random Poisson (λ=1) (sample 3),49,4774,12059.0
Random Poisson (λ=1) (sample 3),50,4966,14877.0
Random Poisson (λ=1) (sample 3),51,5164,17398.0
Random Poisson (λ=1) (sample 3),52,5364,20890.0
Random Poisson (λ=1) (sample 3),53,5566,26386.0
Random Poisson (λ=1) (sample 3),54,5772,32234.0
Random Poisson (λ=1) (sample 3),55,5982,42481.0
Random Poisson (λ=1) (sample 3),56,6196,50128.0
Random Poisson (λ=1) (sample 3),57,6414,55673.0
Random Poisson (λ=1) (sample 3),58,6634,69428.0
Random Poisson (λ=1) (sample 3),59,6856,88719.0
Random Poisson (λ=1) (sample 3),60,7080,115373.0
Random Poisson (λ=1) (sample 3),61,7310,143722.0
Random Poisson (λ=1) (sample 3),62,7548,170567.0
Random Poisson (λ=1) (sample 3),63,7790,202174.0
Random Poisson (λ=1) (sample 3),64,8036,234800.0
Random Poisson (λ=1) (sample 3),65,8286,276843.0
Random Poisson (λ=1) (sample 3),66,8542,318455.0
Random Poisson (λ=1) (sample 3),67,8802,366605.0
Random Poisson (λ=1) (sample 3),68,9064,437343.0
Random Poisson (λ=1) (sample 3),69,9334,504570.0
Random Poisson (λ=1) (sample 3),70,9608,569612.0
Random Poisson (λ=1) (sample 3),71,9884,673452.0
Random Poisson (λ=1) (sample 3),72,10164,814759.0
Random Poisson (λ=1) (sample 3),73,10446,927993.0
Random Poisson (λ=1) (sample 3),74,10730,1150397.0
Random Poisson (λ=1) (sample 3),75,11016,1451795.0
Random Poisson (λ=1) (sample 3),76,11306,1877105.0
Random Poisson (λ=1) (sample 3),77,11598,2130147.0
Random Poisson (λ=1) (sample 3),78,11894,2662636.0
Random Poisson (λ=1) (sample 3),79,12194,3301000.0
Random Poisson (λ=1) (sample 3),80,12496,4191774.0
Random Poisson (λ=1) (sample 3),81,12800,5386899.0
Random Poisson (λ=1) (sample 3),82,13108,6923234.0
Random Poisson (λ=1) (sample 3),83,13420,8766376.0
Random Poisson (λ=1) (sample 3),84,13734,11303915.0
Random Poisson (λ=1) (sample 3),85,14050,14649767.0
Random Poisson (λ=1) (sample 3),86,14370,18809049.0
Random Poisson (λ=1) (sample 3),87,14694,24072426.0
Random Poisson (λ=1) (sample 3),88,15020,31417918.0
Random Poisson (λ=1) (sample 3),89,15350,40426308.0
Random Poisson (λ=1) (sample 3),90,15682,53013325.0
Random Poisson (λ=1) (sample 3),91,16016,69699854.0
Random Poisson (λ=1) (sample 3),92,16356,90285234.0
Random Poisson (λ=1) (sample 3),93,16698,117154546.0
Random Poisson (λ=1) (sample 3),94,17048,147303984.0
Random Poisson (λ=1) (sample 3),95,17406,176533876.0
Random Poisson (λ=1) (sample 3),96,17770,209260359.0
Random Poisson (λ=1) (sample 3),97,18140,241898509.0
Random Poisson (λ=1) (sample 3),98,18514,282287248.0
Random Poisson (λ=1) (sample 3),99,18892,327683130.0
Random Poisson (λ=1) (sample 3),100,19274,383177913.0
Random Poisson (λ=1) (sample 3),101,19658,453602087.0
Random Poisson (λ=1) (sample 4),1,6,1.0
Random Poisson (λ=1) (sample 4),2,14,1.0
Random Poisson (λ=1) (sample 4),3,26,1.0
Random Poisson (λ=1) (sample 4),4,46,1.0
Random Poisson (λ=1) (sample 4),5,70,2.0
Random Poisson (λ=1) (sample 4),6,98,2.0
Random Poisson (λ=1) (sample 4),7,130,2.0
Random Poisson (λ=1) (sample 4),8,166,2.0
Random Poisson (λ=1) (sample 4),9,206,3.0
Random Poisson (λ=1) (sample 4),10,248,5.0
Random Poisson (λ=1) (sample 4),11,296,4.0
Random Poisson (λ=1) (sample 4),12,348,5.0
Random Poisson (λ=1) (sample 4),13,404,5.0
Random Poisson (λ=1) (sample 4),14,462,7.0
Random Poisson (λ=1) (sample 4),15,524,8.0
Random Poisson (λ=1) (sample 4),16,590,14.0
Random Poisson (λ=1) (sample 4),17,660,23.0
Random Poisson (λ=1) (sample 4),18,734,33.0
Random Poisson (λ=1) (sample 4),19,818,53.0
Random Poisson (λ=1) (sample 4),20,910,79.0
Random Poisson (λ=1) (sample 4),21,1006,151.0
Random Poisson (λ=1) (sample 4),22,1106,281.0
Random Poisson (λ=1) (sample 4),23,1210,496.0
Random Poisson (λ=1) (sample 4),24,1316,308.0
Random Poisson (λ=1) (sample 4),25,1424,484.0
Random Poisson (λ=1) (sample 4),26,1536,662.0
Random Poisson (λ=1) (sample 4),27,1650,1021.0
Random Poisson (λ=1) (sample 4),28,1766,1145.0
Random Poisson (λ=1) (sample 4),29,1884,1859.0
Random Poisson (λ=1) (sample 4),30,2008,968.0
Random Poisson (λ=1) (sample 4),31,2136,425.0
Random Poisson (λ=1) (sample 4),32,2268,222.0
Random Poisson (λ=1) (sample 4),33,2402,399.0
Random Poisson (λ=1) (sample 4),34,2540,638.0
Random Poisson (λ=1) (sample 4),35,2680,606.0
Random Poisson (λ=1) (sample 4),36,2822,699.0
Random Poisson (λ=1) (sample 4),37,2968,1093.0
Random Poisson (λ=1) (sample 4),38,3118,1520.0
Random Poisson (λ=1) (sample 4),39,3272,2440.0
Random Poisson (λ=1) (sample 4),40,3430,3469.0
Random Poisson (λ=1) (sample 4),41,3590,4618.0
Random Poisson (λ=1) (sample 4),42,3754,6685.0
Random Poisson (λ=1) (sample 4),43,3922,12149.0
Random Poisson (λ=1) (sample 4),44,4092,7323.0
Random Poisson (λ=1) (sample 4),45,4266,6351.0
Random Poisson (λ=1) (sample 4),46,4450,10227.0
Random Poisson (λ=1) (sample 4),47,4638,17856.0
Random Poisson (λ=1) (sample 4),48,4828,12688.0
Random Poisson (λ=1) (sample 4),49,5020,20603.0
Random Poisson (λ=1) (sample 4),50,5214,21342.0
Random Poisson (λ=1) (sample 4),51,5414,28158.0
Random Poisson (λ=1) (sample 4),52,5618,34763.0
Random Poisson (λ=1) (sample 4),53,5824,53484.0
Random Poisson (λ=1) (sample 4),54,6034,90386.0
Random Poisson (λ=1) (sample 4),55,6246,65186.0
Random Poisson (λ=1) (sample 4),56,6460,115256.0
Random Poisson (λ=1) (sample 4),57,6676,63524.0
Random Poisson (λ=1) (sample 4),58,6896,57803.0
Random Poisson (λ=1) (sample 4),59,7118,79502.0
Random Poisson (λ=1) (sample 4),60,7348,104079.0
Random Poisson (λ=1) (sample 4),61,7582,138407.0
Random Poisson (λ=1) (sample 4),62,7818,166145.0
Random Poisson (λ=1) (sample 4),63,8060,214280.0
Random Poisson (λ=1) (sample 4),64,8310,246253.0
Random Poisson (λ=1) (sample 4),65,8566,305034.0
Random Poisson (λ=1) (sample 4),66,8826,399990.0
Random Poisson (λ=1) (sample 4),67,9090,548450.0
Random Poisson (λ=1) (sample 4),68,9364,583933.0
Random Poisson (λ=1) (sample 4),69,9640,780219.0
Random Poisson (λ=1) (sample 4),70,9920,945955.0
Random Poisson (λ=1) (sample 4),71,10202,1324188.0
Random Poisson (λ=1) (sample 4),72,10486,1489334.0
Random Poisson (λ=1) (sample 4),73,10776,2370915.0
Random Poisson (λ=1) (sample 4),74,11068,1835988.0
Random Poisson (λ=1) (sample 4),75,11364,1353150.0
Random Poisson (λ=1) (sample 4),76,11662,1773497.0
Random Poisson (λ=1) (sample 4),77,11962,1773884.0
Random Poisson (λ=1) (sample 4),78,12266,2168051.0
Random Poisson (λ=1) (sample 4),79,12572,2755114.0
Random Poisson (λ=1) (sample 4),80,12880,3518804.0
Random Poisson (λ=1) (sample 4),81,13192,4480020.0
Random Poisson (λ=1) (sample 4),82,13506,5783701.0
Random Poisson (λ=1) (sample 4),83,13822,7552586.0
Random Poisson (λ=1) (sample 4),84,14142,9768745.0
Random Poisson (λ=1) (sample 4),85,14468,12581060.0
Random Poisson (λ=1) (sample 4),86,14798,15686458.0
Random Poisson (λ=1) (sample 4),87,15140,18638245.0
Random Poisson (λ=1) (sample 4),88,15488,21200448.0
Random Poisson (λ=1) (sample 4),89,15838,24992387.0
Random Poisson (λ=1) (sample 4),90,16192,29316624.0
Random Poisson (λ=1) (sample 4),91,16548,35106042.0
Random Poisson (λ=1) (sample 4),92,16908,42480700.0
Random Poisson (λ=1) (sample 4),93,17274,49682375.0
Random Poisson (λ=1) (sample 4),94,17642,60192117.0
Random Poisson (λ=1) (sample 4),95,18016,70567056.0
Random Poisson (λ=1) (sample 4),96,18394,83820622.0
Random Poisson (λ=1) (sample 4),97,18774,100522766.0
Random Poisson (λ=1) (sample 4),98,19164,115226494.0
Random Poisson (λ=1) (sample 4),99,19556,134005037.0
Random Poisson (λ=1) (sample 4),100,19950,159653921.0
Random Poisson (λ=1) (sample 5),1,2,1.0
Random Poisson (λ=1) (sample 5),2,10,1.0
Random Poisson (λ=1) (sample 5),3,22,1.0
Random Poisson (λ=1) (sample 5),4,36,1.0
Random Poisson (λ=1) (sample 5),5,54,2.0
Random Poisson (λ=1) (sample 5),6,80,2.0
Random Poisson (λ=1) (sample 5),7,108,2.0
Random Poisson (λ=1) (sample 5),8,138,2.0
Random Poisson (λ=1) (sample 5),9,170,2.0
Random Poisson (λ=1) (sample 5),10,208,3.0
Random Poisson (λ=1) (sample 5),11,252,3.0
Random Poisson (λ=1) (sample 5),12,298,2.0
Random Poisson (λ=1) (sample 5),13,346,3.0
Random Poisson (λ=1) (sample 5),14,398,5.0
Random Poisson (λ=1) (sample 5),15,456,5.0
Random Poisson (λ=1) (sample 5),16,520,7.0
Random Poisson (λ=1) (sample 5),17,590,7.0
Random Poisson (λ=1) (sample 5),18,664,11.0
Random Poisson (λ=1) (sample 5),19,742,17.0
Random Poisson (λ=1) (sample 5),20,824,19.0
Random Poisson (λ=1) (sample 5),21,908,31.0
Random Poisson (λ=1) (sample 5),22,994,10.0
Random Poisson (λ=1) (sample 5),23,1086,15.0
Random Poisson (λ=1) (sample 5),24,1182,16.0
Random Poisson (λ=1) (sample 5),25,1286,23.0
Random Poisson (λ=1) (sample 5),26,1392,24.0
Random Poisson (λ=1) (sample 5),27,1502,37.0
Random Poisson (λ=1) (sample 5),28,1618,38.0
Random Poisson (λ=1) (sample 5),29,1736,49.0
Random Poisson (λ=1) (sample 5),30,1862,85.0
Random Poisson (λ=1) (sample 5),31,1990,80.0
Random Poisson (λ=1) (sample 5),32,2124,110.0
Random Poisson (λ=1) (sample 5),33,2264,103.0
Random Poisson (λ=1) (sample 5),34,2406,87.0
Random Poisson (λ=1) (sample 5),35,2550,105.0
Random Poisson (λ=1) (sample 5),36,2698,89.0
Random Poisson (λ=1) (sample 5),37,2850,147.0
Random Poisson (λ=1) (sample 5),38,3004,231.0
Random Poisson (λ=1) (sample 5),39,3162,162.0
Random Poisson (λ=1) (sample 5),40,3324,225.0
Random Poisson (λ=1) (sample 5),41,3492,370.0
Random Poisson (λ=1) (sample 5),42,3664,539.0
Random Poisson (λ=1) (sample 5),43,3846,844.0
Random Poisson (λ=1) (sample 5),44,4030,1002.0
Random Poisson (λ=1) (sample 5),45,4218,1855.0
Random Poisson (λ=1) (sample 5),46,4412,3151.0
Random Poisson (λ=1) (sample 5),47,4610,5733.0
Random Poisson (λ=1) (sample 5),48,4810,6399.0
Random Poisson (λ=1) (sample 5),49,5012,6089.0
Random Poisson (λ=1) (sample 5),50,5216,11432.0
Random Poisson (λ=1) (sample 5),51,5422,4595.0
Random Poisson (λ=1) (sample 5),52,5632,5697.0
Random Poisson (λ=1) (sample 5),53,5848,6603.0
Random Poisson (λ=1) (sample 5),54,6066,7422.0
Random Poisson (λ=1) (sample 5),55,6288,3421.0
Random Poisson (λ=1) (sample 5),56,6512,5074.0
Random Poisson (λ=1) (sample 5),57,6744,5535.0
Random Poisson (λ=1) (sample 5),58,6982,7891.0
Random Poisson (λ=1) (sample 5),59,7224,11991.0
Random Poisson (λ=1) (sample 5),60,7472,22476.0
Random Poisson (λ=1) (sample 5),61,7722,19340.0
Random Poisson (λ=1) (sample 5),62,7976,31643.0
Random Poisson (λ=1) (sample 5),63,8234,61083.0
Random Poisson (λ=1) (sample 5),64,8496,83609.0
Random Poisson (λ=1) (sample 5),65,8760,148316.0
Random Poisson (λ=1) (sample 5),66,9028,283201.0
Random Poisson (λ=1) (sample 5),67,9300,381566.0
Random Poisson (λ=1) (sample 5),68,9576,97090.0
Random Poisson (λ=1) (sample 5),69,9854,189416.0
Random Poisson (λ=1) (sample 5),70,10136,271943.0
Random Poisson (λ=1) (sample 5),71,10422,116777.0
Random Poisson (λ=1) (sample 5),72,10714,175217.0
Random Poisson (λ=1) (sample 5),73,11008,268523.0
Random Poisson (λ=1) (sample 5),74,11310,413003.0
Random Poisson (λ=1) (sample 5),75,11618,799166.0
Random Poisson (λ=1) (sample 5),76,11928,698450.0
Random Poisson (λ=1) (sample 5),77,12242,1131874.0
Random Poisson (λ=1) (sample 5),78,12562,982182.0
Random Poisson (λ=1) (sample 5),79,12884,1411401.0
Random Poisson (λ=1) (sample 5),80,13210,463567.0
Random Poisson (λ=1) (sample 5),81,13538,878951.0
Random Poisson (λ=1) (sample 5),82,13870,1253319.0
Random Poisson (λ=1) (sample 5),83,14206,636198.0
Random Poisson (λ=1) (sample 5),84,14546,514768.0
Random Poisson (λ=1) (sample 5),85,14892,426676.0
Random Poisson (λ=1) (sample 5),86,15240,640888.0
Random Poisson (λ=1) (sample 5),87,15590,550279.0
Random Poisson (λ=1) (sample 5),88,15942,899965.0
Random Poisson (λ=1) (sample 5),89,16298,1186340.0
Random Poisson (λ=1) (sample 5),90,16658,1173597.0
Random Poisson (λ=1) (sample 5),91,17022,742578.0
Random Poisson (λ=1) (sample 5),92,17392,716044.0
Random Poisson (λ=1) (sample 5),93,17764,1101273.0
Random Poisson (λ=1) (sample 5),94,18140,1265322.0
Random Poisson (λ=1) (sample 5),95,18522,1998573.0
Random Poisson (λ=1) (sample 5),96,18910,3026075.0
Random Poisson (λ=1) (sample 5),97,19302,5217862.0
Random Poisson (λ=1) (sample 5),98,19700,6474991.0
Random Poisson (λ=1) (sample 6),1,2,1.0
Random Poisson (λ=1) (sample 6),2,10,1.0
Random Poisson (λ=1) (sample 6),3,24,1.0
Random Poisson (λ=1) (sample 6),4,42,1.0
Random Poisson (λ=1) (sample 6),5,66,2.0
Random Poisson (λ=1) (sample 6),6,96,3.0
Random Poisson (λ=1) (sample 6),7,128,2.0
Random Poisson (λ=1) (sample 6),8,166,3.0
Random Poisson (λ=1) (sample 6),9,206,3.0
Random Poisson (λ=1) (sample 6),10,250,4.0
Random Poisson (λ=1) (sample 6),11,302,3.0
Random Poisson (λ=1) (sample 6),12,362,5.0
Random Poisson (λ=1) (sample 6),13,426,9.0
Random Poisson (λ=1) (sample 6),14,492,7.0
Random Poisson (λ=1) (sample 6),15,562,14.0
Random Poisson (λ=1) (sample 6),16,634,17.0
Random Poisson (λ=1) (sample 6),17,714,22.0
Random Poisson (λ=1) (sample 6),18,798,18.0
Random Poisson (λ=1) (sample 6),19,886,16.0
Random Poisson (λ=1) (sample 6),20,978,30.0
Random Poisson (λ=1) (sample 6),21,1074,19.0
Random Poisson (λ=1) (sample 6),22,1172,28.0
Random Poisson (λ=1) (sample 6),23,1272,28.0
Random Poisson (λ=1) (sample 6),24,1376,34.0
Random Poisson (λ=1) (sample 6),25,1488,53.0
Random Poisson (λ=1) (sample 6),26,1602,65.0
Random Poisson (λ=1) (sample 6),27,1718,48.0
Random Poisson (λ=1) (sample 6),28,1838,80.0
Random Poisson (λ=1) (sample 6),29,1966,109.0
Random Poisson (λ=1) (sample 6),30,2096,134.0
Random Poisson (λ=1) (sample 6),31,2228,169.0
Random Poisson (λ=1) (sample 6),32,2362,265.0
Random Poisson (λ=1) (sample 6),33,2498,278.0
Random Poisson (λ=1) (sample 6),34,2636,404.0
Random Poisson (λ=1) (sample 6),35,2778,627.0
Random Poisson (λ=1) (sample 6),36,2926,551.0
Random Poisson (λ=1) (sample 6),37,3078,370.0
Random Poisson (λ=1) (sample 6),38,3232,687.0
Random Poisson (λ=1) (sample 6),39,3388,590.0
Random Poisson (λ=1) (sample 6),40,3550,973.0
Random Poisson (λ=1) (sample 6),41,3714,782.0
Random Poisson (λ=1) (sample 6),42,3880,1254.0
Random Poisson (λ=1) (sample 6),43,4048,1064.0
Random Poisson (λ=1) (sample 6),44,4222,1703.0
Random Poisson (λ=1) (sample 6),45,4398,2084.0
Random Poisson (λ=1) (sample 6),46,4578,2551.0
Random Poisson (λ=1) (sample 6),47,4760,4269.0
Random Poisson (λ=1) (sample 6),48,4946,4192.0
Random Poisson (λ=1) (sample 6),49,5134,5628.0
Random Poisson (λ=1) (sample 6),50,5326,6624.0
Random Poisson (λ=1) (sample 6),51,5522,9334.0
Random Poisson (λ=1) (sample 6),52,5722,11756.0
Random Poisson (λ=1) (sample 6),53,5924,16078.0
Random Poisson (λ=1) (sample 6),54,6132,21213.0
Random Poisson (λ=1) (sample 6),55,6342,28545.0
Random Poisson (λ=1) (sample 6),56,6556,38175.0
Random Poisson (λ=1) (sample 6),57,6774,50314.0
Random Poisson (λ=1) (sample 6),58,6994,63758.0
Random Poisson (λ=1) (sample 6),59,7218,84460.0
Random Poisson (λ=1) (sample 6),60,7444,112932.0
Random Poisson (λ=1) (sample 6),61,7676,145984.0
Random Poisson (λ=1) (sample 6),62,7914,183895.0
Random Poisson (λ=1) (sample 6),63,8154,235035.0
Random Poisson (λ=1) (sample 6),64,8398,301478.0
Random Poisson (λ=1) (sample 6),65,8648,372822.0
Random Poisson (λ=1) (sample 6),66,8904,452814.0
Random Poisson (λ=1) (sample 6),67,9164,543958.0
Random Poisson (λ=1) (sample 6),68,9426,676597.0
Random Poisson (λ=1) (sample 6),69,9694,812382.0
Random Poisson (λ=1) (sample 6),70,9964,1008302.0
Random Poisson (λ=1) (sample 6),71,10236,1260939.0
Random Poisson (λ=1) (sample 6),72,10514,1554914.0
Random Poisson (λ=1) (sample 6),73,10796,1895375.0
Random Poisson (λ=1) (sample 6),74,11084,2274462.0
Random Poisson (λ=1) (sample 6),75,11376,2709107.0
Random Poisson (λ=1) (sample 6),76,11670,3324651.0
Random Poisson (λ=1) (sample 6),77,11968,4043146.0
Random Poisson (λ=1) (sample 6),78,12272,4861224.0
Random Poisson (λ=1) (sample 6),79,12578,5880530.0
Random Poisson (λ=1) (sample 6),80,12888,7207404.0
Random Poisson (λ=1) (sample 6),81,13206,8332506.0
Random Poisson (λ=1) (sample 6),82,13528,9814612.0
Random Poisson (λ=1) (sample 6),83,13852,11654694.0
Random Poisson (λ=1) (sample 6),84,14184,13456058.0
Random Poisson (λ=1) (sample 6),85,14520,15465614.0
Random Poisson (λ=1) (sample 6),86,14860,18075834.0
Random Poisson (λ=1) (sample 6),87,15204,20797867.0
Random Poisson (λ=1) (sample 6),88,15550,24850673.0
Random Poisson (λ=1) (sample 6),89,15902,28769122.0
Random Poisson (λ=1) (sample 6),90,16260,33483686.0
Random Poisson (λ=1) (sample 6),91,16628,35643167.0
Random Poisson (λ=1) (sample 6),92,16998,39393335.0
Random Poisson (λ=1) (sample 6),93,17372,43727421.0
Random Poisson (λ=1) (sample 6),94,17750,49435367.0
Random Poisson (λ=1) (sample 6),95,18132,55275602.0
Random Poisson (λ=1) (sample 6),96,18518,63207644.0
Random Poisson (λ=1) (sample 6),97,18906,73017028.0
Random Poisson (λ=1) (sample 6),98,19296,86335684.0
Random Poisson (λ=1) (sample 6),99,19690,102097182.0
Random Poisson (λ=1) (sample 7),1,4,1.0
Random Poisson (λ=1) (sample 7),2,14,1.0
Random Poisson (λ=1) (sample 7),3,28,1.0
Random Poisson (λ=1) (sample 7),4,48,2.0
Random Poisson (λ=1) (sample 7),5,70,2.0
Random Poisson (λ=1) (sample 7),6,98,3.0
Random Poisson (λ=1) (sample 7),7,130,3.0
Random Poisson (λ=1) (sample 7),8,164,4.0
Random Poisson (λ=1) (sample 7),9,202,5.0
Random Poisson (λ=1) (sample 7),10,246,8.0
Random Poisson (λ=1) (sample 7),11,292,12.0
Random Poisson (λ=1) (sample 7),12,342,20.0
Random Poisson (λ=1) (sample 7),13,398,30.0
Random Poisson (λ=1) (sample 7),14,456,43.0
Random Poisson (λ=1) (sample 7),15,518,64.0
Random Poisson (λ=1) (sample 7),16,584,33.0
Random Poisson (λ=1) (sample 7),17,652,60.0
Random Poisson (λ=1) (sample 7),18,724,66.0
Random Poisson (λ=1) (sample 7),19,798,117.0
Random Poisson (λ=1) (sample 7),20,874,119.0
Random Poisson (λ=1) (sample 7),21,958,103.0
Random Poisson (λ=1) (sample 7),22,1052,84.0
Random Poisson (λ=1) (sample 7),23,1148,96.0
Random Poisson (λ=1) (sample 7),24,1246,147.0
Random Poisson (λ=1) (sample 7),25,1350,240.0
Random Poisson (λ=1) (sample 7),26,1458,328.0
Random Poisson (λ=1) (sample 7),27,1568,597.0
Random Poisson (λ=1) (sample 7),28,1682,826.0
Random Poisson (λ=1) (sample 7),29,1798,1505.0
Random Poisson (λ=1) (sample 7),30,1918,2343.0
Random Poisson (λ=1) (sample 7),31,2048,616.0
Random Poisson (λ=1) (sample 7),32,2184,416.0
Random Poisson (λ=1) (sample 7),33,2326,334.0
Random Poisson (λ=1) (sample 7),34,2470,469.0
Random Poisson (λ=1) (sample 7),35,2624,645.0
Random Poisson (λ=1) (sample 7),36,2784,1043.0
Random Poisson (λ=1) (sample 7),37,2946,1680.0
Random Poisson (λ=1) (sample 7),38,3110,1014.0
Random Poisson (λ=1) (sample 7),39,3280,953.0
Random Poisson (λ=1) (sample 7),40,3454,1186.0
Random Poisson (λ=1) (sample 7),41,3630,1829.0
Random Poisson (λ=1) (sample 7),42,3812,2418.0
Random Poisson (λ=1) (sample 7),43,3998,3088.0
Random Poisson (λ=1) (sample 7),44,4188,2780.0
Random Poisson (λ=1) (sample 7),45,4384,3787.0
Random Poisson (λ=1) (sample 7),46,4582,3819.0
Random Poisson (λ=1) (sample 7),47,4784,7018.0
Random Poisson (λ=1) (sample 7),48,4992,11463.0
Random Poisson (λ=1) (sample 7),49,5202,10521.0
Random Poisson (λ=1) (sample 7),50,5414,7295.0
Random Poisson (λ=1) (sample 7),51,5632,10966.0
Random Poisson (λ=1) (sample 7),52,5852,4301.0
Random Poisson (λ=1) (sample 7),53,6076,7175.0
Random Poisson (λ=1) (sample 7),54,6304,11037.0
Random Poisson (λ=1) (sample 7),55,6536,11645.0
Random Poisson (λ=1) (sample 7),56,6770,21118.0
Random Poisson (λ=1) (sample 7),57,7006,14278.0
Random Poisson (λ=1) (sample 7),58,7244,19398.0
Random Poisson (λ=1) (sample 7),59,7486,9990.0
Random Poisson (λ=1) (sample 7),60,7730,13023.0
Random Poisson (λ=1) (sample 7),61,7980,22438.0
Random Poisson (λ=1) (sample 7),62,8234,24170.0
Random Poisson (λ=1) (sample 7),63,8492,23024.0
Random Poisson (λ=1) (sample 7),64,8752,28042.0
Random Poisson (λ=1) (sample 7),65,9016,35382.0
Random Poisson (λ=1) (sample 7),66,9282,54433.0
Random Poisson (λ=1) (sample 7),67,9550,47933.0
Random Poisson (λ=1) (sample 7),68,9822,73809.0
Random Poisson (λ=1) (sample 7),69,10098,120955.0
Random Poisson (λ=1) (sample 7),70,10376,162090.0
Random Poisson (λ=1) (sample 7),71,10658,212600.0
Random Poisson (λ=1) (sample 7),72,10944,222102.0
Random Poisson (λ=1) (sample 7),73,11232,320706.0
Random Poisson (λ=1) (sample 7),74,11528,347639.0
Random Poisson (λ=1) (sample 7),75,11826,452982.0
Random Poisson (λ=1) (sample 7),76,12128,630103.0
Random Poisson (λ=1) (sample 7),77,12436,950944.0
Random Poisson (λ=1) (sample 7),78,12750,1528076.0
Random Poisson (λ=1) (sample 7),79,13068,1761038.0
Random Poisson (λ=1) (sample 7),80,13390,1389123.0
Random Poisson (λ=1) (sample 7),81,13718,1408225.0
Random Poisson (λ=1) (sample 7),82,14052,1710889.0
Random Poisson (λ=1) (sample 7),83,14390,1904999.0
Random Poisson (λ=1) (sample 7),84,14732,2155549.0
Random Poisson (λ=1) (sample 7),85,15078,2584768.0
Random Poisson (λ=1) (sample 7),86,15426,3104184.0
Random Poisson (λ=1) (sample 7),87,15776,3763874.0
Random Poisson (λ=1) (sample 7),88,16130,4871659.0
Random Poisson (λ=1) (sample 7),89,16490,5871215.0
Random Poisson (λ=1) (sample 7),90,16852,7473628.0
Random Poisson (λ=1) (sample 7),91,17220,9708303.0
Random Poisson (λ=1) (sample 7),92,17592,13487582.0
Random Poisson (λ=1) (sample 7),93,17966,18510034.0
Random Poisson (λ=1) (sample 7),94,18344,21230950.0
Random Poisson (λ=1) (sample 7),95,18728,32632094.0
Random Poisson (λ=1) (sample 7),96,19118,36089957.0
Random Poisson (λ=1) (sample 7),97,19512,38597481.0
Random Poisson (λ=1) (sample 7),98,19908,43119267.0
Random Poisson (λ=1) (sample 8),1,4,1.0
Random Poisson (λ=1) (sample 8),2,12,1.0
Random Poisson (λ=1) (sample 8),3,24,1.0
Random Poisson (λ=1) (sample 8),4,42,1.0
Random Poisson (λ=1) (sample 8),5,66,2.0
Random Poisson (λ=1) (sample 8),6,96,2.0
Random Poisson (λ=1) (sample 8),7,130,3.0
Random Poisson (λ=1) (sample 8),8,166,4.0
Random Poisson (λ=1) (sample 8),9,206,6.0
Random Poisson (λ=1) (sample 8),10,254,5.0
Random Poisson (λ=1) (sample 8),11,308,6.0
Random Poisson (λ=1) (sample 8),12,364,7.0
Random Poisson (λ=1) (sample 8),13,424,11.0
Random Poisson (λ=1) (sample 8),14,488,10.0
Random Poisson (λ=1) (sample 8),15,554,14.0
Random Poisson (λ=1) (sample 8),16,624,24.0
Random Poisson (λ=1) (sample 8),17,696,31.0
Random Poisson (λ=1) (sample 8),18,774,20.0
Random Poisson (λ=1) (sample 8),19,854,28.0
Random Poisson (λ=1) (sample 8),20,940,44.0
Random Poisson (λ=1) (sample 8),21,1028,63.0
Random Poisson (λ=1) (sample 8),22,1120,114.0
Random Poisson (λ=1) (sample 8),23,1214,87.0
Random Poisson (λ=1) (sample 8),24,1312,146.0
Random Poisson (λ=1) (sample 8),25,1416,197.0
Random Poisson (λ=1) (sample 8),26,1524,386.0
Random Poisson (λ=1) (sample 8),27,1636,509.0
Random Poisson (λ=1) (sample 8),28,1754,969.0
Random Poisson (λ=1) (sample 8),29,1878,1847.0
Random Poisson (λ=1) (sample 8),30,2010,841.0
Random Poisson (λ=1) (sample 8),31,2144,1504.0
Random Poisson (λ=1) (sample 8),32,2282,2357.0
Random Poisson (λ=1) (sample 8),33,2422,3996.0
Random Poisson (λ=1) (sample 8),34,2564,1042.0
Random Poisson (λ=1) (sample 8),35,2708,1875.0
Random Poisson (λ=1) (sample 8),36,2860,997.0
Random Poisson (λ=1) (sample 8),37,3014,1234.0
Random Poisson (λ=1) (sample 8),38,3170,1945.0
Random Poisson (λ=1) (sample 8),39,3332,2235.0
Random Poisson (λ=1) (sample 8),40,3496,2034.0
Random Poisson (λ=1) (sample 8),41,3666,3246.0
Random Poisson (λ=1) (sample 8),42,3838,5071.0
Random Poisson (λ=1) (sample 8),43,4012,3660.0
Random Poisson (λ=1) (sample 8),44,4190,2601.0
Random Poisson (λ=1) (sample 8),45,4374,3458.0
Random Poisson (λ=1) (sample 8),46,4564,3038.0
Random Poisson (λ=1) (sample 8),47,4756,3378.0
Random Poisson (λ=1) (sample 8),48,4950,3922.0
Random Poisson (λ=1) (sample 8),49,5146,6572.0
Random Poisson (λ=1) (sample 8),50,5346,4331.0
Random Poisson (λ=1) (sample 8),51,5548,6491.0
Random Poisson (λ=1) (sample 8),52,5754,6508.0
Random Poisson (λ=1) (sample 8),53,5962,8913.0
Random Poisson (λ=1) (sample 8),54,6176,13285.0
Random Poisson (λ=1) (sample 8),55,6394,16690.0
Random Poisson (λ=1) (sample 8),56,6616,23790.0
Random Poisson (λ=1) (sample 8),57,6846,23787.0
Random Poisson (λ=1) (sample 8),58,7080,30101.0
Random Poisson (λ=1) (sample 8),59,7316,38795.0
Random Poisson (λ=1) (sample 8),60,7556,48729.0
Random Poisson (λ=1) (sample 8),61,7806,48955.0
Random Poisson (λ=1) (sample 8),62,8058,55817.0
Random Poisson (λ=1) (sample 8),63,8314,65542.0
Random Poisson (λ=1) (sample 8),64,8576,80812.0
Random Poisson (λ=1) (sample 8),65,8844,95895.0
Random Poisson (λ=1) (sample 8),66,9114,96358.0
Random Poisson (λ=1) (sample 8),67,9394,107001.0
Random Poisson (λ=1) (sample 8),68,9676,129690.0
Random Poisson (λ=1) (sample 8),69,9962,156592.0
Random Poisson (λ=1) (sample 8),70,10250,192261.0
Random Poisson (λ=1) (sample 8),71,10546,223402.0
Random Poisson (λ=1) (sample 8),72,10848,292534.0
Random Poisson (λ=1) (sample 8),73,11154,253024.0
Random Poisson (λ=1) (sample 8),74,11464,272600.0
Random Poisson (λ=1) (sample 8),75,11780,270483.0
Random Poisson (λ=1) (sample 8),76,12098,327930.0
Random Poisson (λ=1) (sample 8),77,12418,367813.0
Random Poisson (λ=1) (sample 8),78,12742,452564.0
Random Poisson (λ=1) (sample 8),79,13068,549724.0
Random Poisson (λ=1) (sample 8),80,13398,729855.0
Random Poisson (λ=1) (sample 8),81,13732,772387.0
Random Poisson (λ=1) (sample 8),82,14068,966866.0
Random Poisson (λ=1) (sample 8),83,14408,1240383.0
Random Poisson (λ=1) (sample 8),84,14752,1578866.0
Random Poisson (λ=1) (sample 8),85,15106,1779364.0
Random Poisson (λ=1) (sample 8),86,15462,2279580.0
Random Poisson (λ=1) (sample 8),87,15820,2457987.0
Random Poisson (λ=1) (sample 8),88,16182,3087719.0
Random Poisson (λ=1) (sample 8),89,16546,3587955.0
Random Poisson (λ=1) (sample 8),90,16912,4597114.0
Random Poisson (λ=1) (sample 8),91,17282,5770519.0
Random Poisson (λ=1) (sample 8),92,17654,7540593.0
Random Poisson (λ=1) (sample 8),93,18028,9071101.0
Random Poisson (λ=1) (sample 8),94,18410,11350425.0
Random Poisson (λ=1) (sample 8),95,18796,14199088.0
Random Poisson (λ=1) (sample 8),96,19184,17970646.0
Random Poisson (λ=1) (sample 8),97,19574,22478524.0
Random Poisson (λ=1) (sample 8),98,19966,29293864.0
Random Poisson (λ=1) (sample 9),1,4,1.0
Random Poisson (λ=1) (sample 9),2,10,1.0
Random Poisson (λ=1) (sample 9),3,18,1.0
Random Poisson (λ=1) (sample 9),4,28,2.0
Random Poisson (λ=1) (sample 9),5,42,1.0
Random Poisson (λ=1) (sample 9),6,60,2.0
Random Poisson (λ=1) (sample 9),7,80,2.0
Random Poisson (λ=1) (sample 9),8,102,2.0
Random Poisson (λ=1) (sample 9),9,130,2.0
Random Poisson (λ=1) (sample 9),10,166,2.0
Random Poisson (λ=1) (sample 9),11,206,4.0
Random Poisson (λ=1) (sample 9),12,248,5.0
Random Poisson (λ=1) (sample 9),13,292,6.0
Random Poisson (λ=1) (sample 9),14,338,8.0
Random Poisson (λ=1) (sample 9),15,388,7.0
Random Poisson (λ=1) (sample 9),16,440,13.0
Random Poisson (λ=1) (sample 9),17,494,16.0
Random Poisson (λ=1) (sample 9),18,552,15.0
Random Poisson (λ=1) (sample 9),19,614,14.0
Random Poisson (λ=1) (sample 9),20,680,17.0
Random Poisson (λ=1) (sample 9),21,750,29.0
Random Poisson (λ=1) (sample 9),22,824,53.0
Random Poisson (λ=1) (sample 9),23,902,64.0
Random Poisson (λ=1) (sample 9),24,982,79.0
Random Poisson (λ=1) (sample 9),25,1066,130.0
Random Poisson (λ=1) (sample 9),26,1152,108.0
Random Poisson (λ=1) (sample 9),27,1240,179.0
Random Poisson (λ=1) (sample 9),28,1332,346.0
Random Poisson (λ=1) (sample 9),29,1426,121.0
Random Poisson (λ=1) (sample 9),30,1522,213.0
Random Poisson (λ=1) (sample 9),31,1620,109.0
Random Poisson (λ=1) (sample 9),32,1722,76.0
Random Poisson (λ=1) (sample 9),33,1828,87.0
Random Poisson (λ=1) (sample 9),34,1940,88.0
Random Poisson (λ=1) (sample 9),35,2054,127.0
Random Poisson (λ=1) (sample 9),36,2172,216.0
Random Poisson (λ=1) (sample 9),37,2292,64.0
Random Poisson (λ=1) (sample 9),38,2414,108.0
Random Poisson (λ=1) (sample 9),39,2538,119.0
Random Poisson (λ=1) (sample 9),40,2672,117.0
Random Poisson (λ=1) (sample 9),41,2808,181.0
Random Poisson (λ=1) (sample 9),42,2946,189.0
Random Poisson (λ=1) (sample 9),43,3088,152.0
Random Poisson (λ=1) (sample 9),44,3236,216.0
Random Poisson (λ=1) (sample 9),45,3386,243.0
Random Poisson (λ=1) (sample 9),46,3542,280.0
Random Poisson (λ=1) (sample 9),47,3700,342.0
Random Poisson (λ=1) (sample 9),48,3860,588.0
Random Poisson (λ=1) (sample 9),49,4024,660.0
Random Poisson (λ=1) (sample 9),50,4194,832.0
Random Poisson (λ=1) (sample 9),51,4366,1366.0
Random Poisson (λ=1) (sample 9),52,4544,1032.0
Random Poisson (λ=1) (sample 9),53,4728,1692.0
Random Poisson (λ=1) (sample 9),54,4914,3127.0
Random Poisson (λ=1) (sample 9),55,5106,861.0
Random Poisson (λ=1) (sample 9),56,5300,1022.0
Random Poisson (λ=1) (sample 9),57,5496,1139.0
Random Poisson (λ=1) (sample 9),58,5694,1498.0
Random Poisson (λ=1) (sample 9),59,5896,1946.0
Random Poisson (λ=1) (sample 9),60,6102,1326.0
Random Poisson (λ=1) (sample 9),61,6310,1464.0
Random Poisson (λ=1) (sample 9),62,6524,1765.0
Random Poisson (λ=1) (sample 9),63,6742,1861.0
Random Poisson (λ=1) (sample 9),64,6966,2693.0
Random Poisson (λ=1) (sample 9),65,7192,2491.0
Random Poisson (λ=1) (sample 9),66,7422,2417.0
Random Poisson (λ=1) (sample 9),67,7656,2546.0
Random Poisson (λ=1) (sample 9),68,7892,3186.0
Random Poisson (λ=1) (sample 9),69,8132,4249.0
Random Poisson (λ=1) (sample 9),70,8376,6324.0
Random Poisson (λ=1) (sample 9),71,8630,4362.0
Random Poisson (λ=1) (sample 9),72,8886,5472.0
Random Poisson (λ=1) (sample 9),73,9146,7350.0
Random Poisson (λ=1) (sample 9),74,9410,8862.0
Random Poisson (λ=1) (sample 9),75,9678,12195.0
Random Poisson (λ=1) (sample 9),76,9948,19999.0
Random Poisson (λ=1) (sample 9),77,10220,19456.0
Random Poisson (λ=1) (sample 9),78,10496,21625.0
Random Poisson (λ=1) (sample 9),79,10776,17362.0
Random Poisson (λ=1) (sample 9),80,11062,21040.0
Random Poisson (λ=1) (sample 9),81,11352,28940.0
Random Poisson (λ=1) (sample 9),82,11644,39069.0
Random Poisson (λ=1) (sample 9),83,11942,53056.0
Random Poisson (λ=1) (sample 9),84,12244,68324.0
Random Poisson (λ=1) (sample 9),85,12548,48633.0
Random Poisson (λ=1) (sample 9),86,12856,79311.0
Random Poisson (λ=1) (sample 9),87,13176,113360.0
Random Poisson (λ=1) (sample 9),88,13500,200531.0
Random Poisson (λ=1) (sample 9),89,13826,53237.0
Random Poisson (λ=1) (sample 9),90,14154,85337.0
Random Poisson (λ=1) (sample 9),91,14488,80086.0
Random Poisson (λ=1) (sample 9),92,14824,127177.0
Random Poisson (λ=1) (sample 9),93,15166,179948.0
Random Poisson (λ=1) (sample 9),94,15510,212785.0
Random Poisson (λ=1) (sample 9),95,15858,179469.0
Random Poisson (λ=1) (sample 9),96,16212,296122.0
Random Poisson (λ=1) (sample 9),97,16570,566817.0
Random Poisson (λ=1) (sample 9),98,16932,1093850.0
Random Poisson (λ=1) (sample 9),99,17296,542217.0
Random Poisson (λ=1) (sample 9),100,17662,996109.0
Random Poisson (λ=1) (sample 9),101,18032,1707203.0
Random Poisson (λ=1) (sample 9),102,18404,1973361.0
Random Poisson (λ=1) (sample 9),103,18778,2999030.0
Random Poisson (λ=1) (sample 9),104,19158,4721758.0
Random Poisson (λ=1) (sample 9),105,19548,1921248.0
Random Poisson (λ=1) (sample 9),106,19946,873353.0
Random Poisson (λ=1) (sample 10),1,2,1.0
Random Poisson (λ=1) (sample 10),2,8,1.0
Random Poisson (λ=1) (sample 10),3,18,1.0
Random Poisson (λ=1) (sample 10),4,30,1.0
Random Poisson (λ=1) (sample 10),5,44,2.0
Random Poisson (λ=1) (sample 10),6,60,2.0
Random Poisson (λ=1) (sample 10),7,78,2.0
Random Poisson (λ=1) (sample 10),8,100,2.0
Random Poisson (λ=1) (sample 10),9,126,2.0
Random Poisson (λ=1) (sample 10),10,154,3.0
Random Poisson (λ=1) (sample 10),11,184,3.0
Random Poisson (λ=1) (sample 10),12,216,5.0
Random Poisson (λ=1) (sample 10),13,250,5.0
Random Poisson (λ=1) (sample 10),14,286,8.0
Random Poisson (λ=1) (sample 10),15,324,7.0
Random Poisson (λ=1) (sample 10),16,368,13.0
Random Poisson (λ=1) (sample 10),17,418,9.0
Random Poisson (λ=1) (sample 10),18,472,10.0
Random Poisson (λ=1) (sample 10),19,528,13.0
Random Poisson (λ=1) (sample 10),20,588,19.0
Random Poisson (λ=1) (sample 10),21,652,28.0
Random Poisson (λ=1) (sample 10),22,718,18.0
Random Poisson (λ=1) (sample 10),23,790,21.0
Random Poisson (λ=1) (sample 10),24,866,42.0
Random Poisson (λ=1) (sample 10),25,946,74.0
Random Poisson (λ=1) (sample 10),26,1030,140.0
Random Poisson (λ=1) (sample 10),27,1116,49.0
Random Poisson (λ=1) (sample 10),28,1206,42.0
Random Poisson (λ=1) (sample 10),29,1298,48.0
Random Poisson (λ=1) (sample 10),30,1394,86.0
Random Poisson (λ=1) (sample 10),31,1496,91.0
Random Poisson (λ=1) (sample 10),32,1602,120.0
Random Poisson (λ=1) (sample 10),33,1710,161.0
Random Poisson (λ=1) (sample 10),34,1824,178.0
Random Poisson (λ=1) (sample 10),35,1944,158.0
Random Poisson (λ=1) (sample 10),36,2070,254.0
Random Poisson (λ=1) (sample 10),37,2200,454.0
Random Poisson (λ=1) (sample 10),38,2334,783.0
Random Poisson (λ=1) (sample 10),39,2470,468.0
Random Poisson (λ=1) (sample 10),40,2610,274.0
Random Poisson (λ=1) (sample 10),41,2754,181.0
Random Poisson (λ=1) (sample 10),42,2900,243.0
Random Poisson (λ=1) (sample 10),43,3050,344.0
Random Poisson (λ=1) (sample 10),44,3202,289.0
Random Poisson (λ=1) (sample 10),45,3360,329.0
Random Poisson (λ=1) (sample 10),46,3524,458.0
Random Poisson (λ=1) (sample 10),47,3692,607.0
Random Poisson (λ=1) (sample 10),48,3862,356.0
Random Poisson (λ=1) (sample 10),49,4036,332.0
Random Poisson (λ=1) (sample 10),50,4212,563.0
Random Poisson (λ=1) (sample 10),51,4390,436.0
Random Poisson (λ=1) (sample 10),52,4572,364.0
Random Poisson (λ=1) (sample 10),53,4758,401.0
Random Poisson (λ=1) (sample 10),54,4952,590.0
Random Poisson (λ=1) (sample 10),55,5150,965.0
Random Poisson (λ=1) (sample 10),56,5350,1174.0
Random Poisson (λ=1) (sample 10),57,5556,2068.0
Random Poisson (λ=1) (sample 10),58,5766,2697.0
Random Poisson (λ=1) (sample 10),59,5980,1365.0
Random Poisson (λ=1) (sample 10),60,6198,2029.0
Random Poisson (λ=1) (sample 10),61,6422,2597.0
Random Poisson (λ=1) (sample 10),62,6650,3521.0
Random Poisson (λ=1) (sample 10),63,6882,4302.0
Random Poisson (λ=1) (sample 10),64,7120,5080.0
Random Poisson (λ=1) (sample 10),65,7360,7668.0
Random Poisson (λ=1) (sample 10),66,7606,12473.0
Random Poisson (λ=1) (sample 10),67,7856,14053.0
Random Poisson (λ=1) (sample 10),68,8108,24164.0
Random Poisson (λ=1) (sample 10),69,8366,32503.0
Random Poisson (λ=1) (sample 10),70,8628,52083.0
Random Poisson (λ=1) (sample 10),71,8892,82797.0
Random Poisson (λ=1) (sample 10),72,9160,156125.0
Random Poisson (λ=1) (sample 10),73,9434,275805.0
Random Poisson (λ=1) (sample 10),74,9714,547696.0
Random Poisson (λ=1) (sample 10),75,9996,562774.0
Random Poisson (λ=1) (sample 10),76,10280,560584.0
Random Poisson (λ=1) (sample 10),77,10570,677616.0
Random Poisson (λ=1) (sample 10),78,10864,423035.0
Random Poisson (λ=1) (sample 10),79,11160,581880.0
Random Poisson (λ=1) (sample 10),80,11458,1111905.0
Random Poisson (λ=1) (sample 10),81,11758,437602.0
Random Poisson (λ=1) (sample 10),82,12060,672494.0
Random Poisson (λ=1) (sample 10),83,12366,146634.0
Random Poisson (λ=1) (sample 10),84,12674,228523.0
Random Poisson (λ=1) (sample 10),85,12988,386616.0
Random Poisson (λ=1) (sample 10),86,13306,93476.0
Random Poisson (λ=1) (sample 10),87,13628,142415.0
Random Poisson (λ=1) (sample 10),88,13954,253682.0
Random Poisson (λ=1) (sample 10),89,14286,504569.0
Random Poisson (λ=1) (sample 10),90,14622,435606.0
Random Poisson (λ=1) (sample 10),91,14960,841234.0
Random Poisson (λ=1) (sample 10),92,15302,1104568.0
Random Poisson (λ=1) (sample 10),93,15646,2019254.0
Random Poisson (λ=1) (sample 10),94,15994,2983675.0
Random Poisson (λ=1) (sample 10),95,16346,1498447.0
Random Poisson (λ=1) (sample 10),96,16702,2648053.0
Random Poisson (λ=1) (sample 10),97,17060,1518412.0
Random Poisson (λ=1) (sample 10),98,17422,2853846.0
Random Poisson (λ=1) (sample 10),99,17786,1626930.0
Random Poisson (λ=1) (sample 10),100,18154,2875793.0
Random Poisson (λ=1) (sample 10),101,18526,5206914.0
Random Poisson (λ=1) (sample 10),102,18900,3654415.0
Random Poisson (λ=1) (sample 10),103,19278,5396580.0
Random Poisson (λ=1) (sample 10),104,19660,8790355.0
Random Poisson (λ=1) (sample 11),1,2,1.0
Random Poisson (λ=1) (sample 11),2,6,1.0
Random Poisson (λ=1) (sample 11),3,12,1.0
Random Poisson (λ=1) (sample 11),4,22,1.0
Random Poisson (λ=1) (sample 11),5,34,2.0
Random Poisson (λ=1) (sample 11),6,54,3.0
Random Poisson (λ=1) (sample 11),7,76,3.0
Random Poisson (λ=1) (sample 11),8,100,3.0
Random Poisson (λ=1) (sample 11),9,128,3.0
Random Poisson (λ=1) (sample 11),10,160,4.0
Random Poisson (λ=1) (sample 11),11,196,5.0
Random Poisson (λ=1) (sample 11),12,238,4.0
Random Poisson (λ=1) (sample 11),13,282,6.0
Random Poisson (λ=1) (sample 11),14,328,6.0
Random Poisson (λ=1) (sample 11),15,378,9.0
Random Poisson (λ=1) (sample 11),16,432,15.0
Random Poisson (λ=1) (sample 11),17,492,8.0
Random Poisson (λ=1) (sample 11),18,556,12.0
Random Poisson (λ=1) (sample 11),19,624,17.0
Random Poisson (λ=1) (sample 11),20,698,13.0
Random Poisson (λ=1) (sample 11),21,778,14.0
Random Poisson (λ=1) (sample 11),22,864,12.0
Random Poisson (λ=1) (sample 11),23,952,16.0
Random Poisson (λ=1) (sample 11),24,1044,27.0
Random Poisson (λ=1) (sample 11),25,1140,27.0
Random Poisson (λ=1) (sample 11),26,1238,46.0
Random Poisson (λ=1) (sample 11),27,1342,23.0
Random Poisson (λ=1) (sample 11),28,1450,22.0
Random Poisson (λ=1) (sample 11),29,1562,35.0
Random Poisson (λ=1) (sample 11),30,1678,64.0
Random Poisson (λ=1) (sample 11),31,1796,54.0
Random Poisson (λ=1) (sample 11),32,1920,44.0
Random Poisson (λ=1) (sample 11),33,2048,34.0
Random Poisson (λ=1) (sample 11),34,2180,58.0
Random Poisson (λ=1) (sample 11),35,2316,58.0
Random Poisson (λ=1) (sample 11),36,2454,54.0
Random Poisson (λ=1) (sample 11),37,2594,62.0
Random Poisson (λ=1) (sample 11),38,2738,69.0
Random Poisson (λ=1) (sample 11),39,2888,99.0
Random Poisson (λ=1) (sample 11),40,3040,72.0
Random Poisson (λ=1) (sample 11),41,3196,66.0
Random Poisson (λ=1) (sample 11),42,3354,89.0
Random Poisson (λ=1) (sample 11),43,3518,131.0
Random Poisson (λ=1) (sample 11),44,3684,197.0
Random Poisson (λ=1) (sample 11),45,3852,218.0
Random Poisson (λ=1) (sample 11),46,4022,218.0
Random Poisson (λ=1) (sample 11),47,4198,330.0
Random Poisson (λ=1) (sample 11),48,4376,373.0
Random Poisson (λ=1) (sample 11),49,4558,664.0
Random Poisson (λ=1) (sample 11),50,4744,585.0
Random Poisson (λ=1) (sample 11),51,4932,384.0
Random Poisson (λ=1) (sample 11),52,5124,416.0
Random Poisson (λ=1) (sample 11),53,5320,403.0
Random Poisson (λ=1) (sample 11),54,5522,682.0
Random Poisson (λ=1) (sample 11),55,5726,894.0
Random Poisson (λ=1) (sample 11),56,5934,1335.0
Random Poisson (λ=1) (sample 11),57,6150,2415.0
Random Poisson (λ=1) (sample 11),58,6374,2977.0
Random Poisson (λ=1) (sample 11),59,6606,2459.0
Random Poisson (λ=1) (sample 11),60,6844,1795.0
Random Poisson (λ=1) (sample 11),61,7084,2966.0
Random Poisson (λ=1) (sample 11),62,7326,5055.0
Random Poisson (λ=1) (sample 11),63,7572,5953.0
Random Poisson (λ=1) (sample 11),64,7820,11593.0
Random Poisson (λ=1) (sample 11),65,8070,16885.0
Random Poisson (λ=1) (sample 11),66,8324,21716.0
Random Poisson (λ=1) (sample 11),67,8582,28319.0
Random Poisson (λ=1) (sample 11),68,8844,34788.0
Random Poisson (λ=1) (sample 11),69,9110,43136.0
Random Poisson (λ=1) (sample 11),70,9380,46673.0
Random Poisson (λ=1) (sample 11),71,9652,81963.0
Random Poisson (λ=1) (sample 11),72,9926,119153.0
Random Poisson (λ=1) (sample 11),73,10202,50773.0
Random Poisson (λ=1) (sample 11),74,10480,78874.0
Random Poisson (λ=1) (sample 11),75,10764,64924.0
Random Poisson (λ=1) (sample 11),76,11052,97872.0
Random Poisson (λ=1) (sample 11),77,11342,90229.0
Random Poisson (λ=1) (sample 11),78,11634,94948.0
Random Poisson (λ=1) (sample 11),79,11928,80166.0
Random Poisson (λ=1) (sample 11),80,12226,92941.0
Random Poisson (λ=1) (sample 11),81,12530,152824.0
Random Poisson (λ=1) (sample 11),82,12838,186397.0
Random Poisson (λ=1) (sample 11),83,13150,276406.0
Random Poisson (λ=1) (sample 11),84,13464,516404.0
Random Poisson (λ=1) (sample 11),85,13784,834178.0
Random Poisson (λ=1) (sample 11),86,14112,1346008.0
Random Poisson (λ=1) (sample 11),87,14446,367730.0
Random Poisson (λ=1) (sample 11),88,14790,550282.0
Random Poisson (λ=1) (sample 11),89,15138,695523.0
Random Poisson (λ=1) (sample 11),90,15490,1035203.0
Random Poisson (λ=1) (sample 11),91,15846,1412108.0
Random Poisson (λ=1) (sample 11),92,16204,497723.0
Random Poisson (λ=1) (sample 11),93,16566,337757.0
Random Poisson (λ=1) (sample 11),94,16930,469784.0
Random Poisson (λ=1) (sample 11),95,17300,839379.0
Random Poisson (λ=1) (sample 11),96,17672,1266014.0
Random Poisson (λ=1) (sample 11),97,18050,2430399.0
Random Poisson (λ=1) (sample 11),98,18430,3825127.0
Random Poisson (λ=1) (sample 11),99,18812,1379516.0
Random Poisson (λ=1) (sample 11),100,19198,2628582.0
Random Poisson (λ=1) (sample 11),101,19586,4515532.0
Random Poisson (λ=1) (sample 11),102,19980,8258790.0
Random Poisson (λ=1) (sample 12),1,2,1.0
Random Poisson (λ=1) (sample 12),2,6,1.0
Random Poisson (λ=1) (sample 12),3,14,1.0
Random Poisson (λ=1) (sample 12),4,28,2.0
Random Poisson (λ=1) (sample 12),5,46,2.0
Random Poisson (λ=1) (sample 12),6,66,3.0
Random Poisson (λ=1) (sample 12),7,92,3.0
Random Poisson (λ=1) (sample 12),8,120,3.0
Random Poisson (λ=1) (sample 12),9,154,3.0
Random Poisson (λ=1) (sample 12),10,192,3.0
Random Poisson (λ=1) (sample 12),11,232,4.0
Random Poisson (λ=1) (sample 12),12,276,5.0
Random Poisson (λ=1) (sample 12),13,326,9.0
Random Poisson (λ=1) (sample 12),14,380,10.0
Random Poisson (λ=1) (sample 12),15,444,11.0
Random Poisson (λ=1) (sample 12),16,510,19.0
Random Poisson (λ=1) (sample 12),17,580,20.0
Random Poisson (λ=1) (sample 12),18,654,19.0
Random Poisson (λ=1) (sample 12),19,730,37.0
Random Poisson (λ=1) (sample 12),20,810,57.0
Random Poisson (λ=1) (sample 12),21,896,86.0
Random Poisson (λ=1) (sample 12),22,984,78.0
Random Poisson (λ=1) (sample 12),23,1076,115.0
Random Poisson (λ=1) (sample 12),24,1174,186.0
Random Poisson (λ=1) (sample 12),25,1276,334.0
Random Poisson (λ=1) (sample 12),26,1382,330.0
Random Poisson (λ=1) (sample 12),27,1490,533.0
Random Poisson (λ=1) (sample 12),28,1600,175.0
Random Poisson (λ=1) (sample 12),29,1712,317.0
Random Poisson (λ=1) (sample 12),30,1826,396.0
Random Poisson (λ=1) (sample 12),31,1942,342.0
Random Poisson (λ=1) (sample 12),32,2060,487.0
Random Poisson (λ=1) (sample 12),33,2182,824.0
Random Poisson (λ=1) (sample 12),34,2306,1210.0
Random Poisson (λ=1) (sample 12),35,2432,946.0
Random Poisson (λ=1) (sample 12),36,2560,1748.0
Random Poisson (λ=1) (sample 12),37,2692,2484.0
Random Poisson (λ=1) (sample 12),38,2826,4207.0
Random Poisson (λ=1) (sample 12),39,2966,5032.0
Random Poisson (λ=1) (sample 12),40,3108,4951.0
Random Poisson (λ=1) (sample 12),41,3258,7237.0
Random Poisson (λ=1) (sample 12),42,3410,6171.0
Random Poisson (λ=1) (sample 12),43,3566,4660.0
Random Poisson (λ=1) (sample 12),44,3728,3358.0
Random Poisson (λ=1) (sample 12),45,3896,4553.0
Random Poisson (λ=1) (sample 12),46,4068,1967.0
Random Poisson (λ=1) (sample 12),47,4246,973.0
Random Poisson (λ=1) (sample 12),48,4426,1326.0
Random Poisson (λ=1) (sample 12),49,4608,2166.0
Random Poisson (λ=1) (sample 12),50,4796,3268.0
Random Poisson (λ=1) (sample 12),51,4990,5875.0
Random Poisson (λ=1) (sample 12),52,5188,8636.0
Random Poisson (λ=1) (sample 12),53,5388,15338.0
Random Poisson (λ=1) (sample 12),54,5592,24278.0
Random Poisson (λ=1) (sample 12),55,5798,43911.0
Random Poisson (λ=1) (sample 12),56,6006,13274.0
Random Poisson (λ=1) (sample 12),57,6222,20292.0
Random Poisson (λ=1) (sample 12),58,6440,36326.0
Random Poisson (λ=1) (sample 12),59,6664,65778.0
Random Poisson (λ=1) (sample 12),60,6894,122729.0
Random Poisson (λ=1) (sample 12),61,7126,41610.0
Random Poisson (λ=1) (sample 12),62,7360,67601.0
Random Poisson (λ=1) (sample 12),63,7598,22216.0
Random Poisson (λ=1) (sample 12),64,7838,35311.0
Random Poisson (λ=1) (sample 12),65,8082,18789.0
Random Poisson (λ=1) (sample 12),66,8330,30174.0
Random Poisson (λ=1) (sample 12),67,8584,53560.0
Random Poisson (λ=1) (sample 12),68,8842,86101.0
Random Poisson (λ=1) (sample 12),69,9106,125627.0
Random Poisson (λ=1) (sample 12),70,9376,215238.0
Random Poisson (λ=1) (sample 12),71,9648,335378.0
Random Poisson (λ=1) (sample 12),72,9922,111419.0
Random Poisson (λ=1) (sample 12),73,10202,87822.0
Random Poisson (λ=1) (sample 12),74,10484,132634.0
Random Poisson (λ=1) (sample 12),75,10770,133785.0
Random Poisson (λ=1) (sample 12),76,11060,114628.0
Random Poisson (λ=1) (sample 12),77,11352,101401.0
Random Poisson (λ=1) (sample 12),78,11652,189754.0
Random Poisson (λ=1) (sample 12),79,11954,173978.0
Random Poisson (λ=1) (sample 12),80,12262,181047.0
Random Poisson (λ=1) (sample 12),81,12574,251425.0
Random Poisson (λ=1) (sample 12),82,12888,371138.0
Random Poisson (λ=1) (sample 12),83,13206,678692.0
Random Poisson (λ=1) (sample 12),84,13530,982975.0
Random Poisson (λ=1) (sample 12),85,13856,1295075.0
Random Poisson (λ=1) (sample 12),86,14184,774984.0
Random Poisson (λ=1) (sample 12),87,14514,1038231.0
Random Poisson (λ=1) (sample 12),88,14848,1068372.0
Random Poisson (λ=1) (sample 12),89,15186,1330303.0
Random Poisson (λ=1) (sample 12),90,15530,1916473.0
Random Poisson (λ=1) (sample 12),91,15880,3208868.0
Random Poisson (λ=1) (sample 12),92,16232,1040888.0
Random Poisson (λ=1) (sample 12),93,16590,1004550.0
Random Poisson (λ=1) (sample 12),94,16952,1013661.0
Random Poisson (λ=1) (sample 12),95,17316,1109012.0
Random Poisson (λ=1) (sample 12),96,17682,1463843.0
Random Poisson (λ=1) (sample 12),97,18052,1321450.0
Random Poisson (λ=1) (sample 12),98,18426,2033914.0
Random Poisson (λ=1) (sample 12),99,18808,2030386.0
Random Poisson (λ=1) (sample 12),100,19194,3624477.0
Random Poisson (λ=1) (sample 12),101,19582,5505226.0
Random Poisson (λ=1) (sample 12),102,19974,2169210.0
Random Poisson (λ=1) (sample 13),1,4,1.0
Random Poisson (λ=1) (sample 13),2,10,1.0
Random Poisson (λ=1) (sample 13),3,18,1.0
Random Poisson (λ=1) (sample 13),4,30,1.0
Random Poisson (λ=1) (sample 13),5,44,2.0
Random Poisson (λ=1) (sample 13),6,62,2.0
Random Poisson (λ=1) (sample 13),7,84,2.0
Random Poisson (λ=1) (sample 13),8,110,3.0
Random Poisson (λ=1) (sample 13),9,140,2.0
Random Poisson (λ=1) (sample 13),10,172,2.0
Random Poisson (λ=1) (sample 13),11,208,3.0
Random Poisson (λ=1) (sample 13),12,248,5.0
Random Poisson (λ=1) (sample 13),13,292,4.0
Random Poisson (λ=1) (sample 13),14,340,3.0
Random Poisson (λ=1) (sample 13),15,392,4.0
Random Poisson (λ=1) (sample 13),16,448,4.0
Random Poisson (λ=1) (sample 13),17,508,6.0
Random Poisson (λ=1) (sample 13),18,572,10.0
Random Poisson (λ=1) (sample 13),19,638,9.0
Random Poisson (λ=1) (sample 13),20,708,14.0
Random Poisson (λ=1) (sample 13),21,782,24.0
Random Poisson (λ=1) (sample 13),22,858,27.0
Random Poisson (λ=1) (sample 13),23,940,30.0
Random Poisson (λ=1) (sample 13),24,1028,16.0
Random Poisson (λ=1) (sample 13),25,1122,28.0
Random Poisson (λ=1) (sample 13),26,1222,30.0
Random Poisson (λ=1) (sample 13),27,1326,57.0
Random Poisson (λ=1) (sample 13),28,1434,72.0
Random Poisson (λ=1) (sample 13),29,1544,109.0
Random Poisson (λ=1) (sample 13),30,1660,101.0
Random Poisson (λ=1) (sample 13),31,1782,134.0
Random Poisson (λ=1) (sample 13),32,1908,162.0
Random Poisson (λ=1) (sample 13),33,2038,79.0
Random Poisson (λ=1) (sample 13),34,2170,137.0
Random Poisson (λ=1) (sample 13),35,2304,170.0
Random Poisson (λ=1) (sample 13),36,2442,305.0
Random Poisson (λ=1) (sample 13),37,2584,397.0
Random Poisson (λ=1) (sample 13),38,2730,198.0
Random Poisson (λ=1) (sample 13),39,2880,322.0
Random Poisson (λ=1) (sample 13),40,3034,525.0
Random Poisson (λ=1) (sample 13),41,3192,359.0
Random Poisson (λ=1) (sample 13),42,3352,592.0
Random Poisson (λ=1) (sample 13),43,3516,743.0
Random Poisson (λ=1) (sample 13),44,3684,1211.0
Random Poisson (λ=1) (sample 13),45,3854,737.0
Random Poisson (λ=1) (sample 13),46,4028,338.0
Random Poisson (λ=1) (sample 13),47,4206,400.0
Random Poisson (λ=1) (sample 13),48,4390,628.0
Random Poisson (λ=1) (sample 13),49,4578,1184.0
Random Poisson (λ=1) (sample 13),50,4768,1419.0
Random Poisson (λ=1) (sample 13),51,4960,1371.0
Random Poisson (λ=1) (sample 13),52,5154,2321.0
Random Poisson (λ=1) (sample 13),53,5350,1726.0
Random Poisson (λ=1) (sample 13),54,5548,2444.0
Random Poisson (λ=1) (sample 13),55,5748,2657.0
Random Poisson (λ=1) (sample 13),56,5954,4706.0
Random Poisson (λ=1) (sample 13),57,6166,7935.0
Random Poisson (λ=1) (sample 13),58,6382,14147.0
Random Poisson (λ=1) (sample 13),59,6604,27524.0
Random Poisson (λ=1) (sample 13),60,6828,30861.0
Random Poisson (λ=1) (sample 13),61,7054,27470.0
Random Poisson (λ=1) (sample 13),62,7282,53506.0
Random Poisson (λ=1) (sample 13),63,7512,45633.0
Random Poisson (λ=1) (sample 13),64,7746,84281.0
Random Poisson (λ=1) (sample 13),65,7982,42588.0
Random Poisson (λ=1) (sample 13),66,8220,62148.0
Random Poisson (λ=1) (sample 13),67,8464,104928.0
Random Poisson (λ=1) (sample 13),68,8712,31493.0
Random Poisson (λ=1) (sample 13),69,8972,35729.0
Random Poisson (λ=1) (sample 13),70,9238,50156.0
Random Poisson (λ=1) (sample 13),71,9510,83175.0
Random Poisson (λ=1) (sample 13),72,9786,28015.0
Random Poisson (λ=1) (sample 13),73,10066,33408.0
Random Poisson (λ=1) (sample 13),74,10348,30561.0
Random Poisson (λ=1) (sample 13),75,10632,49799.0
Random Poisson (λ=1) (sample 13),76,10920,56975.0
Random Poisson (λ=1) (sample 13),77,11214,81203.0
Random Poisson (λ=1) (sample 13),78,11512,36533.0
Random Poisson (λ=1) (sample 13),79,11814,55213.0
Random Poisson (λ=1) (sample 13),80,12122,80015.0
Random Poisson (λ=1) (sample 13),81,12438,85728.0
Random Poisson (λ=1) (sample 13),82,12758,132818.0
Random Poisson (λ=1) (sample 13),83,13080,83522.0
Random Poisson (λ=1) (sample 13),84,13404,135082.0
Random Poisson (λ=1) (sample 13),85,13730,123243.0
Random Poisson (λ=1) (sample 13),86,14060,195011.0
Random Poisson (λ=1) (sample 13),87,14394,205577.0
Random Poisson (λ=1) (sample 13),88,14732,135845.0
Random Poisson (λ=1) (sample 13),89,15072,200915.0
Random Poisson (λ=1) (sample 13),90,15416,94453.0
Random Poisson (λ=1) (sample 13),91,15766,114834.0
Random Poisson (λ=1) (sample 13),92,16118,167442.0
Random Poisson (λ=1) (sample 13),93,16478,86271.0
Random Poisson (λ=1) (sample 13),94,16840,107311.0
Random Poisson (λ=1) (sample 13),95,17206,124003.0
Random Poisson (λ=1) (sample 13),96,17576,112411.0
Random Poisson (λ=1) (sample 13),97,17948,131048.0
Random Poisson (λ=1) (sample 13),98,18322,164243.0
Random Poisson (λ=1) (sample 13),99,18698,194903.0
Random Poisson (λ=1) (sample 13),100,19080,230934.0
Random Poisson (λ=1) (sample 13),101,19470,269428.0
Random Poisson (λ=1) (sample 13),102,19862,327992.0
Random Poisson (λ=1) (sample 14),1,6,1.0
Random Poisson (λ=1) (sample 14),2,18,1.0
Random Poisson (λ=1) (sample 14),3,38,1.0
Random Poisson (λ=1) (sample 14),4,64,2.0
Random Poisson (λ=1) (sample 14),5,94,2.0
Random Poisson (λ=1) (sample 14),6,128,2.0
Random Poisson (λ=1) (sample 14),7,166,3.0
Random Poisson (λ=1) (sample 14),8,206,4.0
Random Poisson (λ=1) (sample 14),9,256,3.0
Random Poisson (λ=1) (sample 14),10,310,4.0
Random Poisson (λ=1) (sample 14),11,368,8.0
Random Poisson (λ=1) (sample 14),12,428,6.0
Random Poisson (λ=1) (sample 14),13,490,10.0
Random Poisson (λ=1) (sample 14),14,558,13.0
Random Poisson (λ=1) (sample 14),15,628,11.0
Random Poisson (λ=1) (sample 14),16,702,13.0
Random Poisson (λ=1) (sample 14),17,780,21.0
Random Poisson (λ=1) (sample 14),18,860,21.0
Random Poisson (λ=1) (sample 14),19,942,26.0
Random Poisson (λ=1) (sample 14),20,1030,31.0
Random Poisson (λ=1) (sample 14),21,1124,35.0
Random Poisson (λ=1) (sample 14),22,1222,47.0
Random Poisson (λ=1) (sample 14),23,1324,61.0
Random Poisson (λ=1) (sample 14),24,1432,72.0
Random Poisson (λ=1) (sample 14),25,1544,97.0
Random Poisson (λ=1) (sample 14),26,1660,134.0
Random Poisson (λ=1) (sample 14),27,1782,160.0
Random Poisson (λ=1) (sample 14),28,1914,188.0
Random Poisson (λ=1) (sample 14),29,2048,182.0
Random Poisson (λ=1) (sample 14),30,2184,258.0
Random Poisson (λ=1) (sample 14),31,2322,289.0
Random Poisson (λ=1) (sample 14),32,2466,374.0
Random Poisson (λ=1) (sample 14),33,2612,435.0
Random Poisson (λ=1) (sample 14),34,2760,654.0
Random Poisson (λ=1) (sample 14),35,2910,840.0
Random Poisson (λ=1) (sample 14),36,3064,1224.0
Random Poisson (λ=1) (sample 14),37,3222,1752.0
Random Poisson (λ=1) (sample 14),38,3384,2500.0
Random Poisson (λ=1) (sample 14),39,3550,2673.0
Random Poisson (λ=1) (sample 14),40,3722,3867.0
Random Poisson (λ=1) (sample 14),41,3896,3729.0
Random Poisson (λ=1) (sample 14),42,4072,4868.0
Random Poisson (λ=1) (sample 14),43,4256,6333.0
Random Poisson (λ=1) (sample 14),44,4442,8467.0
Random Poisson (λ=1) (sample 14),45,4630,9989.0
Random Poisson (λ=1) (sample 14),46,4822,14193.0
Random Poisson (λ=1) (sample 14),47,5020,17792.0
Random Poisson (λ=1) (sample 14),48,5220,23860.0
Random Poisson (λ=1) (sample 14),49,5422,31778.0
Random Poisson (λ=1) (sample 14),50,5628,46252.0
Random Poisson (λ=1) (sample 14),51,5838,63655.0
Random Poisson (λ=1) (sample 14),52,6052,81942.0
Random Poisson (λ=1) (sample 14),53,6268,118533.0
Random Poisson (λ=1) (sample 14),54,6490,129820.0
Random Poisson (λ=1) (sample 14),55,6716,170987.0
Random Poisson (λ=1) (sample 14),56,6944,216689.0
Random Poisson (λ=1) (sample 14),57,7174,301965.0
Random Poisson (λ=1) (sample 14),58,7406,353734.0
Random Poisson (λ=1) (sample 14),59,7644,468227.0
Random Poisson (λ=1) (sample 14),60,7890,588105.0
Random Poisson (λ=1) (sample 14),61,8140,734488.0
Random Poisson (λ=1) (sample 14),62,8394,927100.0
Random Poisson (λ=1) (sample 14),63,8652,1161573.0
Random Poisson (λ=1) (sample 14),64,8914,1462742.0
Random Poisson (λ=1) (sample 14),65,9180,1820020.0
Random Poisson (λ=1) (sample 14),66,9448,2352942.0
Random Poisson (λ=1) (sample 14),67,9724,2851331.0
Random Poisson (λ=1) (sample 14),68,10002,3599449.0
Random Poisson (λ=1) (sample 14),69,10286,4329805.0
Random Poisson (λ=1) (sample 14),70,10574,5310397.0
Random Poisson (λ=1) (sample 14),71,10864,6631347.0
Random Poisson (λ=1) (sample 14),72,11156,8530800.0
Random Poisson (λ=1) (sample 14),73,11450,10911858.0
Random Poisson (λ=1) (sample 14),74,11750,13884081.0
Random Poisson (λ=1) (sample 14),75,12056,17117888.0
Random Poisson (λ=1) (sample 14),76,12368,20994788.0
Random Poisson (λ=1) (sample 14),77,12684,25362428.0
Random Poisson (λ=1) (sample 14),78,13006,30324262.0
Random Poisson (λ=1) (sample 14),79,13336,34728924.0
Random Poisson (λ=1) (sample 14),80,13670,40312955.0
Random Poisson (λ=1) (sample 14),81,14006,47723364.0
Random Poisson (λ=1) (sample 14),82,14344,58069990.0
Random Poisson (λ=1) (sample 14),83,14684,71859764.0
Random Poisson (λ=1) (sample 14),84,15028,88932535.0
Random Poisson (λ=1) (sample 14),85,15378,108039849.0
Random Poisson (λ=1) (sample 14),86,15732,131763760.0
Random Poisson (λ=1) (sample 14),87,16088,162351410.0
Random Poisson (λ=1) (sample 14),88,16446,204882056.0
Random Poisson (λ=1) (sample 14),89,16818,234966574.0
Random Poisson (λ=1) (sample 14),90,17192,277437192.0
Random Poisson (λ=1) (sample 14),91,17572,321939051.0
Random Poisson (λ=1) (sample 14),92,17956,377480950.0
Random Poisson (λ=1) (sample 14),93,18346,431528742.0
Random Poisson (λ=1) (sample 14),94,18740,500895989.0
Random Poisson (λ=1) (sample 14),95,19136,590079841.0
Random Poisson (λ=1) (sample 14),96,19540,680673705.0
Random Poisson (λ=1) (sample 14),97,19954,737592162.0
Random Poisson (λ=1) (sample 15),1,4,1.0
Random Poisson (λ=1) (sample 15),2,10,1.0
Random Poisson (λ=1) (sample 15),3,22,1.0
Random Poisson (λ=1) (sample 15),4,36,2.0
Random Poisson (λ=1) (sample 15),5,56,2.0
Random Poisson (λ=1) (sample 15),6,82,2.0
Random Poisson (λ=1) (sample 15),7,114,2.0
Random Poisson (λ=1) (sample 15),8,148,3.0
Random Poisson (λ=1) (sample 15),9,186,2.0
Random Poisson (λ=1) (sample 15),10,230,2.0
Random Poisson (λ=1) (sample 15),11,278,2.0
Random Poisson (λ=1) (sample 15),12,330,3.0
Random Poisson (λ=1) (sample 15),13,384,3.0
Random Poisson (λ=1) (sample 15),14,442,4.0
Random Poisson (λ=1) (sample 15),15,504,5.0
Random Poisson (λ=1) (sample 15),16,572,8.0
Random Poisson (λ=1) (sample 15),17,644,9.0
Random Poisson (λ=1) (sample 15),18,720,10.0
Random Poisson (λ=1) (sample 15),19,800,15.0
Random Poisson (λ=1) (sample 15),20,882,18.0
Random Poisson (λ=1) (sample 15),21,968,21.0
Random Poisson (λ=1) (sample 15),22,1058,41.0
Random Poisson (λ=1) (sample 15),23,1152,53.0
Random Poisson (λ=1) (sample 15),24,1250,78.0
Random Poisson (λ=1) (sample 15),25,1352,42.0
Random Poisson (λ=1) (sample 15),26,1460,81.0
Random Poisson (λ=1) (sample 15),27,1572,114.0
Random Poisson (λ=1) (sample 15),28,1690,204.0
Random Poisson (λ=1) (sample 15),29,1812,401.0
Random Poisson (λ=1) (sample 15),30,1940,447.0
Random Poisson (λ=1) (sample 15),31,2072,763.0
Random Poisson (λ=1) (sample 15),32,2206,411.0
Random Poisson (λ=1) (sample 15),33,2346,760.0
Random Poisson (λ=1) (sample 15),34,2488,634.0
Random Poisson (λ=1) (sample 15),35,2636,626.0
Random Poisson (λ=1) (sample 15),36,2786,1080.0
Random Poisson (λ=1) (sample 15),37,2940,2021.0
Random Poisson (λ=1) (sample 15),38,3098,3517.0
Random Poisson (λ=1) (sample 15),39,3260,4291.0
Random Poisson (λ=1) (sample 15),40,3424,7374.0
Random Poisson (λ=1) (sample 15),41,3590,3447.0
Random Poisson (λ=1) (sample 15),42,3762,6597.0
Random Poisson (λ=1) (sample 15),43,3938,10196.0
Random Poisson (λ=1) (sample 15),44,4118,10027.0
Random Poisson (λ=1) (sample 15),45,4304,19838.0
Random Poisson (λ=1) (sample 15),46,4496,24313.0
Random Poisson (λ=1) (sample 15),47,4694,12692.0
Random Poisson (λ=1) (sample 15),48,4896,2626.0
Random Poisson (λ=1) (sample 15),49,5104,3780.0
Random Poisson (λ=1) (sample 15),50,5318,6870.0
Random Poisson (λ=1) (sample 15),51,5534,2198.0
Random Poisson (λ=1) (sample 15),52,5754,1519.0
Random Poisson (λ=1) (sample 15),53,5976,2049.0
Random Poisson (λ=1) (sample 15),54,6202,2307.0
Random Poisson (λ=1) (sample 15),55,6432,1642.0
Random Poisson (λ=1) (sample 15),56,6664,2697.0
Random Poisson (λ=1) (sample 15),57,6900,4692.0
Random Poisson (λ=1) (sample 15),58,7140,6448.0
Random Poisson (λ=1) (sample 15),59,7382,8198.0
Random Poisson (λ=1) (sample 15),60,7626,8793.0
Random Poisson (λ=1) (sample 15),61,7872,13670.0
Random Poisson (λ=1) (sample 15),62,8120,11271.0
Random Poisson (λ=1) (sample 15),63,8370,17908.0
Random Poisson (λ=1) (sample 15),64,8624,31150.0
Random Poisson (λ=1) (sample 15),65,8884,42973.0
Random Poisson (λ=1) (sample 15),66,9150,20489.0
Random Poisson (λ=1) (sample 15),67,9422,28331.0
Random Poisson (λ=1) (sample 15),68,9698,42692.0
Random Poisson (λ=1) (sample 15),69,9976,57101.0
Random Poisson (λ=1) (sample 15),70,10258,94286.0
Random Poisson (λ=1) (sample 15),71,10548,144926.0
Random Poisson (λ=1) (sample 15),72,10842,189468.0
Random Poisson (λ=1) (sample 15),73,11138,307301.0
Random Poisson (λ=1) (sample 15),74,11436,243266.0
Random Poisson (λ=1) (sample 15),75,11738,110268.0
Random Poisson (λ=1) (sample 15),76,12046,142208.0
Random Poisson (λ=1) (sample 15),77,12356,184892.0
Random Poisson (λ=1) (sample 15),78,12670,258615.0
Random Poisson (λ=1) (sample 15),79,12990,284605.0
Random Poisson (λ=1) (sample 15),80,13312,379467.0
Random Poisson (λ=1) (sample 15),81,13638,475854.0
Random Poisson (λ=1) (sample 15),82,13970,694382.0
Random Poisson (λ=1) (sample 15),83,14306,1061700.0
Random Poisson (λ=1) (sample 15),84,14644,1363747.0
Random Poisson (λ=1) (sample 15),85,14984,1410468.0
Random Poisson (λ=1) (sample 15),86,15328,1528946.0
Random Poisson (λ=1) (sample 15),87,15676,1381701.0
Random Poisson (λ=1) (sample 15),88,16032,1591818.0
Random Poisson (λ=1) (sample 15),89,16394,1761648.0
Random Poisson (λ=1) (sample 15),90,16760,2149850.0
Random Poisson (λ=1) (sample 15),91,17128,2608971.0
Random Poisson (λ=1) (sample 15),92,17498,3211781.0
Random Poisson (λ=1) (sample 15),93,17870,4048427.0
Random Poisson (λ=1) (sample 15),94,18246,5195149.0
Random Poisson (λ=1) (sample 15),95,18628,6464312.0
Random Poisson (λ=1) (sample 15),96,19012,7832370.0
Random Poisson (λ=1) (sample 15),97,19402,9596817.0
Random Poisson (λ=1) (sample 15),98,19798,11673639.0
Random Poisson (λ=1) (sample 16),1,2,1.0
Random Poisson (λ=1) (sample 16),2,8,1.0
Random Poisson (λ=1) (sample 16),3,16,1.0
Random Poisson (λ=1) (sample 16),4,32,2.0
Random Poisson (λ=1) (sample 16),5,50,2.0
Random Poisson (λ=1) (sample 16),6,76,2.0
Random Poisson (λ=1) (sample 16),7,108,3.0
Random Poisson (λ=1) (sample 16),8,144,4.0
Random Poisson (λ=1) (sample 16),9,184,7.0
Random Poisson (λ=1) (sample 16),10,228,6.0
Random Poisson (λ=1) (sample 16),11,274,8.0
Random Poisson (λ=1) (sample 16),12,324,14.0
Random Poisson (λ=1) (sample 16),13,378,24.0
Random Poisson (λ=1) (sample 16),14,436,28.0
Random Poisson (λ=1) (sample 16),15,496,45.0
Random Poisson (λ=1) (sample 16),16,560,78.0
Random Poisson (λ=1) (sample 16),17,626,44.0
Random Poisson (λ=1) (sample 16),18,694,68.0
Random Poisson (λ=1) (sample 16),19,768,120.0
Random Poisson (λ=1) (sample 16),20,850,143.0
Random Poisson (λ=1) (sample 16),21,934,222.0
Random Poisson (λ=1) (sample 16),22,1020,126.0
Random Poisson (λ=1) (sample 16),23,1110,56.0
Random Poisson (λ=1) (sample 16),24,1202,96.0
Random Poisson (λ=1) (sample 16),25,1300,128.0
Random Poisson (λ=1) (sample 16),26,1402,223.0
Random Poisson (λ=1) (sample 16),27,1506,210.0
Random Poisson (λ=1) (sample 16),28,1612,291.0
Random Poisson (λ=1) (sample 16),29,1724,494.0
Random Poisson (λ=1) (sample 16),30,1838,283.0
Random Poisson (λ=1) (sample 16),31,1954,424.0
Random Poisson (λ=1) (sample 16),32,2072,466.0
Random Poisson (λ=1) (sample 16),33,2196,431.0
Random Poisson (λ=1) (sample 16),34,2324,627.0
Random Poisson (λ=1) (sample 16),35,2460,610.0
Random Poisson (λ=1) (sample 16),36,2598,698.0
Random Poisson (λ=1) (sample 16),37,2740,1222.0
Random Poisson (λ=1) (sample 16),38,2886,2128.0
Random Poisson (λ=1) (sample 16),39,3036,3330.0
Random Poisson (λ=1) (sample 16),40,3190,2574.0
Random Poisson (λ=1) (sample 16),41,3348,706.0
Random Poisson (λ=1) (sample 16),42,3508,1048.0
Random Poisson (λ=1) (sample 16),43,3672,1214.0
Random Poisson (λ=1) (sample 16),44,3838,1920.0
Random Poisson (λ=1) (sample 16),45,4010,2089.0
Random Poisson (λ=1) (sample 16),46,4184,2642.0
Random Poisson (λ=1) (sample 16),47,4366,1421.0
Random Poisson (λ=1) (sample 16),48,4550,2322.0
Random Poisson (λ=1) (sample 16),49,4738,2681.0
Random Poisson (λ=1) (sample 16),50,4928,4003.0
Random Poisson (λ=1) (sample 16),51,5122,7126.0
Random Poisson (λ=1) (sample 16),52,5324,6142.0
Random Poisson (λ=1) (sample 16),53,5530,5799.0
Random Poisson (λ=1) (sample 16),54,5744,5853.0
Random Poisson (λ=1) (sample 16),55,5960,7308.0
Random Poisson (λ=1) (sample 16),56,6182,7946.0
Random Poisson (λ=1) (sample 16),57,6408,11224.0
Random Poisson (λ=1) (sample 16),58,6638,14793.0
Random Poisson (λ=1) (sample 16),59,6872,11313.0
Random Poisson (λ=1) (sample 16),60,7108,19089.0
Random Poisson (λ=1) (sample 16),61,7346,10025.0
Random Poisson (λ=1) (sample 16),62,7588,12631.0
Random Poisson (λ=1) (sample 16),63,7832,14264.0
Random Poisson (λ=1) (sample 16),64,8078,19266.0
Random Poisson (λ=1) (sample 16),65,8326,18426.0
Random Poisson (λ=1) (sample 16),66,8578,25937.0
Random Poisson (λ=1) (sample 16),67,8832,20918.0
Random Poisson (λ=1) (sample 16),68,9088,29623.0
Random Poisson (λ=1) (sample 16),69,9346,26634.0
Random Poisson (λ=1) (sample 16),70,9608,24476.0
Random Poisson (λ=1) (sample 16),71,9872,33654.0
Random Poisson (λ=1) (sample 16),72,10142,45477.0
Random Poisson (λ=1) (sample 16),73,10414,63385.0
Random Poisson (λ=1) (sample 16),74,10688,69633.0
Random Poisson (λ=1) (sample 16),75,10964,94983.0
Random Poisson (λ=1) (sample 16),76,11244,123819.0
Random Poisson (λ=1) (sample 16),77,11528,170553.0
Random Poisson (λ=1) (sample 16),78,11816,188983.0
Random Poisson (λ=1) (sample 16),79,12106,236659.0
Random Poisson (λ=1) (sample 16),80,12398,336033.0
Random Poisson (λ=1) (sample 16),81,12694,406526.0
Random Poisson (λ=1) (sample 16),82,12994,532417.0
Random Poisson (λ=1) (sample 16),83,13298,700807.0
Random Poisson (λ=1) (sample 16),84,13604,942122.0
Random Poisson (λ=1) (sample 16),85,13916,1211239.0
Random Poisson (λ=1) (sample 16),86,14230,1647121.0
Random Poisson (λ=1) (sample 16),87,14546,2127254.0
Random Poisson (λ=1) (sample 16),88,14866,2720912.0
Random Poisson (λ=1) (sample 16),89,15190,3617517.0
Random Poisson (λ=1) (sample 16),90,15518,4354677.0
Random Poisson (λ=1) (sample 16),91,15850,5664524.0
Random Poisson (λ=1) (sample 16),92,16188,6969603.0
Random Poisson (λ=1) (sample 16),93,16528,8729545.0
Random Poisson (λ=1) (sample 16),94,16874,10772176.0
Random Poisson (λ=1) (sample 16),95,17222,13622200.0
Random Poisson (λ=1) (sample 16),96,17574,17107160.0
Random Poisson (λ=1) (sample 16),97,17928,21825621.0
Random Poisson (λ=1) (sample 16),98,18286,27320558.0
Random Poisson (λ=1) (sample 16),99,18648,34432092.0
Random Poisson (λ=1) (sample 16),100,19012,43779430.0
Random Poisson (λ=1) (sample 16),101,19380,55335966.0
Random Poisson (λ=1) (sample 16),102,19756,68517450.0
Random Poisson (λ=1) (sample 17),1,2,1.0
Random Poisson (λ=1) (sample 17),2,6,1.0
Random Poisson (λ=1) (sample 17),3,16,1.0
Random Poisson (λ=1) (sample 17),4,40,1.0
Random Poisson (λ=1) (sample 17),5,66,2.0
Random Poisson (λ=1) (sample 17),6,94,1.0
Random Poisson (λ=1) (sample 17),7,126,2.0
Random Poisson (λ=1) (sample 17),8,162,2.0
Random Poisson (λ=1) (sample 17),9,202,2.0
Random Poisson (λ=1) (sample 17),10,246,3.0
Random Poisson (λ=1) (sample 17),11,294,4.0
Random Poisson (λ=1) (sample 17),12,348,4.0
Random Poisson (λ=1) (sample 17),13,406,6.0
Random Poisson (λ=1) (sample 17),14,472,9.0
Random Poisson (λ=1) (sample 17),15,544,8.0
Random Poisson (λ=1) (sample 17),16,618,12.0
Random Poisson (λ=1) (sample 17),17,694,11.0
Random Poisson (λ=1) (sample 17),18,774,14.0
Random Poisson (λ=1) (sample 17),19,856,13.0
Random Poisson (λ=1) (sample 17),20,946,15.0
Random Poisson (λ=1) (sample 17),21,1042,30.0
Random Poisson (λ=1) (sample 17),22,1140,32.0
Random Poisson (λ=1) (sample 17),23,1242,36.0
Random Poisson (λ=1) (sample 17),24,1346,57.0
Random Poisson (λ=1) (sample 17),25,1452,46.0
Random Poisson (λ=1) (sample 17),26,1560,35.0
Random Poisson (λ=1) (sample 17),27,1670,53.0
Random Poisson (λ=1) (sample 17),28,1790,74.0
Random Poisson (λ=1) (sample 17),29,1916,118.0
Random Poisson (λ=1) (sample 17),30,2044,180.0
Random Poisson (λ=1) (sample 17),31,2176,185.0
Random Poisson (λ=1) (sample 17),32,2312,221.0
Random Poisson (λ=1) (sample 17),33,2452,317.0
Random Poisson (λ=1) (sample 17),34,2596,462.0
Random Poisson (λ=1) (sample 17),35,2742,300.0
Random Poisson (λ=1) (sample 17),36,2894,455.0
Random Poisson (λ=1) (sample 17),37,3056,463.0
Random Poisson (λ=1) (sample 17),38,3222,761.0
Random Poisson (λ=1) (sample 17),39,3394,658.0
Random Poisson (λ=1) (sample 17),40,3570,595.0
Random Poisson (λ=1) (sample 17),41,3754,956.0
Random Poisson (λ=1) (sample 17),42,3940,329.0
Random Poisson (λ=1) (sample 17),43,4132,362.0
Random Poisson (λ=1) (sample 17),44,4328,583.0
Random Poisson (λ=1) (sample 17),45,4530,910.0
Random Poisson (λ=1) (sample 17),46,4738,1451.0
Random Poisson (λ=1) (sample 17),47,4950,1039.0
Random Poisson (λ=1) (sample 17),48,5166,1620.0
Random Poisson (λ=1) (sample 17),49,5386,2168.0
Random Poisson (λ=1) (sample 17),50,5610,1461.0
Random Poisson (λ=1) (sample 17),51,5840,1401.0
Random Poisson (λ=1) (sample 17),52,6072,2305.0
Random Poisson (λ=1) (sample 17),53,6310,3677.0
Random Poisson (λ=1) (sample 17),54,6552,3752.0
Random Poisson (λ=1) (sample 17),55,6796,2650.0
Random Poisson (λ=1) (sample 17),56,7044,2518.0
Random Poisson (λ=1) (sample 17),57,7296,2726.0
Random Poisson (λ=1) (sample 17),58,7554,3149.0
Random Poisson (λ=1) (sample 17),59,7816,5330.0
Random Poisson (λ=1) (sample 17),60,8082,8647.0
Random Poisson (λ=1) (sample 17),61,8350,8655.0
Random Poisson (λ=1) (sample 17),62,8622,8373.0
Random Poisson (λ=1) (sample 17),63,8900,7501.0
Random Poisson (λ=1) (sample 17),64,9184,11508.0
Random Poisson (λ=1) (sample 17),65,9480,19309.0
Random Poisson (λ=1) (sample 17),66,9780,15290.0
Random Poisson (λ=1) (sample 17),67,10082,14470.0
Random Poisson (λ=1) (sample 17),68,10386,20826.0
Random Poisson (λ=1) (sample 17),69,10698,22368.0
Random Poisson (λ=1) (sample 17),70,11012,30731.0
Random Poisson (λ=1) (sample 17),71,11328,39909.0
Random Poisson (λ=1) (sample 17),72,11646,43448.0
Random Poisson (λ=1) (sample 17),73,11968,51820.0
Random Poisson (λ=1) (sample 17),74,12294,87140.0
Random Poisson (λ=1) (sample 17),75,12624,124603.0
Random Poisson (λ=1) (sample 17),76,12958,191746.0
Random Poisson (λ=1) (sample 17),77,13294,117682.0
Random Poisson (λ=1) (sample 17),78,13638,116533.0
Random Poisson (λ=1) (sample 17),79,13986,172649.0
Random Poisson (λ=1) (sample 17),80,14336,325982.0
Random Poisson (λ=1) (sample 17),81,14692,502658.0
Random Poisson (λ=1) (sample 17),82,15050,197128.0
Random Poisson (λ=1) (sample 17),83,15412,310801.0
Random Poisson (λ=1) (sample 17),84,15780,525437.0
Random Poisson (λ=1) (sample 17),85,16152,860099.0
Random Poisson (λ=1) (sample 17),86,16528,510383.0
Random Poisson (λ=1) (sample 17),87,16906,318028.0
Random Poisson (λ=1) (sample 17),88,17290,521338.0
Random Poisson (λ=1) (sample 17),89,17680,769905.0
Random Poisson (λ=1) (sample 17),90,18078,1176890.0
Random Poisson (λ=1) (sample 17),91,18482,1110473.0
Random Poisson (λ=1) (sample 17),92,18888,1155643.0
Random Poisson (λ=1) (sample 17),93,19298,1929168.0
Random Poisson (λ=1) (sample 17),94,19710,1052011.0
Random Poisson (λ=1) (sample 18),1,4,1.0
Random Poisson (λ=1) (sample 18),2,10,1.0
Random Poisson (λ=1) (sample 18),3,22,1.0
Random Poisson (λ=1) (sample 18),4,38,1.0
Random Poisson (λ=1) (sample 18),5,56,1.0
Random Poisson (λ=1) (sample 18),6,78,2.0
Random Poisson (λ=1) (sample 18),7,104,3.0
Random Poisson (λ=1) (sample 18),8,132,3.0
Random Poisson (λ=1) (sample 18),9,164,4.0
Random Poisson (λ=1) (sample 18),10,200,6.0
Random Poisson (λ=1) (sample 18),11,240,7.0
Random Poisson (λ=1) (sample 18),12,288,4.0
Random Poisson (λ=1) (sample 18),13,340,7.0
Random Poisson (λ=1) (sample 18),14,394,4.0
Random Poisson (λ=1) (sample 18),15,452,5.0
Random Poisson (λ=1) (sample 18),16,512,6.0
Random Poisson (λ=1) (sample 18),17,578,8.0
Random Poisson (λ=1) (sample 18),18,646,7.0
Random Poisson (λ=1) (sample 18),19,718,11.0
Random Poisson (λ=1) (sample 18),20,796,12.0
Random Poisson (λ=1) (sample 18),21,876,16.0
Random Poisson (λ=1) (sample 18),22,962,20.0
Random Poisson (λ=1) (sample 18),23,1052,26.0
Random Poisson (λ=1) (sample 18),24,1144,39.0
Random Poisson (λ=1) (sample 18),25,1240,68.0
Random Poisson (λ=1) (sample 18),26,1340,68.0
Random Poisson (λ=1) (sample 18),27,1444,52.0
Random Poisson (λ=1) (sample 18),28,1552,49.0
Random Poisson (λ=1) (sample 18),29,1662,97.0
Random Poisson (λ=1) (sample 18),30,1778,120.0
Random Poisson (λ=1) (sample 18),31,1900,203.0
Random Poisson (λ=1) (sample 18),32,2024,294.0
Random Poisson (λ=1) (sample 18),33,2150,126.0
Random Poisson (λ=1) (sample 18),34,2280,236.0
Random Poisson (λ=1) (sample 18),35,2416,408.0
Random Poisson (λ=1) (sample 18),36,2556,724.0
Random Poisson (λ=1) (sample 18),37,2698,972.0
Random Poisson (λ=1) (sample 18),38,2846,967.0
Random Poisson (λ=1) (sample 18),39,2996,965.0
Random Poisson (λ=1) (sample 18),40,3152,1419.0
Random Poisson (λ=1) (sample 18),41,3314,1912.0
Random Poisson (λ=1) (sample 18),42,3478,1190.0
Random Poisson (λ=1) (sample 18),43,3646,1911.0
Random Poisson (λ=1) (sample 18),44,3818,2216.0
Random Poisson (λ=1) (sample 18),45,3992,3724.0
Random Poisson (λ=1) (sample 18),46,4174,3136.0
Random Poisson (λ=1) (sample 18),47,4360,5889.0
Random Poisson (λ=1) (sample 18),48,4548,8695.0
Random Poisson (λ=1) (sample 18),49,4740,15309.0
Random Poisson (λ=1) (sample 18),50,4936,3349.0
Random Poisson (λ=1) (sample 18),51,5138,2613.0
Random Poisson (λ=1) (sample 18),52,5342,3320.0
Random Poisson (λ=1) (sample 18),53,5552,4247.0
Random Poisson (λ=1) (sample 18),54,5766,3236.0
Random Poisson (λ=1) (sample 18),55,5986,4536.0
Random Poisson (λ=1) (sample 18),56,6208,1823.0
Random Poisson (λ=1) (sample 18),57,6434,2130.0
Random Poisson (λ=1) (sample 18),58,6664,3184.0
Random Poisson (λ=1) (sample 18),59,6898,2004.0
Random Poisson (λ=1) (sample 18),60,7134,2750.0
Random Poisson (λ=1) (sample 18),61,7374,3187.0
Random Poisson (λ=1) (sample 18),62,7616,3319.0
Random Poisson (λ=1) (sample 18),63,7860,4315.0
Random Poisson (λ=1) (sample 18),64,8106,5581.0
Random Poisson (λ=1) (sample 18),65,8358,7111.0
Random Poisson (λ=1) (sample 18),66,8612,7542.0
Random Poisson (λ=1) (sample 18),67,8868,12528.0
Random Poisson (λ=1) (sample 18),68,9126,12559.0
Random Poisson (λ=1) (sample 18),69,9390,19265.0
Random Poisson (λ=1) (sample 18),70,9660,25488.0
Random Poisson (λ=1) (sample 18),71,9934,34919.0
Random Poisson (λ=1) (sample 18),72,10212,29647.0
Random Poisson (λ=1) (sample 18),73,10492,37311.0
Random Poisson (λ=1) (sample 18),74,10776,53146.0
Random Poisson (λ=1) (sample 18),75,11066,93579.0
Random Poisson (λ=1) (sample 18),76,11360,170953.0
Random Poisson (λ=1) (sample 18),77,11656,216376.0
Random Poisson (λ=1) (sample 18),78,11954,207728.0
Random Poisson (λ=1) (sample 18),79,12256,109583.0
Random Poisson (λ=1) (sample 18),80,12562,154954.0
Random Poisson (λ=1) (sample 18),81,12874,159067.0
Random Poisson (λ=1) (sample 18),82,13192,192503.0
Random Poisson (λ=1) (sample 18),83,13518,259089.0
Random Poisson (λ=1) (sample 18),84,13850,361491.0
Random Poisson (λ=1) (sample 18),85,14186,265748.0
Random Poisson (λ=1) (sample 18),86,14524,332001.0
Random Poisson (λ=1) (sample 18),87,14868,464696.0
Random Poisson (λ=1) (sample 18),88,15214,661523.0
Random Poisson (λ=1) (sample 18),89,15564,905544.0
Random Poisson (λ=1) (sample 18),90,15916,1483506.0
Random Poisson (λ=1) (sample 18),91,16270,1120774.0
Random Poisson (λ=1) (sample 18),92,16626,1366408.0
Random Poisson (λ=1) (sample 18),93,16986,1402631.0
Random Poisson (λ=1) (sample 18),94,17350,2253756.0
Random Poisson (λ=1) (sample 18),95,17720,3772020.0
Random Poisson (λ=1) (sample 18),96,18092,5168557.0
Random Poisson (λ=1) (sample 18),97,18466,3041533.0
Random Poisson (λ=1) (sample 18),98,18846,2040062.0
Random Poisson (λ=1) (sample 18),99,19232,2314867.0
Random Poisson (λ=1) (sample 18),100,19626,2676362.0
Random Poisson (λ=1) (sample 19),1,6,1.0
Random Poisson (λ=1) (sample 19),2,18,1.0
Random Poisson (λ=1) (sample 19),3,34,1.0
Random Poisson (λ=1) (sample 19),4,54,1.0
Random Poisson (λ=1) (sample 19),5,76,2.0
Random Poisson (λ=1) (sample 19),6,108,2.0
Random Poisson (λ=1) (sample 19),7,144,2.0
Random Poisson (λ=1) (sample 19),8,186,2.0
Random Poisson (λ=1) (sample 19),9,232,4.0
Random Poisson (λ=1) (sample 19),10,280,4.0
Random Poisson (λ=1) (sample 19),11,334,3.0
Random Poisson (λ=1) (sample 19),12,392,6.0
Random Poisson (λ=1) (sample 19),13,452,6.0
Random Poisson (λ=1) (sample 19),14,516,8.0
Random Poisson (λ=1) (sample 19),15,586,9.0
Random Poisson (λ=1) (sample 19),16,658,12.0
Random Poisson (λ=1) (sample 19),17,736,15.0
Random Poisson (λ=1) (sample 19),18,818,25.0
Random Poisson (λ=1) (sample 19),19,902,32.0
Random Poisson (λ=1) (sample 19),20,990,55.0
Random Poisson (λ=1) (sample 19),21,1082,92.0
Random Poisson (λ=1) (sample 19),22,1178,128.0
Random Poisson (λ=1) (sample 19),23,1278,108.0
Random Poisson (λ=1) (sample 19),24,1382,54.0
Random Poisson (λ=1) (sample 19),25,1490,62.0
Random Poisson (λ=1) (sample 19),26,1604,62.0
Random Poisson (λ=1) (sample 19),27,1722,71.0
Random Poisson (λ=1) (sample 19),28,1846,88.0
Random Poisson (λ=1) (sample 19),29,1974,108.0
Random Poisson (λ=1) (sample 19),30,2108,118.0
Random Poisson (λ=1) (sample 19),31,2246,158.0
Random Poisson (λ=1) (sample 19),32,2386,163.0
Random Poisson (λ=1) (sample 19),33,2528,233.0
Random Poisson (λ=1) (sample 19),34,2672,358.0
Random Poisson (λ=1) (sample 19),35,2820,447.0
Random Poisson (λ=1) (sample 19),36,2970,558.0
Random Poisson (λ=1) (sample 19),37,3122,804.0
Random Poisson (λ=1) (sample 19),38,3276,1182.0
Random Poisson (λ=1) (sample 19),39,3436,1511.0
Random Poisson (λ=1) (sample 19),40,3602,1473.0
Random Poisson (λ=1) (sample 19),41,3770,2040.0
Random Poisson (λ=1) (sample 19),42,3940,2801.0
Random Poisson (λ=1) (sample 19),43,4114,3795.0
Random Poisson (λ=1) (sample 19),44,4290,4827.0
Random Poisson (λ=1) (sample 19),45,4468,6762.0
Random Poisson (λ=1) (sample 19),46,4648,9951.0
Random Poisson (λ=1) (sample 19),47,4830,13626.0
Random Poisson (λ=1) (sample 19),48,5014,19295.0
Random Poisson (λ=1) (sample 19),49,5202,27523.0
Random Poisson (λ=1) (sample 19),50,5398,35675.0
Random Poisson (λ=1) (sample 19),51,5598,46782.0
Random Poisson (λ=1) (sample 19),52,5802,62542.0
Random Poisson (λ=1) (sample 19),53,6010,81821.0
Random Poisson (λ=1) (sample 19),54,6220,110872.0
Random Poisson (λ=1) (sample 19),55,6434,152630.0
Random Poisson (λ=1) (sample 19),56,6650,197527.0
Random Poisson (λ=1) (sample 19),57,6872,238514.0
Random Poisson (λ=1) (sample 19),58,7098,304013.0
Random Poisson (λ=1) (sample 19),59,7328,392242.0
Random Poisson (λ=1) (sample 19),60,7562,498687.0
Random Poisson (λ=1) (sample 19),61,7800,645849.0
Random Poisson (λ=1) (sample 19),62,8042,805524.0
Random Poisson (λ=1) (sample 19),63,8288,1026918.0
Random Poisson (λ=1) (sample 19),64,8538,1273661.0
Random Poisson (λ=1) (sample 19),65,8792,1604233.0
Random Poisson (λ=1) (sample 19),66,9050,1998493.0
Random Poisson (λ=1) (sample 19),67,9312,2473065.0
Random Poisson (λ=1) (sample 19),68,9576,3167072.0
Random Poisson (λ=1) (sample 19),69,9848,3808726.0
Random Poisson (λ=1) (sample 19),70,10126,4527715.0
Random Poisson (λ=1) (sample 19),71,10410,5216685.0
Random Poisson (λ=1) (sample 19),72,10698,6096964.0
Random Poisson (λ=1) (sample 19),73,10990,7093383.0
Random Poisson (λ=1) (sample 19),74,11286,8357129.0
Random Poisson (λ=1) (sample 19),75,11584,9998139.0
Random Poisson (λ=1) (sample 19),76,11884,12351590.0
Random Poisson (λ=1) (sample 19),77,12186,15395815.0
Random Poisson (λ=1) (sample 19),78,12494,18904960.0
Random Poisson (λ=1) (sample 19),79,12810,22068949.0
Random Poisson (λ=1) (sample 19),80,13128,26597633.0
Random Poisson (λ=1) (sample 19),81,13448,32380322.0
Random Poisson (λ=1) (sample 19),82,13770,40542351.0
Random Poisson (λ=1) (sample 19),83,14094,51185108.0
Random Poisson (λ=1) (sample 19),84,14422,64824263.0
Random Poisson (λ=1) (sample 19),85,14756,79724718.0
Random Poisson (λ=1) (sample 19),86,15092,100591487.0
Random Poisson (λ=1) (sample 19),87,15432,125318497.0
Random Poisson (λ=1) (sample 19),88,15778,154234492.0
Random Poisson (λ=1) (sample 19),89,16130,184921221.0
Random Poisson (λ=1) (sample 19),90,16488,219034001.0
Random Poisson (λ=1) (sample 19),91,16854,248426760.0
Random Poisson (λ=1) (sample 19),92,17226,279925325.0
Random Poisson (λ=1) (sample 19),93,17600,321082359.0
Random Poisson (λ=1) (sample 19),94,17980,365691832.0
Random Poisson (λ=1) (sample 19),95,18364,415176532.0
Random Poisson (λ=1) (sample 19),96,18752,477268546.0
Random Poisson (λ=1) (sample 19),97,19144,546560926.0
Random Poisson (λ=1) (sample 19),98,19540,632958594.0
Random Poisson (λ=1) (sample 19),99,19938,742434511.0
Random Poisson (λ=1) (sample 20),1,2,1.0
Random Poisson (λ=1) (sample 20),2,10,1.0
Random Poisson (λ=1) (sample 20),3,22,1.0
Random Poisson (λ=1) (sample 20),4,36,1.0
Random Poisson (λ=1) (sample 20),5,54,2.0
Random Poisson (λ=1) (sample 20),6,74,2.0
Random Poisson (λ=1) (sample 20),7,98,3.0
Random Poisson (λ=1) (sample 20),8,126,4.0
Random Poisson (λ=1) (sample 20),9,158,3.0
Random Poisson (λ=1) (sample 20),10,194,3.0
Random Poisson (λ=1) (sample 20),11,236,5.0
Random Poisson (λ=1) (sample 20),12,284,6.0
Random Poisson (λ=1) (sample 20),13,336,8.0
Random Poisson (λ=1) (sample 20),14,394,13.0
Random Poisson (λ=1) (sample 20),15,454,8.0
Random Poisson (λ=1) (sample 20),16,516,12.0
Random Poisson (λ=1) (sample 20),17,582,13.0
Random Poisson (λ=1) (sample 20),18,652,20.0
Random Poisson (λ=1) (sample 20),19,728,22.0
Random Poisson (λ=1) (sample 20),20,810,40.0
Random Poisson (λ=1) (sample 20),21,894,31.0
Random Poisson (λ=1) (sample 20),22,982,44.0
Random Poisson (λ=1) (sample 20),23,1072,40.0
Random Poisson (λ=1) (sample 20),24,1168,53.0
Random Poisson (λ=1) (sample 20),25,1270,46.0
Random Poisson (λ=1) (sample 20),26,1376,70.0
Random Poisson (λ=1) (sample 20),27,1484,56.0
Random Poisson (λ=1) (sample 20),28,1594,58.0
Random Poisson (λ=1) (sample 20),29,1706,88.0
Random Poisson (λ=1) (sample 20),30,1820,100.0
Random Poisson (λ=1) (sample 20),31,1936,104.0
Random Poisson (λ=1) (sample 20),32,2058,159.0
Random Poisson (λ=1) (sample 20),33,2186,117.0
Random Poisson (λ=1) (sample 20),34,2318,102.0
Random Poisson (λ=1) (sample 20),35,2454,99.0
Random Poisson (λ=1) (sample 20),36,2594,158.0
Random Poisson (λ=1) (sample 20),37,2738,131.0
Random Poisson (λ=1) (sample 20),38,2884,213.0
Random Poisson (λ=1) (sample 20),39,3036,368.0
Random Poisson (λ=1) (sample 20),40,3196,303.0
Random Poisson (λ=1) (sample 20),41,3360,454.0
Random Poisson (λ=1) (sample 20),42,3530,794.0
Random Poisson (λ=1) (sample 20),43,3702,599.0
Random Poisson (λ=1) (sample 20),44,3882,1045.0
Random Poisson (λ=1) (sample 20),45,4066,1343.0
Random Poisson (λ=1) (sample 20),46,4256,2537.0
Random Poisson (λ=1) (sample 20),47,4450,4062.0
Random Poisson (λ=1) (sample 20),48,4648,3346.0
Random Poisson (λ=1) (sample 20),49,4850,1355.0
Random Poisson (λ=1) (sample 20),50,5058,1590.0
Random Poisson (λ=1) (sample 20),51,5270,1375.0
Random Poisson (λ=1) (sample 20),52,5488,1183.0
Random Poisson (λ=1) (sample 20),53,5712,2086.0
Random Poisson (λ=1) (sample 20),54,5940,2495.0
Random Poisson (λ=1) (sample 20),55,6170,2204.0
Random Poisson (λ=1) (sample 20),56,6402,2492.0
Random Poisson (λ=1) (sample 20),57,6638,3694.0
Random Poisson (λ=1) (sample 20),58,6878,4224.0
Random Poisson (λ=1) (sample 20),59,7124,5816.0
Random Poisson (λ=1) (sample 20),60,7378,10566.0
Random Poisson (λ=1) (sample 20),61,7640,17381.0
Random Poisson (λ=1) (sample 20),62,7904,16701.0
Random Poisson (λ=1) (sample 20),63,8176,26802.0
Random Poisson (λ=1) (sample 20),64,8450,22315.0
Random Poisson (λ=1) (sample 20),65,8728,18110.0
Random Poisson (λ=1) (sample 20),66,9008,29884.0
Random Poisson (λ=1) (sample 20),67,9290,19758.0
Random Poisson (λ=1) (sample 20),68,9576,13001.0
Random Poisson (λ=1) (sample 20),69,9866,12168.0
Random Poisson (λ=1) (sample 20),70,10164,17213.0
Random Poisson (λ=1) (sample 20),71,10470,25652.0
Random Poisson (λ=1) (sample 20),72,10780,38595.0
Random Poisson (λ=1) (sample 20),73,11094,53901.0
Random Poisson (λ=1) (sample 20),74,11414,94443.0
Random Poisson (λ=1) (sample 20),75,11736,101489.0
Random Poisson (λ=1) (sample 20),76,12064,176701.0
Random Poisson (λ=1) (sample 20),77,12398,245336.0
Random Poisson (λ=1) (sample 20),78,12736,264584.0
Random Poisson (λ=1) (sample 20),79,13078,363218.0
Random Poisson (λ=1) (sample 20),80,13426,259724.0
Random Poisson (λ=1) (sample 20),81,13778,380086.0
Random Poisson (λ=1) (sample 20),82,14134,392044.0
Random Poisson (λ=1) (sample 20),83,14500,614778.0
Random Poisson (λ=1) (sample 20),84,14870,442100.0
Random Poisson (λ=1) (sample 20),85,15242,531413.0
Random Poisson (λ=1) (sample 20),86,15618,777605.0
Random Poisson (λ=1) (sample 20),87,15998,808532.0
Random Poisson (λ=1) (sample 20),88,16380,1400652.0
Random Poisson (λ=1) (sample 20),89,16768,1288776.0
Random Poisson (λ=1) (sample 20),90,17158,2512821.0
Random Poisson (λ=1) (sample 20),91,17550,2782285.0
Random Poisson (λ=1) (sample 20),92,17944,1782605.0
Random Poisson (λ=1) (sample 20),93,18340,1204901.0
Random Poisson (λ=1) (sample 20),94,18742,1097277.0
Random Poisson (λ=1) (sample 20),95,19146,648676.0
Random Poisson (λ=1) (sample 20),96,19554,909641.0
Random Poisson (λ=1) (sample 20),97,19964,654056.0
Random Poisson (λ=1) (sample 21),1,4,1.0
Random Poisson (λ=1) (sample 21),2,10,1.0
Random Poisson (λ=1) (sample 21),3,20,1.0
Random Poisson (λ=1) (sample 21),4,32,2.0
Random Poisson (λ=1) (sample 21),5,46,2.0
Random Poisson (λ=1) (sample 21),6,64,2.0
Random Poisson (λ=1) (sample 21),7,86,2.0
Random Poisson (λ=1) (sample 21),8,112,2.0
Random Poisson (λ=1) (sample 21),9,142,2.0
Random Poisson (λ=1) (sample 21),10,174,2.0
Random Poisson (λ=1) (sample 21),11,218,2.0
Random Poisson (λ=1) (sample 21),12,264,4.0
Random Poisson (λ=1) (sample 21),13,320,5.0
Random Poisson (λ=1) (sample 21),14,380,7.0
Random Poisson (λ=1) (sample 21),15,446,7.0
Random Poisson (λ=1) (sample 21),16,516,7.0
Random Poisson (λ=1) (sample 21),17,588,9.0
Random Poisson (λ=1) (sample 21),18,666,10.0
Random Poisson (λ=1) (sample 21),19,746,19.0
Random Poisson (λ=1) (sample 21),20,830,18.0
Random Poisson (λ=1) (sample 21),21,918,17.0
Random Poisson (λ=1) (sample 21),22,1010,24.0
Random Poisson (λ=1) (sample 21),23,1104,35.0
Random Poisson (λ=1) (sample 21),24,1204,54.0
Random Poisson (λ=1) (sample 21),25,1308,65.0
Random Poisson (λ=1) (sample 21),26,1416,73.0
Random Poisson (λ=1) (sample 21),27,1526,75.0
Random Poisson (λ=1) (sample 21),28,1640,66.0
Random Poisson (λ=1) (sample 21),29,1756,35.0
Random Poisson (λ=1) (sample 21),30,1878,34.0
Random Poisson (λ=1) (sample 21),31,2004,46.0
Random Poisson (λ=1) (sample 21),32,2134,54.0
Random Poisson (λ=1) (sample 21),33,2266,69.0
Random Poisson (λ=1) (sample 21),34,2400,66.0
Random Poisson (λ=1) (sample 21),35,2536,66.0
Random Poisson (λ=1) (sample 21),36,2678,120.0
Random Poisson (λ=1) (sample 21),37,2824,128.0
Random Poisson (λ=1) (sample 21),38,2972,164.0
Random Poisson (λ=1) (sample 21),39,3128,239.0
Random Poisson (λ=1) (sample 21),40,3286,208.0
Random Poisson (λ=1) (sample 21),41,3446,292.0
Random Poisson (λ=1) (sample 21),42,3610,312.0
Random Poisson (λ=1) (sample 21),43,3778,446.0
Random Poisson (λ=1) (sample 21),44,3948,655.0
Random Poisson (λ=1) (sample 21),45,4122,896.0
Random Poisson (λ=1) (sample 21),46,4300,918.0
Random Poisson (λ=1) (sample 21),47,4484,1615.0
Random Poisson (λ=1) (sample 21),48,4672,2045.0
Random Poisson (λ=1) (sample 21),49,4864,2072.0
Random Poisson (λ=1) (sample 21),50,5058,1581.0
Random Poisson (λ=1) (sample 21),51,5258,1142.0
Random Poisson (λ=1) (sample 21),52,5460,1591.0
Random Poisson (λ=1) (sample 21),53,5664,1522.0
Random Poisson (λ=1) (sample 21),54,5872,1461.0
Random Poisson (λ=1) (sample 21),55,6082,1713.0
Random Poisson (λ=1) (sample 21),56,6294,2663.0
Random Poisson (λ=1) (sample 21),57,6510,4619.0
Random Poisson (λ=1) (sample 21),58,6734,5265.0
Random Poisson (λ=1) (sample 21),59,6964,7123.0
Random Poisson (λ=1) (sample 21),60,7198,4903.0
Random Poisson (λ=1) (sample 21),61,7434,5545.0
Random Poisson (λ=1) (sample 21),62,7674,8328.0
Random Poisson (λ=1) (sample 21),63,7920,12819.0
Random Poisson (λ=1) (sample 21),64,8170,18634.0
Random Poisson (λ=1) (sample 21),65,8426,15488.0
Random Poisson (λ=1) (sample 21),66,8684,20209.0
Random Poisson (λ=1) (sample 21),67,8948,37520.0
Random Poisson (λ=1) (sample 21),68,9216,59236.0
Random Poisson (λ=1) (sample 21),69,9492,19504.0
Random Poisson (λ=1) (sample 21),70,9770,32745.0
Random Poisson (λ=1) (sample 21),71,10052,45648.0
Random Poisson (λ=1) (sample 21),72,10340,81430.0
Random Poisson (λ=1) (sample 21),73,10632,149416.0
Random Poisson (λ=1) (sample 21),74,10926,158428.0
Random Poisson (λ=1) (sample 21),75,11222,211318.0
Random Poisson (λ=1) (sample 21),76,11520,344965.0
Random Poisson (λ=1) (sample 21),77,11820,234691.0
Random Poisson (λ=1) (sample 21),78,12124,112999.0
Random Poisson (λ=1) (sample 21),79,12432,134222.0
Random Poisson (λ=1) (sample 21),80,12746,94392.0
Random Poisson (λ=1) (sample 21),81,13062,132367.0
Random Poisson (λ=1) (sample 21),82,13380,124972.0
Random Poisson (λ=1) (sample 21),83,13702,180852.0
Random Poisson (λ=1) (sample 21),84,14026,183751.0
Random Poisson (λ=1) (sample 21),85,14354,168147.0
Random Poisson (λ=1) (sample 21),86,14688,202959.0
Random Poisson (λ=1) (sample 21),87,15026,252409.0
Random Poisson (λ=1) (sample 21),88,15368,308835.0
Random Poisson (λ=1) (sample 21),89,15716,414397.0
Random Poisson (λ=1) (sample 21),90,16066,496868.0
Random Poisson (λ=1) (sample 21),91,16418,524116.0
Random Poisson (λ=1) (sample 21),92,16772,683121.0
Random Poisson (λ=1) (sample 21),93,17130,878652.0
Random Poisson (λ=1) (sample 21),94,17490,1111986.0
Random Poisson (λ=1) (sample 21),95,17852,1385338.0
Random Poisson (λ=1) (sample 21),96,18220,1733022.0
Random Poisson (λ=1) (sample 21),97,18598,2063484.0
Random Poisson (λ=1) (sample 21),98,18980,2474476.0
Random Poisson (λ=1) (sample 21),99,19366,2991033.0
Random Poisson (λ=1) (sample 21),100,19756,3606359.0
Random Poisson (λ=1) (sample 22),1,2,1.0
Random Poisson (λ=1) (sample 22),2,8,1.0
Random Poisson (λ=1) (sample 22),3,20,1.0
Random Poisson (λ=1) (sample 22),4,34,1.0
Random Poisson (λ=1) (sample 22),5,50,2.0
Random Poisson (λ=1) (sample 22),6,68,2.0
Random Poisson (λ=1) (sample 22),7,88,2.0
Random Poisson (λ=1) (sample 22),8,110,2.0
Random Poisson (λ=1) (sample 22),9,140,2.0
Random Poisson (λ=1) (sample 22),10,178,2.0
Random Poisson (λ=1) (sample 22),11,218,4.0
Random Poisson (λ=1) (sample 22),12,262,4.0
Random Poisson (λ=1) (sample 22),13,310,6.0
Random Poisson (λ=1) (sample 22),14,362,8.0
Random Poisson (λ=1) (sample 22),15,418,14.0
Random Poisson (λ=1) (sample 22),16,478,19.0
Random Poisson (λ=1) (sample 22),17,540,14.0
Random Poisson (λ=1) (sample 22),18,604,21.0
Random Poisson (λ=1) (sample 22),19,672,27.0
Random Poisson (λ=1) (sample 22),20,744,43.0
Random Poisson (λ=1) (sample 22),21,820,58.0
Random Poisson (λ=1) (sample 22),22,900,87.0
Random Poisson (λ=1) (sample 22),23,988,139.0
Random Poisson (λ=1) (sample 22),24,1088,168.0
Random Poisson (λ=1) (sample 22),25,1194,178.0
Random Poisson (λ=1) (sample 22),26,1304,248.0
Random Poisson (λ=1) (sample 22),27,1420,289.0
Random Poisson (λ=1) (sample 22),28,1538,450.0
Random Poisson (λ=1) (sample 22),29,1666,336.0
Random Poisson (λ=1) (sample 22),30,1800,613.0
Random Poisson (λ=1) (sample 22),31,1936,491.0
Random Poisson (λ=1) (sample 22),32,2076,372.0
Random Poisson (λ=1) (sample 22),33,2218,606.0
Random Poisson (λ=1) (sample 22),34,2362,554.0
Random Poisson (λ=1) (sample 22),35,2512,824.0
Random Poisson (λ=1) (sample 22),36,2666,1370.0
Random Poisson (λ=1) (sample 22),37,2826,742.0
Random Poisson (λ=1) (sample 22),38,2990,512.0
Random Poisson (λ=1) (sample 22),39,3156,516.0
Random Poisson (λ=1) (sample 22),40,3326,862.0
Random Poisson (λ=1) (sample 22),41,3500,1574.0
Random Poisson (λ=1) (sample 22),42,3680,515.0
Random Poisson (λ=1) (sample 22),43,3864,484.0
Random Poisson (λ=1) (sample 22),44,4052,667.0
Random Poisson (λ=1) (sample 22),45,4244,963.0
Random Poisson (λ=1) (sample 22),46,4438,927.0
Random Poisson (λ=1) (sample 22),47,4638,1470.0
Random Poisson (λ=1) (sample 22),48,4842,1858.0
Random Poisson (λ=1) (sample 22),49,5048,1624.0
Random Poisson (λ=1) (sample 22),50,5256,2882.0
Random Poisson (λ=1) (sample 22),51,5470,2082.0
Random Poisson (λ=1) (sample 22),52,5688,1677.0
Random Poisson (λ=1) (sample 22),53,5918,2016.0
Random Poisson (λ=1) (sample 22),54,6152,3446.0
Random Poisson (λ=1) (sample 22),55,6390,6277.0
Random Poisson (λ=1) (sample 22),56,6630,3413.0
Random Poisson (λ=1) (sample 22),57,6874,4695.0
Random Poisson (λ=1) (sample 22),58,7124,6243.0
Random Poisson (λ=1) (sample 22),59,7376,5125.0
Random Poisson (λ=1) (sample 22),60,7632,6026.0
Random Poisson (λ=1) (sample 22),61,7892,11294.0
Random Poisson (λ=1) (sample 22),62,8154,7392.0
Random Poisson (λ=1) (sample 22),63,8422,11227.0
Random Poisson (λ=1) (sample 22),64,8696,8713.0
Random Poisson (λ=1) (sample 22),65,8976,12291.0
Random Poisson (λ=1) (sample 22),66,9258,14871.0
Random Poisson (λ=1) (sample 22),67,9542,26914.0
Random Poisson (λ=1) (sample 22),68,9836,33000.0
Random Poisson (λ=1) (sample 22),69,10134,52883.0
Random Poisson (λ=1) (sample 22),70,10438,97418.0
Random Poisson (λ=1) (sample 22),71,10746,168935.0
Random Poisson (λ=1) (sample 22),72,11060,286018.0
Random Poisson (λ=1) (sample 22),73,11378,550388.0
Random Poisson (λ=1) (sample 22),74,11700,857684.0
Random Poisson (λ=1) (sample 22),75,12028,1616086.0
Random Poisson (λ=1) (sample 22),76,12360,2643783.0
Random Poisson (λ=1) (sample 22),77,12694,4094835.0
Random Poisson (λ=1) (sample 22),78,13030,3016480.0
Random Poisson (λ=1) (sample 22),79,13368,5904345.0
Random Poisson (λ=1) (sample 22),80,13710,10353302.0
Random Poisson (λ=1) (sample 22),81,14056,9763448.0
Random Poisson (λ=1) (sample 22),82,14406,1669765.0
Random Poisson (λ=1) (sample 22),83,14758,2964855.0
Random Poisson (λ=1) (sample 22),84,15116,5620659.0
Random Poisson (λ=1) (sample 22),85,15478,10313384.0
Random Poisson (λ=1) (sample 22),86,15844,11811568.0
Random Poisson (λ=1) (sample 22),87,16212,22171778.0
Random Poisson (λ=1) (sample 22),88,16584,42552633.0
Random Poisson (λ=1) (sample 22),89,16958,45470855.0
Random Poisson (λ=1) (sample 22),90,17338,11244191.0
Random Poisson (λ=1) (sample 22),91,17722,8636549.0
Random Poisson (λ=1) (sample 22),92,18110,14809451.0
Random Poisson (λ=1) (sample 22),93,18504,10452940.0
Random Poisson (λ=1) (sample 22),94,18900,16129984.0
Random Poisson (λ=1) (sample 22),95,19302,31730794.0
Random Poisson (λ=1) (sample 22),96,19706,18601346.0
Random Poisson (λ=1) (sample 23),1,8,1.0
Random Poisson (λ=1) (sample 23),2,20,1.0
Random Poisson (λ=1) (sample 23),3,34,1.0
Random Poisson (λ=1) (sample 23),4,52,2.0
Random Poisson (λ=1) (sample 23),5,72,2.0
Random Poisson (λ=1) (sample 23),6,98,2.0
Random Poisson (λ=1) (sample 23),7,128,3.0
Random Poisson (λ=1) (sample 23),8,164,4.0
Random Poisson (λ=1) (sample 23),9,208,2.0
Random Poisson (λ=1) (sample 23),10,256,3.0
Random Poisson (λ=1) (sample 23),11,308,4.0
Random Poisson (λ=1) (sample 23),12,364,4.0
Random Poisson (λ=1) (sample 23),13,426,5.0
Random Poisson (λ=1) (sample 23),14,492,10.0
Random Poisson (λ=1) (sample 23),15,560,11.0
Random Poisson (λ=1) (sample 23),16,630,9.0
Random Poisson (λ=1) (sample 23),17,708,12.0
Random Poisson (λ=1) (sample 23),18,790,13.0
Random Poisson (λ=1) (sample 23),19,874,11.0
Random Poisson (λ=1) (sample 23),20,960,16.0
Random Poisson (λ=1) (sample 23),21,1054,24.0
Random Poisson (λ=1) (sample 23),22,1152,29.0
Random Poisson (λ=1) (sample 23),23,1256,37.0
Random Poisson (λ=1) (sample 23),24,1364,52.0
Random Poisson (λ=1) (sample 23),25,1480,62.0
Random Poisson (λ=1) (sample 23),26,1602,46.0
Random Poisson (λ=1) (sample 23),27,1726,76.0
Random Poisson (λ=1) (sample 23),28,1854,109.0
Random Poisson (λ=1) (sample 23),29,1986,177.0
Random Poisson (λ=1) (sample 23),30,2120,150.0
Random Poisson (λ=1) (sample 23),31,2256,179.0
Random Poisson (λ=1) (sample 23),32,2396,246.0
Random Poisson (λ=1) (sample 23),33,2538,310.0
Random Poisson (λ=1) (sample 23),34,2682,325.0
Random Poisson (λ=1) (sample 23),35,2828,485.0
Random Poisson (λ=1) (sample 23),36,2976,413.0
Random Poisson (λ=1) (sample 23),37,3128,380.0
Random Poisson (λ=1) (sample 23),38,3286,572.0
Random Poisson (λ=1) (sample 23),39,3448,891.0
Random Poisson (λ=1) (sample 23),40,3612,826.0
Random Poisson (λ=1) (sample 23),41,3782,1168.0
Random Poisson (λ=1) (sample 23),42,3956,1933.0
Random Poisson (λ=1) (sample 23),43,4140,2238.0
Random Poisson (λ=1) (sample 23),44,4326,2960.0
Random Poisson (λ=1) (sample 23),45,4514,3472.0
Random Poisson (λ=1) (sample 23),46,4714,4645.0
Random Poisson (λ=1) (sample 23),47,4918,6837.0
Random Poisson (λ=1) (sample 23),48,5128,6674.0
Random Poisson (λ=1) (sample 23),49,5344,9871.0
Random Poisson (λ=1) (sample 23),50,5564,12438.0
Random Poisson (λ=1) (sample 23),51,5786,14442.0
Random Poisson (λ=1) (sample 23),52,6010,17022.0
Random Poisson (λ=1) (sample 23),53,6240,22183.0
Random Poisson (λ=1) (sample 23),54,6474,38115.0
Random Poisson (λ=1) (sample 23),55,6710,17347.0
Random Poisson (λ=1) (sample 23),56,6954,15837.0
Random Poisson (λ=1) (sample 23),57,7200,20960.0
Random Poisson (λ=1) (sample 23),58,7450,32149.0
Random Poisson (λ=1) (sample 23),59,7706,22485.0
Random Poisson (λ=1) (sample 23),60,7966,24806.0
Random Poisson (λ=1) (sample 23),61,8232,30599.0
Random Poisson (λ=1) (sample 23),62,8500,37349.0
Random Poisson (λ=1) (sample 23),63,8772,56328.0
Random Poisson (λ=1) (sample 23),64,9046,55047.0
Random Poisson (λ=1) (sample 23),65,9322,80208.0
Random Poisson (λ=1) (sample 23),66,9600,81655.0
Random Poisson (λ=1) (sample 23),67,9886,93005.0
Random Poisson (λ=1) (sample 23),68,10178,110990.0
Random Poisson (λ=1) (sample 23),69,10472,141651.0
Random Poisson (λ=1) (sample 23),70,10768,178442.0
Random Poisson (λ=1) (sample 23),71,11070,219088.0
Random Poisson (λ=1) (sample 23),72,11378,263162.0
Random Poisson (λ=1) (sample 23),73,11690,322334.0
Random Poisson (λ=1) (sample 23),74,12004,407856.0
Random Poisson (λ=1) (sample 23),75,12322,501592.0
Random Poisson (λ=1) (sample 23),76,12644,645722.0
Random Poisson (λ=1) (sample 23),77,12972,770551.0
Random Poisson (λ=1) (sample 23),78,13302,968627.0
Random Poisson (λ=1) (sample 23),79,13634,1209790.0
Random Poisson (λ=1) (sample 23),80,13968,1595214.0
Random Poisson (λ=1) (sample 23),81,14308,1999664.0
Random Poisson (λ=1) (sample 23),82,14654,2480455.0
Random Poisson (λ=1) (sample 23),83,15006,3062994.0
Random Poisson (λ=1) (sample 23),84,15366,3681669.0
Random Poisson (λ=1) (sample 23),85,15728,4321027.0
Random Poisson (λ=1) (sample 23),86,16094,5228880.0
Random Poisson (λ=1) (sample 23),87,16468,6065330.0
Random Poisson (λ=1) (sample 23),88,16844,7444722.0
Random Poisson (λ=1) (sample 23),89,17230,8511971.0
Random Poisson (λ=1) (sample 23),90,17618,9908917.0
Random Poisson (λ=1) (sample 23),91,18012,11482155.0
Random Poisson (λ=1) (sample 23),92,18412,12931654.0
Random Poisson (λ=1) (sample 23),93,18814,15397749.0
Random Poisson (λ=1) (sample 23),94,19218,18951510.0
Random Poisson (λ=1) (sample 23),95,19628,23149593.0
Random Poisson (λ=1) (sample 24),1,2,1.0
Random Poisson (λ=1) (sample 24),2,8,1.0
Random Poisson (λ=1) (sample 24),3,16,1.0
Random Poisson (λ=1) (sample 24),4,28,2.0
Random Poisson (λ=1) (sample 24),5,42,1.0
Random Poisson (λ=1) (sample 24),6,64,2.0
Random Poisson (λ=1) (sample 24),7,92,3.0
Random Poisson (λ=1) (sample 24),8,124,4.0
Random Poisson (λ=1) (sample 24),9,162,6.0
Random Poisson (λ=1) (sample 24),10,204,10.0
Random Poisson (λ=1) (sample 24),11,248,10.0
Random Poisson (λ=1) (sample 24),12,296,18.0
Random Poisson (λ=1) (sample 24),13,348,25.0
Random Poisson (λ=1) (sample 24),14,402,36.0
Random Poisson (λ=1) (sample 24),15,462,23.0
Random Poisson (λ=1) (sample 24),16,524,25.0
Random Poisson (λ=1) (sample 24),17,592,48.0
Random Poisson (λ=1) (sample 24),18,662,61.0
Random Poisson (λ=1) (sample 24),19,736,102.0
Random Poisson (λ=1) (sample 24),20,818,87.0
Random Poisson (λ=1) (sample 24),21,902,160.0
Random Poisson (λ=1) (sample 24),22,994,154.0
Random Poisson (λ=1) (sample 24),23,1090,46.0
Random Poisson (λ=1) (sample 24),24,1188,73.0
Random Poisson (λ=1) (sample 24),25,1292,141.0
Random Poisson (λ=1) (sample 24),26,1402,201.0
Random Poisson (λ=1) (sample 24),27,1518,194.0
Random Poisson (λ=1) (sample 24),28,1636,243.0
Random Poisson (λ=1) (sample 24),29,1758,86.0
Random Poisson (λ=1) (sample 24),30,1884,100.0
Random Poisson (λ=1) (sample 24),31,2016,111.0
Random Poisson (λ=1) (sample 24),32,2156,122.0
Random Poisson (λ=1) (sample 24),33,2302,173.0
Random Poisson (λ=1) (sample 24),34,2452,288.0
Random Poisson (λ=1) (sample 24),35,2606,362.0
Random Poisson (λ=1) (sample 24),36,2762,436.0
Random Poisson (λ=1) (sample 24),37,2920,322.0
Random Poisson (λ=1) (sample 24),38,3080,502.0
Random Poisson (λ=1) (sample 24),39,3244,864.0
Random Poisson (λ=1) (sample 24),40,3414,783.0
Random Poisson (λ=1) (sample 24),41,3588,1194.0
Random Poisson (λ=1) (sample 24),42,3768,2042.0
Random Poisson (λ=1) (sample 24),43,3954,3290.0
Random Poisson (λ=1) (sample 24),44,4146,2392.0
Random Poisson (λ=1) (sample 24),45,4342,4157.0
Random Poisson (λ=1) (sample 24),46,4540,2252.0
Random Poisson (λ=1) (sample 24),47,4742,2296.0
Random Poisson (λ=1) (sample 24),48,4946,2352.0
Random Poisson (λ=1) (sample 24),49,5152,3516.0
Random Poisson (λ=1) (sample 24),50,5362,6065.0
Random Poisson (λ=1) (sample 24),51,5576,6904.0
Random Poisson (λ=1) (sample 24),52,5792,12494.0
Random Poisson (λ=1) (sample 24),53,6010,3145.0
Random Poisson (λ=1) (sample 24),54,6232,4037.0
Random Poisson (λ=1) (sample 24),55,6458,7453.0
Random Poisson (λ=1) (sample 24),56,6686,5049.0
Random Poisson (λ=1) (sample 24),57,6918,8813.0
Random Poisson (λ=1) (sample 24),58,7152,6101.0
Random Poisson (λ=1) (sample 24),59,7390,8589.0
Random Poisson (λ=1) (sample 24),60,7636,13315.0
Random Poisson (λ=1) (sample 24),61,7884,10630.0
Random Poisson (λ=1) (sample 24),62,8138,12023.0
Random Poisson (λ=1) (sample 24),63,8396,23048.0
Random Poisson (λ=1) (sample 24),64,8656,10232.0
Random Poisson (λ=1) (sample 24),65,8920,15153.0
Random Poisson (λ=1) (sample 24),66,9186,10723.0
Random Poisson (λ=1) (sample 24),67,9456,7217.0
Random Poisson (λ=1) (sample 24),68,9730,11939.0
Random Poisson (λ=1) (sample 24),69,10008,21655.0
Random Poisson (λ=1) (sample 24),70,10290,28695.0
Random Poisson (λ=1) (sample 24),71,10574,50287.0
Random Poisson (λ=1) (sample 24),72,10862,94184.0
Random Poisson (λ=1) (sample 24),73,11158,25373.0
Random Poisson (λ=1) (sample 24),74,11458,32206.0
Random Poisson (λ=1) (sample 24),75,11760,29258.0
Random Poisson (λ=1) (sample 24),76,12066,21247.0
Random Poisson (λ=1) (sample 24),77,12376,29699.0
Random Poisson (λ=1) (sample 24),78,12692,28975.0
Random Poisson (λ=1) (sample 24),79,13012,42343.0
Random Poisson (λ=1) (sample 24),80,13340,55840.0
Random Poisson (λ=1) (sample 24),81,13670,86814.0
Random Poisson (λ=1) (sample 24),82,14006,105594.0
Random Poisson (λ=1) (sample 24),83,14346,167489.0
Random Poisson (λ=1) (sample 24),84,14690,270021.0
Random Poisson (λ=1) (sample 24),85,15036,377237.0
Random Poisson (λ=1) (sample 24),86,15388,232934.0
Random Poisson (λ=1) (sample 24),87,15744,349368.0
Random Poisson (λ=1) (sample 24),88,16102,277377.0
Random Poisson (λ=1) (sample 24),89,16462,453977.0
Random Poisson (λ=1) (sample 24),90,16826,644992.0
Random Poisson (λ=1) (sample 24),91,17192,1035634.0
Random Poisson (λ=1) (sample 24),92,17564,1107245.0
Random Poisson (λ=1) (sample 24),93,17940,1864023.0
Random Poisson (λ=1) (sample 24),94,18318,527463.0
Random Poisson (λ=1) (sample 24),95,18700,662664.0
Random Poisson (λ=1) (sample 24),96,19088,799157.0
Random Poisson (λ=1) (sample 24),97,19478,1076370.0
Random Poisson (λ=1) (sample 24),98,19872,1371123.0
Random Poisson (λ=1) (sample 25),1,6,1.0
Random Poisson (λ=1) (sample 25),2,16,1.0
Random Poisson (λ=1) (sample 25),3,34,1.0
Random Poisson (λ=1) (sample 25),4,54,1.0
Random Poisson (λ=1) (sample 25),5,78,2.0
Random Poisson (λ=1) (sample 25),6,106,2.0
Random Poisson (λ=1) (sample 25),7,140,2.0
Random Poisson (λ=1) (sample 25),8,178,2.0
Random Poisson (λ=1) (sample 25),9,218,4.0
Random Poisson (λ=1) (sample 25),10,262,3.0
Random Poisson (λ=1) (sample 25),11,310,4.0
Random Poisson (λ=1) (sample 25),12,362,6.0
Random Poisson (λ=1) (sample 25),13,420,5.0
Random Poisson (λ=1) (sample 25),14,480,6.0
Random Poisson (λ=1) (sample 25),15,546,7.0
Random Poisson (λ=1) (sample 25),16,618,11.0
Random Poisson (λ=1) (sample 25),17,692,16.0
Random Poisson (λ=1) (sample 25),18,772,16.0
Random Poisson (λ=1) (sample 25),19,856,21.0
Random Poisson (λ=1) (sample 25),20,946,33.0
Random Poisson (λ=1) (sample 25),21,1046,23.0
Random Poisson (λ=1) (sample 25),22,1148,35.0
Random Poisson (λ=1) (sample 25),23,1256,29.0
Random Poisson (λ=1) (sample 25),24,1366,24.0
Random Poisson (λ=1) (sample 25),25,1480,27.0
Random Poisson (λ=1) (sample 25),26,1600,34.0
Random Poisson (λ=1) (sample 25),27,1722,41.0
Random Poisson (λ=1) (sample 25),28,1850,58.0
Random Poisson (λ=1) (sample 25),29,1984,66.0
Random Poisson (λ=1) (sample 25),30,2120,100.0
Random Poisson (λ=1) (sample 25),31,2258,145.0
Random Poisson (λ=1) (sample 25),32,2398,85.0
Random Poisson (λ=1) (sample 25),33,2542,115.0
Random Poisson (λ=1) (sample 25),34,2688,160.0
Random Poisson (λ=1) (sample 25),35,2836,192.0
Random Poisson (λ=1) (sample 25),36,2986,261.0
Random Poisson (λ=1) (sample 25),37,3140,306.0
Random Poisson (λ=1) (sample 25),38,3298,429.0
Random Poisson (λ=1) (sample 25),39,3462,622.0
Random Poisson (λ=1) (sample 25),40,3636,671.0
Random Poisson (λ=1) (sample 25),41,3812,796.0
Random Poisson (λ=1) (sample 25),42,3994,933.0
Random Poisson (λ=1) (sample 25),43,4180,968.0
Random Poisson (λ=1) (sample 25),44,4368,1091.0
Random Poisson (λ=1) (sample 25),45,4558,1514.0
Random Poisson (λ=1) (sample 25),46,4750,1832.0
Random Poisson (λ=1) (sample 25),47,4946,2497.0
Random Poisson (λ=1) (sample 25),48,5148,3215.0
Random Poisson (λ=1) (sample 25),49,5354,3865.0
Random Poisson (λ=1) (sample 25),50,5562,5148.0
Random Poisson (λ=1) (sample 25),51,5774,6535.0
Random Poisson (λ=1) (sample 25),52,5990,8275.0
Random Poisson (λ=1) (sample 25),53,6212,10442.0
Random Poisson (λ=1) (sample 25),54,6438,13094.0
Random Poisson (λ=1) (sample 25),55,6668,16105.0
Random Poisson (λ=1) (sample 25),56,6900,21361.0
Random Poisson (λ=1) (sample 25),57,7134,27269.0
Random Poisson (λ=1) (sample 25),58,7372,36856.0
Random Poisson (λ=1) (sample 25),59,7614,46271.0
Random Poisson (λ=1) (sample 25),60,7860,60646.0
Random Poisson (λ=1) (sample 25),61,8112,74949.0
Random Poisson (λ=1) (sample 25),62,8366,97222.0
Random Poisson (λ=1) (sample 25),63,8628,117799.0
Random Poisson (λ=1) (sample 25),64,8892,148561.0
Random Poisson (λ=1) (sample 25),65,9160,185855.0
Random Poisson (λ=1) (sample 25),66,9436,223282.0
Random Poisson (λ=1) (sample 25),67,9714,273938.0
Random Poisson (λ=1) (sample 25),68,9996,338234.0
Random Poisson (λ=1) (sample 25),69,10282,414648.0
Random Poisson (λ=1) (sample 25),70,10572,513212.0
Random Poisson (λ=1) (sample 25),71,10864,644561.0
Random Poisson (λ=1) (sample 25),72,11160,812056.0
Random Poisson (λ=1) (sample 25),73,11460,1014295.0
Random Poisson (λ=1) (sample 25),74,11764,1283100.0
Random Poisson (λ=1) (sample 25),75,12070,1628053.0
Random Poisson (λ=1) (sample 25),76,12382,2044113.0
Random Poisson (λ=1) (sample 25),77,12698,2550172.0
Random Poisson (λ=1) (sample 25),78,13022,3068663.0
Random Poisson (λ=1) (sample 25),79,13352,3638319.0
Random Poisson (λ=1) (sample 25),80,13684,4401481.0
Random Poisson (λ=1) (sample 25),81,14018,5418415.0
Random Poisson (λ=1) (sample 25),82,14356,6766379.0
Random Poisson (λ=1) (sample 25),83,14700,8054449.0
Random Poisson (λ=1) (sample 25),84,15048,9797213.0
Random Poisson (λ=1) (sample 25),85,15398,12076149.0
Random Poisson (λ=1) (sample 25),86,15752,15043295.0
Random Poisson (λ=1) (sample 25),87,16110,18537774.0
Random Poisson (λ=1) (sample 25),88,16474,22601438.0
Random Poisson (λ=1) (sample 25),89,16842,27585622.0
Random Poisson (λ=1) (sample 25),90,17216,33107980.0
Random Poisson (λ=1) (sample 25),91,17596,38839275.0
Random Poisson (λ=1) (sample 25),92,17978,46631798.0
Random Poisson (λ=1) (sample 25),93,18364,56274762.0
Random Poisson (λ=1) (sample 25),94,18754,68018940.0
Random Poisson (λ=1) (sample 25),95,19148,82892733.0
Random Poisson (λ=1) (sample 25),96,19544,102210914.0
Random Poisson (λ=1) (sample 25),97,19942,126849098.0
Random Poisson (λ=1) (sample 26),1,6,1.0
Random Poisson (λ=1) (sample 26),2,16,1.0
Random Poisson (λ=1) (sample 26),3,34,1.0
Random Poisson (λ=1) (sample 26),4,54,1.0
Random Poisson (λ=1) (sample 26),5,78,2.0
Random Poisson (λ=1) (sample 26),6,106,2.0
Random Poisson (λ=1) (sample 26),7,136,2.0
Random Poisson (λ=1) (sample 26),8,170,2.0
Random Poisson (λ=1) (sample 26),9,210,3.0
Random Poisson (λ=1) (sample 26),10,254,5.0
Random Poisson (λ=1) (sample 26),11,304,4.0
Random Poisson (λ=1) (sample 26),12,356,6.0
Random Poisson (λ=1) (sample 26),13,412,9.0
Random Poisson (λ=1) (sample 26),14,472,11.0
Random Poisson (λ=1) (sample 26),15,542,9.0
Random Poisson (λ=1) (sample 26),16,616,9.0
Random Poisson (λ=1) (sample 26),17,692,10.0
Random Poisson (λ=1) (sample 26),18,774,14.0
Random Poisson (λ=1) (sample 26),19,862,16.0
Random Poisson (λ=1) (sample 26),20,956,24.0
Random Poisson (λ=1) (sample 26),21,1052,17.0
Random Poisson (λ=1) (sample 26),22,1156,23.0
Random Poisson (λ=1) (sample 26),23,1266,28.0
Random Poisson (λ=1) (sample 26),24,1380,41.0
Random Poisson (λ=1) (sample 26),25,1496,37.0
Random Poisson (λ=1) (sample 26),26,1616,69.0
Random Poisson (λ=1) (sample 26),27,1740,82.0
Random Poisson (λ=1) (sample 26),28,1866,125.0
Random Poisson (λ=1) (sample 26),29,1996,216.0
Random Poisson (λ=1) (sample 26),30,2132,402.0
Random Poisson (λ=1) (sample 26),31,2270,225.0
Random Poisson (λ=1) (sample 26),32,2410,279.0
Random Poisson (λ=1) (sample 26),33,2554,174.0
Random Poisson (λ=1) (sample 26),34,2702,272.0
Random Poisson (λ=1) (sample 26),35,2854,455.0
Random Poisson (λ=1) (sample 26),36,3010,522.0
Random Poisson (λ=1) (sample 26),37,3168,929.0
Random Poisson (λ=1) (sample 26),38,3334,508.0
Random Poisson (λ=1) (sample 26),39,3506,756.0
Random Poisson (λ=1) (sample 26),40,3690,1199.0
Random Poisson (λ=1) (sample 26),41,3878,1909.0
Random Poisson (λ=1) (sample 26),42,4070,1641.0
Random Poisson (λ=1) (sample 26),43,4268,2282.0
Random Poisson (λ=1) (sample 26),44,4470,1400.0
Random Poisson (λ=1) (sample 26),45,4678,1732.0
Random Poisson (λ=1) (sample 26),46,4890,739.0
Random Poisson (λ=1) (sample 26),47,5108,1087.0
Random Poisson (λ=1) (sample 26),48,5330,1158.0
Random Poisson (λ=1) (sample 26),49,5558,1868.0
Random Poisson (λ=1) (sample 26),50,5788,2243.0
Random Poisson (λ=1) (sample 26),51,6022,3868.0
Random Poisson (λ=1) (sample 26),52,6258,2229.0
Random Poisson (λ=1) (sample 26),53,6496,2519.0
Random Poisson (λ=1) (sample 26),54,6738,3137.0
Random Poisson (λ=1) (sample 26),55,6986,3771.0
Random Poisson (λ=1) (sample 26),56,7240,5382.0
Random Poisson (λ=1) (sample 26),57,7500,8479.0
Random Poisson (λ=1) (sample 26),58,7762,5130.0
Random Poisson (λ=1) (sample 26),59,8028,6272.0
Random Poisson (λ=1) (sample 26),60,8298,7627.0
Random Poisson (λ=1) (sample 26),61,8572,10822.0
Random Poisson (λ=1) (sample 26),62,8852,14868.0
Random Poisson (λ=1) (sample 26),63,9138,18387.0
Random Poisson (λ=1) (sample 26),64,9426,25952.0
Random Poisson (λ=1) (sample 26),65,9722,25060.0
Random Poisson (λ=1) (sample 26),66,10022,35581.0
Random Poisson (λ=1) (sample 26),67,10326,36272.0
Random Poisson (λ=1) (sample 26),68,10634,37869.0
Random Poisson (λ=1) (sample 26),69,10946,55122.0
Random Poisson (λ=1) (sample 26),70,11264,72229.0
Random Poisson (λ=1) (sample 26),71,11584,106258.0
Random Poisson (λ=1) (sample 26),72,11912,123691.0
Random Poisson (λ=1) (sample 26),73,12242,118349.0
Random Poisson (λ=1) (sample 26),74,12578,105280.0
Random Poisson (λ=1) (sample 26),75,12918,125086.0
Random Poisson (λ=1) (sample 26),76,13262,169649.0
Random Poisson (λ=1) (sample 26),77,13608,248468.0
Random Poisson (λ=1) (sample 26),78,13956,218302.0
Random Poisson (λ=1) (sample 26),79,14308,308659.0
Random Poisson (λ=1) (sample 26),80,14664,402876.0
Random Poisson (λ=1) (sample 26),81,15022,539148.0
Random Poisson (λ=1) (sample 26),82,15382,652749.0
Random Poisson (λ=1) (sample 26),83,15744,745807.0
Random Poisson (λ=1) (sample 26),84,16108,991832.0
Random Poisson (λ=1) (sample 26),85,16478,1393822.0
Random Poisson (λ=1) (sample 26),86,16852,1435742.0
Random Poisson (λ=1) (sample 26),87,17232,1810593.0
Random Poisson (λ=1) (sample 26),88,17616,2386932.0
Random Poisson (λ=1) (sample 26),89,18006,3106853.0
Random Poisson (λ=1) (sample 26),90,18406,3536634.0
Random Poisson (λ=1) (sample 26),91,18808,4381504.0
Random Poisson (λ=1) (sample 26),92,19214,5425551.0
Random Poisson (λ=1) (sample 26),93,19624,6771521.0
Random Poisson (λ=1) (sample 27),1,4,1.0
Random Poisson (λ=1) (sample 27),2,12,1.0
Random Poisson (λ=1) (sample 27),3,22,1.0
Random Poisson (λ=1) (sample 27),4,36,2.0
Random Poisson (λ=1) (sample 27),5,54,1.0
Random Poisson (λ=1) (sample 27),6,76,1.0
Random Poisson (λ=1) (sample 27),7,100,2.0
Random Poisson (λ=1) (sample 27),8,128,4.0
Random Poisson (λ=1) (sample 27),9,162,4.0
Random Poisson (λ=1) (sample 27),10,198,5.0
Random Poisson (λ=1) (sample 27),11,238,7.0
Random Poisson (λ=1) (sample 27),12,282,6.0
Random Poisson (λ=1) (sample 27),13,330,7.0
Random Poisson (λ=1) (sample 27),14,380,10.0
Random Poisson (λ=1) (sample 27),15,434,16.0
Random Poisson (λ=1) (sample 27),16,496,24.0
Random Poisson (λ=1) (sample 27),17,562,28.0
Random Poisson (λ=1) (sample 27),18,630,46.0
Random Poisson (λ=1) (sample 27),19,702,46.0
Random Poisson (λ=1) (sample 27),20,782,90.0
Random Poisson (λ=1) (sample 27),21,864,103.0
Random Poisson (λ=1) (sample 27),22,948,56.0
Random Poisson (λ=1) (sample 27),23,1036,80.0
Random Poisson (λ=1) (sample 27),24,1126,47.0
Random Poisson (λ=1) (sample 27),25,1220,68.0
Random Poisson (λ=1) (sample 27),26,1320,114.0
Random Poisson (λ=1) (sample 27),27,1424,116.0
Random Poisson (λ=1) (sample 27),28,1532,83.0
Random Poisson (λ=1) (sample 27),29,1644,143.0
Random Poisson (λ=1) (sample 27),30,1758,129.0
Random Poisson (λ=1) (sample 27),31,1874,137.0
Random Poisson (λ=1) (sample 27),32,1994,160.0
Random Poisson (λ=1) (sample 27),33,2122,154.0
Random Poisson (λ=1) (sample 27),34,2254,245.0
Random Poisson (λ=1) (sample 27),35,2388,333.0
Random Poisson (λ=1) (sample 27),36,2526,359.0
Random Poisson (λ=1) (sample 27),37,2672,647.0
Random Poisson (λ=1) (sample 27),38,2820,879.0
Random Poisson (λ=1) (sample 27),39,2972,1515.0
Random Poisson (λ=1) (sample 27),40,3130,2393.0
Random Poisson (λ=1) (sample 27),41,3294,3177.0
Random Poisson (λ=1) (sample 27),42,3460,5748.0
Random Poisson (λ=1) (sample 27),43,3628,4599.0
Random Poisson (λ=1) (sample 27),44,3798,4096.0
Random Poisson (λ=1) (sample 27),45,3974,3655.0
Random Poisson (λ=1) (sample 27),46,4152,5172.0
Random Poisson (λ=1) (sample 27),47,4332,7299.0
Random Poisson (λ=1) (sample 27),48,4514,4285.0
Random Poisson (λ=1) (sample 27),49,4700,7247.0
Random Poisson (λ=1) (sample 27),50,4890,12041.0
Random Poisson (λ=1) (sample 27),51,5084,5616.0
Random Poisson (λ=1) (sample 27),52,5286,7184.0
Random Poisson (λ=1) (sample 27),53,5496,7307.0
Random Poisson (λ=1) (sample 27),54,5708,13288.0
Random Poisson (λ=1) (sample 27),55,5922,5257.0
Random Poisson (λ=1) (sample 27),56,6142,2483.0
Random Poisson (λ=1) (sample 27),57,6366,3926.0
Random Poisson (λ=1) (sample 27),58,6596,5864.0
Random Poisson (λ=1) (sample 27),59,6830,7575.0
Random Poisson (λ=1) (sample 27),60,7072,2788.0
Random Poisson (λ=1) (sample 27),61,7316,4959.0
Random Poisson (λ=1) (sample 27),62,7562,4659.0
Random Poisson (λ=1) (sample 27),63,7816,6615.0
Random Poisson (λ=1) (sample 27),64,8074,5028.0
Random Poisson (λ=1) (sample 27),65,8334,5292.0
Random Poisson (λ=1) (sample 27),66,8596,7718.0
Random Poisson (λ=1) (sample 27),67,8864,6479.0
Random Poisson (λ=1) (sample 27),68,9134,7951.0
Random Poisson (λ=1) (sample 27),69,9412,9662.0
Random Poisson (λ=1) (sample 27),70,9692,8613.0
Random Poisson (λ=1) (sample 27),71,9976,10711.0
Random Poisson (λ=1) (sample 27),72,10270,8975.0
Random Poisson (λ=1) (sample 27),73,10568,9825.0
Random Poisson (λ=1) (sample 27),74,10870,11642.0
Random Poisson (λ=1) (sample 27),75,11176,11787.0
Random Poisson (λ=1) (sample 27),76,11484,15268.0
Random Poisson (λ=1) (sample 27),77,11794,17375.0
Random Poisson (λ=1) (sample 27),78,12110,25320.0
Random Poisson (λ=1) (sample 27),79,12430,39697.0
Random Poisson (λ=1) (sample 27),80,12756,52008.0
Random Poisson (λ=1) (sample 27),81,13084,50342.0
Random Poisson (λ=1) (sample 27),82,13418,89833.0
Random Poisson (λ=1) (sample 27),83,13756,60228.0
Random Poisson (λ=1) (sample 27),84,14100,32635.0
Random Poisson (λ=1) (sample 27),85,14450,40171.0
Random Poisson (λ=1) (sample 27),86,14804,55497.0
Random Poisson (λ=1) (sample 27),87,15160,70157.0
Random Poisson (λ=1) (sample 27),88,15518,84603.0
Random Poisson (λ=1) (sample 27),89,15878,126438.0
Random Poisson (λ=1) (sample 27),90,16240,127574.0
Random Poisson (λ=1) (sample 27),91,16606,143184.0
Random Poisson (λ=1) (sample 27),92,16974,116904.0
Random Poisson (λ=1) (sample 27),93,17352,105053.0
Random Poisson (λ=1) (sample 27),94,17732,141754.0
Random Poisson (λ=1) (sample 27),95,18116,201134.0
Random Poisson (λ=1) (sample 27),96,18504,242315.0
Random Poisson (λ=1) (sample 27),97,18896,243826.0
Random Poisson (λ=1) (sample 27),98,19294,328700.0
Random Poisson (λ=1) (sample 27),99,19694,403648.0
Random Poisson (λ=1) (sample 28),1,4,1.0
Random Poisson (λ=1) (sample 28),2,12,1.0
Random Poisson (λ=1) (sample 28),3,22,1.0
Random Poisson (λ=1) (sample 28),4,36,2.0
Random Poisson (λ=1) (sample 28),5,54,1.0
Random Poisson (λ=1) (sample 28),6,78,2.0
Random Poisson (λ=1) (sample 28),7,104,2.0
Random Poisson (λ=1) (sample 28),8,136,2.0
Random Poisson (λ=1) (sample 28),9,170,2.0
Random Poisson (λ=1) (sample 28),10,206,3.0
Random Poisson (λ=1) (sample 28),11,244,3.0
Random Poisson (λ=1) (sample 28),12,286,4.0
Random Poisson (λ=1) (sample 28),13,330,4.0
Random Poisson (λ=1) (sample 28),14,380,5.0
Random Poisson (λ=1) (sample 28),15,434,9.0
Random Poisson (λ=1) (sample 28),16,492,8.0
Random Poisson (λ=1) (sample 28),17,554,6.0
Random Poisson (λ=1) (sample 28),18,618,7.0
Random Poisson (λ=1) (sample 28),19,688,12.0
Random Poisson (λ=1) (sample 28),20,764,19.0
Random Poisson (λ=1) (sample 28),21,846,28.0
Random Poisson (λ=1) (sample 28),22,930,46.0
Random Poisson (λ=1) (sample 28),23,1018,64.0
Random Poisson (λ=1) (sample 28),24,1112,90.0
Random Poisson (λ=1) (sample 28),25,1208,136.0
Random Poisson (λ=1) (sample 28),26,1310,228.0
Random Poisson (λ=1) (sample 28),27,1418,345.0
Random Poisson (λ=1) (sample 28),28,1528,556.0
Random Poisson (λ=1) (sample 28),29,1640,261.0
Random Poisson (λ=1) (sample 28),30,1754,269.0
Random Poisson (λ=1) (sample 28),31,1870,475.0
Random Poisson (λ=1) (sample 28),32,1988,628.0
Random Poisson (λ=1) (sample 28),33,2114,165.0
Random Poisson (λ=1) (sample 28),34,2242,264.0
Random Poisson (λ=1) (sample 28),35,2374,243.0
Random Poisson (λ=1) (sample 28),36,2514,239.0
Random Poisson (λ=1) (sample 28),37,2658,386.0
Random Poisson (λ=1) (sample 28),38,2804,549.0
Random Poisson (λ=1) (sample 28),39,2952,404.0
Random Poisson (λ=1) (sample 28),40,3102,289.0
Random Poisson (λ=1) (sample 28),41,3254,352.0
Random Poisson (λ=1) (sample 28),42,3410,543.0
Random Poisson (λ=1) (sample 28),43,3568,814.0
Random Poisson (λ=1) (sample 28),44,3728,525.0
Random Poisson (λ=1) (sample 28),45,3892,755.0
Random Poisson (λ=1) (sample 28),46,4058,437.0
Random Poisson (λ=1) (sample 28),47,4230,654.0
Random Poisson (λ=1) (sample 28),48,4404,692.0
Random Poisson (λ=1) (sample 28),49,4582,1008.0
Random Poisson (λ=1) (sample 28),50,4762,1272.0
Random Poisson (λ=1) (sample 28),51,4950,1770.0
Random Poisson (λ=1) (sample 28),52,5140,2797.0
Random Poisson (λ=1) (sample 28),53,5334,4378.0
Random Poisson (λ=1) (sample 28),54,5532,2773.0
Random Poisson (λ=1) (sample 28),55,5734,3114.0
Random Poisson (λ=1) (sample 28),56,5948,2663.0
Random Poisson (λ=1) (sample 28),57,6166,3356.0
Random Poisson (λ=1) (sample 28),58,6386,3846.0
Random Poisson (λ=1) (sample 28),59,6610,5723.0
Random Poisson (λ=1) (sample 28),60,6838,5095.0
Random Poisson (λ=1) (sample 28),61,7068,5079.0
Random Poisson (λ=1) (sample 28),62,7302,6041.0
Random Poisson (λ=1) (sample 28),63,7538,7919.0
Random Poisson (λ=1) (sample 28),64,7780,10642.0
Random Poisson (λ=1) (sample 28),65,8026,14093.0
Random Poisson (λ=1) (sample 28),66,8276,12912.0
Random Poisson (λ=1) (sample 28),67,8530,14677.0
Random Poisson (λ=1) (sample 28),68,8790,16987.0
Random Poisson (λ=1) (sample 28),69,9056,16341.0
Random Poisson (λ=1) (sample 28),70,9326,19815.0
Random Poisson (λ=1) (sample 28),71,9598,18856.0
Random Poisson (λ=1) (sample 28),72,9876,20868.0
Random Poisson (λ=1) (sample 28),73,10156,21921.0
Random Poisson (λ=1) (sample 28),74,10438,26021.0
Random Poisson (λ=1) (sample 28),75,10724,33743.0
Random Poisson (λ=1) (sample 28),76,11014,36652.0
Random Poisson (λ=1) (sample 28),77,11308,40029.0
Random Poisson (λ=1) (sample 28),78,11606,46928.0
Random Poisson (λ=1) (sample 28),79,11906,57392.0
Random Poisson (λ=1) (sample 28),80,12208,70518.0
Random Poisson (λ=1) (sample 28),81,12516,84061.0
Random Poisson (λ=1) (sample 28),82,12830,102669.0
Random Poisson (λ=1) (sample 28),83,13150,122471.0
Random Poisson (λ=1) (sample 28),84,13472,147230.0
Random Poisson (λ=1) (sample 28),85,13796,167201.0
Random Poisson (λ=1) (sample 28),86,14126,201419.0
Random Poisson (λ=1) (sample 28),87,14458,217974.0
Random Poisson (λ=1) (sample 28),88,14794,262611.0
Random Poisson (λ=1) (sample 28),89,15140,286356.0
Random Poisson (λ=1) (sample 28),90,15488,333297.0
Random Poisson (λ=1) (sample 28),91,15838,397888.0
Random Poisson (λ=1) (sample 28),92,16192,487212.0
Random Poisson (λ=1) (sample 28),93,16554,528492.0
Random Poisson (λ=1) (sample 28),94,16918,598278.0
Random Poisson (λ=1) (sample 28),95,17284,724619.0
Random Poisson (λ=1) (sample 28),96,17652,891384.0
Random Poisson (λ=1) (sample 28),97,18026,1053486.0
Random Poisson (λ=1) (sample 28),98,18404,1167309.0
Random Poisson (λ=1) (sample 28),99,18786,1373077.0
Random Poisson (λ=1) (sample 28),100,19172,1578972.0
Random Poisson (λ=1) (sample 28),101,19564,1803201.0
Random Poisson (λ=1) (sample 28),102,19958,2076604.0
Random Poisson (λ=1) (sample 29),1,4,1.0
Random Poisson (λ=1) (sample 29),2,14,1.0
Random Poisson (λ=1) (sample 29),3,28,1.0
Random Poisson (λ=1) (sample 29),4,48,2.0
Random Poisson (λ=1) (sample 29),5,70,2.0
Random Poisson (λ=1) (sample 29),6,96,2.0
Random Poisson (λ=1) (sample 29),7,124,4.0
Random Poisson (λ=1) (sample 29),8,154,3.0
Random Poisson (λ=1) (sample 29),9,190,5.0
Random Poisson (λ=1) (sample 29),10,228,7.0
Random Poisson (λ=1) (sample 29),11,270,7.0
Random Poisson (λ=1) (sample 29),12,318,6.0
Random Poisson (λ=1) (sample 29),13,370,6.0
Random Poisson (λ=1) (sample 29),14,430,9.0
Random Poisson (λ=1) (sample 29),15,496,12.0
Random Poisson (λ=1) (sample 29),16,566,14.0
Random Poisson (λ=1) (sample 29),17,640,11.0
Random Poisson (λ=1) (sample 29),18,716,19.0
Random Poisson (λ=1) (sample 29),19,798,26.0
Random Poisson (λ=1) (sample 29),20,888,38.0
Random Poisson (λ=1) (sample 29),21,982,31.0
Random Poisson (λ=1) (sample 29),22,1080,48.0
Random Poisson (λ=1) (sample 29),23,1182,43.0
Random Poisson (λ=1) (sample 29),24,1288,64.0
Random Poisson (λ=1) (sample 29),25,1396,101.0
Random Poisson (λ=1) (sample 29),26,1508,93.0
Random Poisson (λ=1) (sample 29),27,1626,90.0
Random Poisson (λ=1) (sample 29),28,1748,143.0
Random Poisson (λ=1) (sample 29),29,1872,268.0
Random Poisson (λ=1) (sample 29),30,1998,144.0
Random Poisson (λ=1) (sample 29),31,2128,249.0
Random Poisson (λ=1) (sample 29),32,2264,215.0
Random Poisson (λ=1) (sample 29),33,2402,282.0
Random Poisson (λ=1) (sample 29),34,2542,461.0
Random Poisson (λ=1) (sample 29),35,2686,536.0
Random Poisson (λ=1) (sample 29),36,2832,819.0
Random Poisson (λ=1) (sample 29),37,2982,506.0
Random Poisson (λ=1) (sample 29),38,3136,801.0
Random Poisson (λ=1) (sample 29),39,3298,1458.0
Random Poisson (λ=1) (sample 29),40,3464,1060.0
Random Poisson (λ=1) (sample 29),41,3632,1085.0
Random Poisson (λ=1) (sample 29),42,3802,1543.0
Random Poisson (λ=1) (sample 29),43,3976,1067.0
Random Poisson (λ=1) (sample 29),44,4154,1536.0
Random Poisson (λ=1) (sample 29),45,4334,2536.0
Random Poisson (λ=1) (sample 29),46,4522,4107.0
Random Poisson (λ=1) (sample 29),47,4714,4427.0
Random Poisson (λ=1) (sample 29),48,4912,3117.0
Random Poisson (λ=1) (sample 29),49,5118,2830.0
Random Poisson (λ=1) (sample 29),50,5326,2174.0
Random Poisson (λ=1) (sample 29),51,5536,3243.0
Random Poisson (λ=1) (sample 29),52,5748,5033.0
Random Poisson (λ=1) (sample 29),53,5962,4157.0
Random Poisson (λ=1) (sample 29),54,6180,5849.0
Random Poisson (λ=1) (sample 29),55,6400,9044.0
Random Poisson (λ=1) (sample 29),56,6624,10296.0
Random Poisson (λ=1) (sample 29),57,6850,15722.0
Random Poisson (λ=1) (sample 29),58,7080,14548.0
Random Poisson (λ=1) (sample 29),59,7314,19914.0
Random Poisson (λ=1) (sample 29),60,7550,30245.0
Random Poisson (λ=1) (sample 29),61,7790,32834.0
Random Poisson (λ=1) (sample 29),62,8034,49609.0
Random Poisson (λ=1) (sample 29),63,8282,57606.0
Random Poisson (λ=1) (sample 29),64,8534,86457.0
Random Poisson (λ=1) (sample 29),65,8788,77857.0
Random Poisson (λ=1) (sample 29),66,9052,87435.0
Random Poisson (λ=1) (sample 29),67,9320,115649.0
Random Poisson (λ=1) (sample 29),68,9592,135925.0
Random Poisson (λ=1) (sample 29),69,9866,189630.0
Random Poisson (λ=1) (sample 29),70,10148,281806.0
Random Poisson (λ=1) (sample 29),71,10436,320451.0
Random Poisson (λ=1) (sample 29),72,10730,239881.0
Random Poisson (λ=1) (sample 29),73,11028,316700.0
Random Poisson (λ=1) (sample 29),74,11332,380142.0
Random Poisson (λ=1) (sample 29),75,11640,463665.0
Random Poisson (λ=1) (sample 29),76,11950,402008.0
Random Poisson (λ=1) (sample 29),77,12264,519488.0
Random Poisson (λ=1) (sample 29),78,12582,529645.0
Random Poisson (λ=1) (sample 29),79,12904,688448.0
Random Poisson (λ=1) (sample 29),80,13228,850816.0
Random Poisson (λ=1) (sample 29),81,13554,911646.0
Random Poisson (λ=1) (sample 29),82,13888,1068084.0
Random Poisson (λ=1) (sample 29),83,14224,1246385.0
Random Poisson (λ=1) (sample 29),84,14562,1580702.0
Random Poisson (λ=1) (sample 29),85,14906,1928362.0
Random Poisson (λ=1) (sample 29),86,15252,2409030.0
Random Poisson (λ=1) (sample 29),87,15600,3040445.0
Random Poisson (λ=1) (sample 29),88,15954,3840878.0
Random Poisson (λ=1) (sample 29),89,16310,5046553.0
Random Poisson (λ=1) (sample 29),90,16668,5904804.0
Random Poisson (λ=1) (sample 29),91,17028,7369498.0
Random Poisson (λ=1) (sample 29),92,17390,9783486.0
Random Poisson (λ=1) (sample 29),93,17758,12360024.0
Random Poisson (λ=1) (sample 29),94,18130,15915116.0
Random Poisson (λ=1) (sample 29),95,18508,20863981.0
Random Poisson (λ=1) (sample 29),96,18888,27332605.0
Random Poisson (λ=1) (sample 29),97,19274,35417383.0
Random Poisson (λ=1) (sample 29),98,19664,38926374.0
Random Poisson (λ=1) (sample 30),1,10,1.0
Random Poisson (λ=1) (sample 30),2,22,1.0
Random Poisson (λ=1) (sample 30),3,38,1.0
Random Poisson (λ=1) (sample 30),4,56,2.0
Random Poisson (λ=1) (sample 30),5,76,2.0
Random Poisson (λ=1) (sample 30),6,98,3.0
Random Poisson (λ=1) (sample 30),7,124,4.0
Random Poisson (λ=1) (sample 30),8,160,3.0
Random Poisson (λ=1) (sample 30),9,206,3.0
Random Poisson (λ=1) (sample 30),10,254,5.0
Random Poisson (λ=1) (sample 30),11,304,8.0
Random Poisson (λ=1) (sample 30),12,358,10.0
Random Poisson (λ=1) (sample 30),13,414,13.0
Random Poisson (λ=1) (sample 30),14,472,17.0
Random Poisson (λ=1) (sample 30),15,534,17.0
Random Poisson (λ=1) (sample 30),16,602,22.0
Random Poisson (λ=1) (sample 30),17,672,29.0
Random Poisson (λ=1) (sample 30),18,746,30.0
Random Poisson (λ=1) (sample 30),19,822,27.0
Random Poisson (λ=1) (sample 30),20,902,30.0
Random Poisson (λ=1) (sample 30),21,984,38.0
Random Poisson (λ=1) (sample 30),22,1068,65.0
Random Poisson (λ=1) (sample 30),23,1156,90.0
Random Poisson (λ=1) (sample 30),24,1248,126.0
Random Poisson (λ=1) (sample 30),25,1348,104.0
Random Poisson (λ=1) (sample 30),26,1450,117.0
Random Poisson (λ=1) (sample 30),27,1558,159.0
Random Poisson (λ=1) (sample 30),28,1668,234.0
Random Poisson (λ=1) (sample 30),29,1780,305.0
Random Poisson (λ=1) (sample 30),30,1894,547.0
Random Poisson (λ=1) (sample 30),31,2010,809.0
Random Poisson (λ=1) (sample 30),32,2128,1382.0
Random Poisson (λ=1) (sample 30),33,2248,1747.0
Random Poisson (λ=1) (sample 30),34,2372,1868.0
Random Poisson (λ=1) (sample 30),35,2498,1652.0
Random Poisson (λ=1) (sample 30),36,2630,1709.0
Random Poisson (λ=1) (sample 30),37,2764,2212.0
Random Poisson (λ=1) (sample 30),38,2902,3006.0
Random Poisson (λ=1) (sample 30),39,3048,3889.0
Random Poisson (λ=1) (sample 30),40,3196,5382.0
Random Poisson (λ=1) (sample 30),41,3346,7510.0
Random Poisson (λ=1) (sample 30),42,3506,6271.0
Random Poisson (λ=1) (sample 30),43,3670,6702.0
Random Poisson (λ=1) (sample 30),44,3838,7788.0
Random Poisson (λ=1) (sample 30),45,4014,8273.0
Random Poisson (λ=1) (sample 30),46,4194,8953.0
Random Poisson (λ=1) (sample 30),47,4376,10717.0
Random Poisson (λ=1) (sample 30),48,4562,13474.0
Random Poisson (λ=1) (sample 30),49,4754,12726.0
Random Poisson (λ=1) (sample 30),50,4956,13834.0
Random Poisson (λ=1) (sample 30),51,5160,14971.0
Random Poisson (λ=1) (sample 30),52,5372,17254.0
Random Poisson (λ=1) (sample 30),53,5588,19755.0
Random Poisson (λ=1) (sample 30),54,5808,21383.0
Random Poisson (λ=1) (sample 30),55,6032,19590.0
Random Poisson (λ=1) (sample 30),56,6260,20474.0
Random Poisson (λ=1) (sample 30),57,6494,23924.0
Random Poisson (λ=1) (sample 30),58,6734,28399.0
Random Poisson (λ=1) (sample 30),59,6982,33120.0
Random Poisson (λ=1) (sample 30),60,7232,36224.0
Random Poisson (λ=1) (sample 30),61,7484,42954.0
Random Poisson (λ=1) (sample 30),62,7742,64502.0
Random Poisson (λ=1) (sample 30),63,8004,100569.0
Random Poisson (λ=1) (sample 30),64,8268,88032.0
Random Poisson (λ=1) (sample 30),65,8534,124107.0
Random Poisson (λ=1) (sample 30),66,8806,203762.0
Random Poisson (λ=1) (sample 30),67,9080,132024.0
Random Poisson (λ=1) (sample 30),68,9358,183350.0
Random Poisson (λ=1) (sample 30),69,9640,258921.0
Random Poisson (λ=1) (sample 30),70,9926,388753.0
Random Poisson (λ=1) (sample 30),71,10216,595820.0
Random Poisson (λ=1) (sample 30),72,10510,546117.0
Random Poisson (λ=1) (sample 30),73,10806,1001172.0
Random Poisson (λ=1) (sample 30),74,11106,1866330.0
Random Poisson (λ=1) (sample 30),75,11408,1830795.0
Random Poisson (λ=1) (sample 30),76,11712,2575352.0
Random Poisson (λ=1) (sample 30),77,12020,1853226.0
Random Poisson (λ=1) (sample 30),78,12332,827890.0
Random Poisson (λ=1) (sample 30),79,12650,879757.0
Random Poisson (λ=1) (sample 30),80,12972,625837.0
Random Poisson (λ=1) (sample 30),81,13300,841345.0
Random Poisson (λ=1) (sample 30),82,13632,1028022.0
Random Poisson (λ=1) (sample 30),83,13966,1412850.0
Random Poisson (λ=1) (sample 30),84,14302,1241867.0
Random Poisson (λ=1) (sample 30),85,14642,1515006.0
Random Poisson (λ=1) (sample 30),86,14986,1937165.0
Random Poisson (λ=1) (sample 30),87,15332,2502890.0
Random Poisson (λ=1) (sample 30),88,15680,3299355.0
Random Poisson (λ=1) (sample 30),89,16032,4359807.0
Random Poisson (λ=1) (sample 30),90,16386,5159083.0
Random Poisson (λ=1) (sample 30),91,16742,6829877.0
Random Poisson (λ=1) (sample 30),92,17102,7938033.0
Random Poisson (λ=1) (sample 30),93,17468,10008869.0
Random Poisson (λ=1) (sample 30),94,17840,11850725.0
Random Poisson (λ=1) (sample 30),95,18218,13384261.0
Random Poisson (λ=1) (sample 30),96,18598,16105175.0
Random Poisson (λ=1) (sample 30),97,18982,19533385.0
Random Poisson (λ=1) (sample 30),98,19370,22540938.0
Random Poisson (λ=1) (sample 30),99,19766,26809659.0
Random Exponential (scale=1) (sample 1),1,4,1.0
Random Exponential (scale=1) (sample 1),2,12,1.0
Random Exponential (scale=1) (sample 1),3,22,1.0
Random Exponential (scale=1) (sample 1),4,34,1.0
Random Exponential (scale=1) (sample 1),5,48,2.0
Random Exponential (scale=1) (sample 1),6,66,2.0
Random Exponential (scale=1) (sample 1),7,86,3.0
Random Exponential (scale=1) (sample 1),8,112,3.0
Random Exponential (scale=1) (sample 1),9,140,3.0
Random Exponential (scale=1) (sample 1),10,170,3.0
Random Exponential (scale=1) (sample 1),11,202,3.0
Random Exponential (scale=1) (sample 1),12,240,4.0
Random Exponential (scale=1) (sample 1),13,280,5.0
Random Exponential (scale=1) (sample 1),14,322,8.0
Random Exponential (scale=1) (sample 1),15,366,7.0
Random Exponential (scale=1) (sample 1),16,412,7.0
Random Exponential (scale=1) (sample 1),17,460,9.0
Random Exponential (scale=1) (sample 1),18,510,11.0
Random Exponential (scale=1) (sample 1),19,564,15.0
Random Exponential (scale=1) (sample 1),20,620,18.0
Random Exponential (scale=1) (sample 1),21,680,24.0
Random Exponential (scale=1) (sample 1),22,746,26.0
Random Exponential (scale=1) (sample 1),23,814,29.0
Random Exponential (scale=1) (sample 1),24,884,26.0
Random Exponential (scale=1) (sample 1),25,960,30.0
Random Exponential (scale=1) (sample 1),26,1038,38.0
Random Exponential (scale=1) (sample 1),27,1118,35.0
Random Exponential (scale=1) (sample 1),28,1200,46.0
Random Exponential (scale=1) (sample 1),29,1284,55.0
Random Exponential (scale=1) (sample 1),30,1370,73.0
Random Exponential (scale=1) (sample 1),31,1460,90.0
Random Exponential (scale=1) (sample 1),32,1552,105.0
Random Exponential (scale=1) (sample 1),33,1646,132.0
Random Exponential (scale=1) (sample 1),34,1742,187.0
Random Exponential (scale=1) (sample 1),35,1842,242.0
Random Exponential (scale=1) (sample 1),36,1944,327.0
Random Exponential (scale=1) (sample 1),37,2048,320.0
Random Exponential (scale=1) (sample 1),38,2154,418.0
Random Exponential (scale=1) (sample 1),39,2262,567.0
Random Exponential (scale=1) (sample 1),40,2372,754.0
Random Exponential (scale=1) (sample 1),41,2484,1000.0
Random Exponential (scale=1) (sample 1),42,2598,1208.0
Random Exponential (scale=1) (sample 1),43,2716,1550.0
Random Exponential (scale=1) (sample 1),44,2838,1856.0
Random Exponential (scale=1) (sample 1),45,2964,2277.0
Random Exponential (scale=1) (sample 1),46,3092,2848.0
Random Exponential (scale=1) (sample 1),47,3222,3530.0
Random Exponential (scale=1) (sample 1),48,3356,4314.0
Random Exponential (scale=1) (sample 1),49,3492,5142.0
Random Exponential (scale=1) (sample 1),50,3630,6462.0
Random Exponential (scale=1) (sample 1),51,3770,8104.0
Random Exponential (scale=1) (sample 1),52,3916,9571.0
Random Exponential (scale=1) (sample 1),53,4068,10383.0
Random Exponential (scale=1) (sample 1),54,4226,10836.0
Random Exponential (scale=1) (sample 1),55,4396,8556.0
Random Exponential (scale=1) (sample 1),56,4568,7760.0
Random Exponential (scale=1) (sample 1),57,4742,7976.0
Random Exponential (scale=1) (sample 1),58,4920,8084.0
Random Exponential (scale=1) (sample 1),59,5100,7862.0
Random Exponential (scale=1) (sample 1),60,5282,8616.0
Random Exponential (scale=1) (sample 1),61,5466,9876.0
Random Exponential (scale=1) (sample 1),62,5654,11924.0
Random Exponential (scale=1) (sample 1),63,5848,14788.0
Random Exponential (scale=1) (sample 1),64,6044,12456.0
Random Exponential (scale=1) (sample 1),65,6242,14401.0
Random Exponential (scale=1) (sample 1),66,6442,19142.0
Random Exponential (scale=1) (sample 1),67,6644,16976.0
Random Exponential (scale=1) (sample 1),68,6848,24220.0
Random Exponential (scale=1) (sample 1),69,7056,26463.0
Random Exponential (scale=1) (sample 1),70,7268,24730.0
Random Exponential (scale=1) (sample 1),71,7482,27040.0
Random Exponential (scale=1) (sample 1),72,7698,32045.0
Random Exponential (scale=1) (sample 1),73,7916,37508.0
Random Exponential (scale=1) (sample 1),74,8138,42073.0
Random Exponential (scale=1) (sample 1),75,8362,49981.0
Random Exponential (scale=1) (sample 1),76,8590,59200.0
Random Exponential (scale=1) (sample 1),77,8820,71093.0
Random Exponential (scale=1) (sample 1),78,9052,85698.0
Random Exponential (scale=1) (sample 1),79,9288,101438.0
Random Exponential (scale=1) (sample 1),80,9526,124670.0
Random Exponential (scale=1) (sample 1),81,9766,150513.0
Random Exponential (scale=1) (sample 1),82,10008,193297.0
Random Exponential (scale=1) (sample 1),83,10252,233478.0
Random Exponential (scale=1) (sample 1),84,10498,320441.0
Random Exponential (scale=1) (sample 1),85,10746,392818.0
Random Exponential (scale=1) (sample 1),86,11000,574405.0
Random Exponential (scale=1) (sample 1),87,11256,915547.0
Random Exponential (scale=1) (sample 1),88,11514,1444271.0
Random Exponential (scale=1) (sample 1),89,11774,2304349.0
Random Exponential (scale=1) (sample 1),90,12036,3602313.0
Random Exponential (scale=1) (sample 1),91,12302,5289087.0
Random Exponential (scale=1) (sample 1),92,12570,7840567.0
Random Exponential (scale=1) (sample 1),93,12842,11093125.0
Random Exponential (scale=1) (sample 1),94,13118,14773954.0
Random Exponential (scale=1) (sample 1),95,13402,16844570.0
Random Exponential (scale=1) (sample 1),96,13688,19703610.0
Random Exponential (scale=1) (sample 1),97,13982,19246471.0
Random Exponential (scale=1) (sample 1),98,14278,20090084.0
Random Exponential (scale=1) (sample 1),99,14576,21178363.0
Random Exponential (scale=1) (sample 1),100,14876,22126422.0
Random Exponential (scale=1) (sample 1),101,15178,20904315.0
Random Exponential (scale=1) (sample 1),102,15484,19293980.0
Random Exponential (scale=1) (sample 1),103,15794,15806272.0
Random Exponential (scale=1) (sample 1),104,16106,15223351.0
Random Exponential (scale=1) (sample 1),105,16420,14840637.0
Random Exponential (scale=1) (sample 1),106,16736,16836238.0
Random Exponential (scale=1) (sample 1),107,17062,17511279.0
Random Exponential (scale=1) (sample 1),108,17390,19932241.0
Random Exponential (scale=1) (sample 1),109,17720,23322384.0
Random Exponential (scale=1) (sample 1),110,18052,27815416.0
Random Exponential (scale=1) (sample 1),111,18386,32134307.0
Random Exponential (scale=1) (sample 1),112,18724,36443192.0
Random Exponential (scale=1) (sample 1),113,19064,43345554.0
Random Exponential (scale=1) (sample 1),114,19410,50700514.0
Random Exponential (scale=1) (sample 1),115,19760,56219164.0
Random Exponential (scale=1) (sample 2),1,4,1.0
Random Exponential (scale=1) (sample 2),2,10,1.0
Random Exponential (scale=1) (sample 2),3,18,1.0
Random Exponential (scale=1) (sample 2),4,28,2.0
Random Exponential (scale=1) (sample 2),5,40,2.0
Random Exponential (scale=1) (sample 2),6,58,2.0
Random Exponential (scale=1) (sample 2),7,78,3.0
Random Exponential (scale=1) (sample 2),8,100,4.0
Random Exponential (scale=1) (sample 2),9,126,4.0
Random Exponential (scale=1) (sample 2),10,154,4.0
Random Exponential (scale=1) (sample 2),11,186,3.0
Random Exponential (scale=1) (sample 2),12,222,4.0
Random Exponential (scale=1) (sample 2),13,260,5.0
Random Exponential (scale=1) (sample 2),14,304,3.0
Random Exponential (scale=1) (sample 2),15,350,4.0
Random Exponential (scale=1) (sample 2),16,398,4.0
Random Exponential (scale=1) (sample 2),17,452,5.0
Random Exponential (scale=1) (sample 2),18,508,10.0
Random Exponential (scale=1) (sample 2),19,572,12.0
Random Exponential (scale=1) (sample 2),20,640,8.0
Random Exponential (scale=1) (sample 2),21,712,13.0
Random Exponential (scale=1) (sample 2),22,790,23.0
Random Exponential (scale=1) (sample 2),23,870,40.0
Random Exponential (scale=1) (sample 2),24,954,31.0
Random Exponential (scale=1) (sample 2),25,1040,48.0
Random Exponential (scale=1) (sample 2),26,1128,68.0
Random Exponential (scale=1) (sample 2),27,1218,52.0
Random Exponential (scale=1) (sample 2),28,1312,90.0
Random Exponential (scale=1) (sample 2),29,1408,156.0
Random Exponential (scale=1) (sample 2),30,1506,172.0
Random Exponential (scale=1) (sample 2),31,1606,76.0
Random Exponential (scale=1) (sample 2),32,1708,117.0
Random Exponential (scale=1) (sample 2),33,1816,82.0
Random Exponential (scale=1) (sample 2),34,1926,111.0
Random Exponential (scale=1) (sample 2),35,2038,154.0
Random Exponential (scale=1) (sample 2),36,2152,207.0
Random Exponential (scale=1) (sample 2),37,2268,235.0
Random Exponential (scale=1) (sample 2),38,2386,232.0
Random Exponential (scale=1) (sample 2),39,2506,208.0
Random Exponential (scale=1) (sample 2),40,2628,189.0
Random Exponential (scale=1) (sample 2),41,2752,146.0
Random Exponential (scale=1) (sample 2),42,2878,215.0
Random Exponential (scale=1) (sample 2),43,3006,360.0
Random Exponential (scale=1) (sample 2),44,3136,563.0
Random Exponential (scale=1) (sample 2),45,3268,578.0
Random Exponential (scale=1) (sample 2),46,3404,474.0
Random Exponential (scale=1) (sample 2),47,3544,610.0
Random Exponential (scale=1) (sample 2),48,3686,790.0
Random Exponential (scale=1) (sample 2),49,3830,1126.0
Random Exponential (scale=1) (sample 2),50,3978,1037.0
Random Exponential (scale=1) (sample 2),51,4130,1495.0
Random Exponential (scale=1) (sample 2),52,4288,1879.0
Random Exponential (scale=1) (sample 2),53,4448,2517.0
Random Exponential (scale=1) (sample 2),54,4610,2985.0
Random Exponential (scale=1) (sample 2),55,4774,3091.0
Random Exponential (scale=1) (sample 2),56,4942,3806.0
Random Exponential (scale=1) (sample 2),57,5112,4942.0
Random Exponential (scale=1) (sample 2),58,5284,6596.0
Random Exponential (scale=1) (sample 2),59,5462,7551.0
Random Exponential (scale=1) (sample 2),60,5642,9449.0
Random Exponential (scale=1) (sample 2),61,5824,11898.0
Random Exponential (scale=1) (sample 2),62,6008,15702.0
Random Exponential (scale=1) (sample 2),63,6194,19079.0
Random Exponential (scale=1) (sample 2),64,6388,22722.0
Random Exponential (scale=1) (sample 2),65,6584,27214.0
Random Exponential (scale=1) (sample 2),66,6782,33113.0
Random Exponential (scale=1) (sample 2),67,6982,41226.0
Random Exponential (scale=1) (sample 2),68,7186,52025.0
Random Exponential (scale=1) (sample 2),69,7392,62307.0
Random Exponential (scale=1) (sample 2),70,7600,76708.0
Random Exponential (scale=1) (sample 2),71,7810,97003.0
Random Exponential (scale=1) (sample 2),72,8022,124590.0
Random Exponential (scale=1) (sample 2),73,8236,161073.0
Random Exponential (scale=1) (sample 2),74,8454,205287.0
Random Exponential (scale=1) (sample 2),75,8674,262329.0
Random Exponential (scale=1) (sample 2),76,8896,341502.0
Random Exponential (scale=1) (sample 2),77,9120,443819.0
Random Exponential (scale=1) (sample 2),78,9346,584003.0
Random Exponential (scale=1) (sample 2),79,9574,768798.0
Random Exponential (scale=1) (sample 2),80,9804,1026022.0
Random Exponential (scale=1) (sample 2),81,10040,1299039.0
Random Exponential (scale=1) (sample 2),82,10286,1507233.0
Random Exponential (scale=1) (sample 2),83,10544,1519787.0
Random Exponential (scale=1) (sample 2),84,10806,1554554.0
Random Exponential (scale=1) (sample 2),85,11074,1528191.0
Random Exponential (scale=1) (sample 2),86,11348,1476820.0
Random Exponential (scale=1) (sample 2),87,11626,1428262.0
Random Exponential (scale=1) (sample 2),88,11906,1450487.0
Random Exponential (scale=1) (sample 2),89,12188,1508928.0
Random Exponential (scale=1) (sample 2),90,12472,1620449.0
Random Exponential (scale=1) (sample 2),91,12758,1781107.0
Random Exponential (scale=1) (sample 2),92,13046,1998949.0
Random Exponential (scale=1) (sample 2),93,13338,2213337.0
Random Exponential (scale=1) (sample 2),94,13634,2452143.0
Random Exponential (scale=1) (sample 2),95,13936,2630652.0
Random Exponential (scale=1) (sample 2),96,14244,2745848.0
Random Exponential (scale=1) (sample 2),97,14560,2714005.0
Random Exponential (scale=1) (sample 2),98,14878,2758844.0
Random Exponential (scale=1) (sample 2),99,15198,2919231.0
Random Exponential (scale=1) (sample 2),100,15520,3131166.0
Random Exponential (scale=1) (sample 2),101,15844,3356967.0
Random Exponential (scale=1) (sample 2),102,16170,3803837.0
Random Exponential (scale=1) (sample 2),103,16504,4071755.0
Random Exponential (scale=1) (sample 2),104,16840,4596257.0
Random Exponential (scale=1) (sample 2),105,17178,5134691.0
Random Exponential (scale=1) (sample 2),106,17520,5769522.0
Random Exponential (scale=1) (sample 2),107,17864,6936344.0
Random Exponential (scale=1) (sample 2),108,18210,7432053.0
Random Exponential (scale=1) (sample 2),109,18558,7982555.0
Random Exponential (scale=1) (sample 2),110,18910,8965554.0
Random Exponential (scale=1) (sample 2),111,19264,10622032.0
Random Exponential (scale=1) (sample 2),112,19620,11911132.0
Random Exponential (scale=1) (sample 2),113,19978,13941196.0
Random Exponential (scale=1) (sample 3),1,2,1.0
Random Exponential (scale=1) (sample 3),2,8,1.0
Random Exponential (scale=1) (sample 3),3,16,1.0
Random Exponential (scale=1) (sample 3),4,28,2.0
Random Exponential (scale=1) (sample 3),5,44,2.0
Random Exponential (scale=1) (sample 3),6,66,3.0
Random Exponential (scale=1) (sample 3),7,90,3.0
Random Exponential (scale=1) (sample 3),8,116,4.0
Random Exponential (scale=1) (sample 3),9,146,5.0
Random Exponential (scale=1) (sample 3),10,182,5.0
Random Exponential (scale=1) (sample 3),11,220,6.0
Random Exponential (scale=1) (sample 3),12,260,10.0
Random Exponential (scale=1) (sample 3),13,304,16.0
Random Exponential (scale=1) (sample 3),14,350,9.0
Random Exponential (scale=1) (sample 3),15,398,13.0
Random Exponential (scale=1) (sample 3),16,448,16.0
Random Exponential (scale=1) (sample 3),17,500,15.0
Random Exponential (scale=1) (sample 3),18,554,28.0
Random Exponential (scale=1) (sample 3),19,610,10.0
Random Exponential (scale=1) (sample 3),20,670,10.0
Random Exponential (scale=1) (sample 3),21,734,11.0
Random Exponential (scale=1) (sample 3),22,804,16.0
Random Exponential (scale=1) (sample 3),23,876,17.0
Random Exponential (scale=1) (sample 3),24,950,19.0
Random Exponential (scale=1) (sample 3),25,1030,24.0
Random Exponential (scale=1) (sample 3),26,1112,25.0
Random Exponential (scale=1) (sample 3),27,1196,30.0
Random Exponential (scale=1) (sample 3),28,1284,31.0
Random Exponential (scale=1) (sample 3),29,1374,34.0
Random Exponential (scale=1) (sample 3),30,1466,50.0
Random Exponential (scale=1) (sample 3),31,1560,60.0
Random Exponential (scale=1) (sample 3),32,1658,63.0
Random Exponential (scale=1) (sample 3),33,1760,108.0
Random Exponential (scale=1) (sample 3),34,1864,152.0
Random Exponential (scale=1) (sample 3),35,1970,138.0
Random Exponential (scale=1) (sample 3),36,2080,126.0
Random Exponential (scale=1) (sample 3),37,2192,203.0
Random Exponential (scale=1) (sample 3),38,2308,211.0
Random Exponential (scale=1) (sample 3),39,2430,325.0
Random Exponential (scale=1) (sample 3),40,2554,203.0
Random Exponential (scale=1) (sample 3),41,2684,242.0
Random Exponential (scale=1) (sample 3),42,2818,354.0
Random Exponential (scale=1) (sample 3),43,2954,326.0
Random Exponential (scale=1) (sample 3),44,3092,295.0
Random Exponential (scale=1) (sample 3),45,3232,395.0
Random Exponential (scale=1) (sample 3),46,3374,416.0
Random Exponential (scale=1) (sample 3),47,3518,599.0
Random Exponential (scale=1) (sample 3),48,3664,688.0
Random Exponential (scale=1) (sample 3),49,3812,800.0
Random Exponential (scale=1) (sample 3),50,3966,1010.0
Random Exponential (scale=1) (sample 3),51,4122,1322.0
Random Exponential (scale=1) (sample 3),52,4280,1674.0
Random Exponential (scale=1) (sample 3),53,4440,1916.0
Random Exponential (scale=1) (sample 3),54,4608,2378.0
Random Exponential (scale=1) (sample 3),55,4778,2880.0
Random Exponential (scale=1) (sample 3),56,4954,3233.0
Random Exponential (scale=1) (sample 3),57,5138,3258.0
Random Exponential (scale=1) (sample 3),58,5324,3586.0
Random Exponential (scale=1) (sample 3),59,5514,4678.0
Random Exponential (scale=1) (sample 3),60,5708,4703.0
Random Exponential (scale=1) (sample 3),61,5904,4876.0
Random Exponential (scale=1) (sample 3),62,6110,5603.0
Random Exponential (scale=1) (sample 3),63,6320,6671.0
Random Exponential (scale=1) (sample 3),64,6534,6425.0
Random Exponential (scale=1) (sample 3),65,6750,9441.0
Random Exponential (scale=1) (sample 3),66,6974,10967.0
Random Exponential (scale=1) (sample 3),67,7200,17621.0
Random Exponential (scale=1) (sample 3),68,7434,23281.0
Random Exponential (scale=1) (sample 3),69,7672,8199.0
Random Exponential (scale=1) (sample 3),70,7914,7039.0
Random Exponential (scale=1) (sample 3),71,8160,10339.0
Random Exponential (scale=1) (sample 3),72,8410,16107.0
Random Exponential (scale=1) (sample 3),73,8662,17376.0
Random Exponential (scale=1) (sample 3),74,8916,21089.0
Random Exponential (scale=1) (sample 3),75,9172,37925.0
Random Exponential (scale=1) (sample 3),76,9430,20491.0
Random Exponential (scale=1) (sample 3),77,9692,17988.0
Random Exponential (scale=1) (sample 3),78,9956,21109.0
Random Exponential (scale=1) (sample 3),79,10222,31588.0
Random Exponential (scale=1) (sample 3),80,10490,28521.0
Random Exponential (scale=1) (sample 3),81,10760,36925.0
Random Exponential (scale=1) (sample 3),82,11032,56097.0
Random Exponential (scale=1) (sample 3),83,11306,62916.0
Random Exponential (scale=1) (sample 3),84,11584,60886.0
Random Exponential (scale=1) (sample 3),85,11868,100814.0
Random Exponential (scale=1) (sample 3),86,12154,73072.0
Random Exponential (scale=1) (sample 3),87,12442,124123.0
Random Exponential (scale=1) (sample 3),88,12732,80301.0
Random Exponential (scale=1) (sample 3),89,13024,128950.0
Random Exponential (scale=1) (sample 3),90,13318,78351.0
Random Exponential (scale=1) (sample 3),91,13614,118783.0
Random Exponential (scale=1) (sample 3),92,13914,195082.0
Random Exponential (scale=1) (sample 3),93,14218,324707.0
Random Exponential (scale=1) (sample 3),94,14524,232768.0
Random Exponential (scale=1) (sample 3),95,14832,332426.0
Random Exponential (scale=1) (sample 3),96,15142,363729.0
Random Exponential (scale=1) (sample 3),97,15458,503338.0
Random Exponential (scale=1) (sample 3),98,15778,698833.0
Random Exponential (scale=1) (sample 3),99,16102,912810.0
Random Exponential (scale=1) (sample 3),100,16428,1112617.0
Random Exponential (scale=1) (sample 3),101,16760,1392802.0
Random Exponential (scale=1) (sample 3),102,17094,1797768.0
Random Exponential (scale=1) (sample 3),103,17430,2157198.0
Random Exponential (scale=1) (sample 3),104,17768,3160868.0
Random Exponential (scale=1) (sample 3),105,18108,4076668.0
Random Exponential (scale=1) (sample 3),106,18450,6641582.0
Random Exponential (scale=1) (sample 3),107,18798,6742190.0
Random Exponential (scale=1) (sample 3),108,19148,9319639.0
Random Exponential (scale=1) (sample 3),109,19502,14676562.0
Random Exponential (scale=1) (sample 3),110,19858,13677416.0
Random Exponential (scale=1) (sample 4),1,2,1.0
Random Exponential (scale=1) (sample 4),2,6,1.0
Random Exponential (scale=1) (sample 4),3,12,1.0
Random Exponential (scale=1) (sample 4),4,20,2.0
Random Exponential (scale=1) (sample 4),5,34,2.0
Random Exponential (scale=1) (sample 4),6,50,2.0
Random Exponential (scale=1) (sample 4),7,68,3.0
Random Exponential (scale=1) (sample 4),8,88,4.0
Random Exponential (scale=1) (sample 4),9,110,2.0
Random Exponential (scale=1) (sample 4),10,136,2.0
Random Exponential (scale=1) (sample 4),11,170,2.0
Random Exponential (scale=1) (sample 4),12,206,2.0
Random Exponential (scale=1) (sample 4),13,250,3.0
Random Exponential (scale=1) (sample 4),14,298,3.0
Random Exponential (scale=1) (sample 4),15,350,4.0
Random Exponential (scale=1) (sample 4),16,412,5.0
Random Exponential (scale=1) (sample 4),17,482,6.0
Random Exponential (scale=1) (sample 4),18,554,12.0
Random Exponential (scale=1) (sample 4),19,628,12.0
Random Exponential (scale=1) (sample 4),20,708,16.0
Random Exponential (scale=1) (sample 4),21,792,19.0
Random Exponential (scale=1) (sample 4),22,880,22.0
Random Exponential (scale=1) (sample 4),23,974,27.0
Random Exponential (scale=1) (sample 4),24,1070,14.0
Random Exponential (scale=1) (sample 4),25,1170,19.0
Random Exponential (scale=1) (sample 4),26,1272,21.0
Random Exponential (scale=1) (sample 4),27,1378,23.0
Random Exponential (scale=1) (sample 4),28,1488,32.0
Random Exponential (scale=1) (sample 4),29,1600,46.0
Random Exponential (scale=1) (sample 4),30,1714,44.0
Random Exponential (scale=1) (sample 4),31,1830,46.0
Random Exponential (scale=1) (sample 4),32,1948,33.0
Random Exponential (scale=1) (sample 4),33,2068,27.0
Random Exponential (scale=1) (sample 4),34,2190,39.0
Random Exponential (scale=1) (sample 4),35,2314,51.0
Random Exponential (scale=1) (sample 4),36,2440,46.0
Random Exponential (scale=1) (sample 4),37,2570,40.0
Random Exponential (scale=1) (sample 4),38,2702,57.0
Random Exponential (scale=1) (sample 4),39,2836,93.0
Random Exponential (scale=1) (sample 4),40,2976,139.0
Random Exponential (scale=1) (sample 4),41,3118,211.0
Random Exponential (scale=1) (sample 4),42,3262,294.0
Random Exponential (scale=1) (sample 4),43,3410,217.0
Random Exponential (scale=1) (sample 4),44,3560,349.0
Random Exponential (scale=1) (sample 4),45,3714,452.0
Random Exponential (scale=1) (sample 4),46,3870,299.0
Random Exponential (scale=1) (sample 4),47,4028,187.0
Random Exponential (scale=1) (sample 4),48,4188,259.0
Random Exponential (scale=1) (sample 4),49,4350,438.0
Random Exponential (scale=1) (sample 4),50,4514,499.0
Random Exponential (scale=1) (sample 4),51,4680,295.0
Random Exponential (scale=1) (sample 4),52,4850,491.0
Random Exponential (scale=1) (sample 4),53,5024,516.0
Random Exponential (scale=1) (sample 4),54,5202,525.0
Random Exponential (scale=1) (sample 4),55,5382,880.0
Random Exponential (scale=1) (sample 4),56,5566,877.0
Random Exponential (scale=1) (sample 4),57,5754,1091.0
Random Exponential (scale=1) (sample 4),58,5948,1339.0
Random Exponential (scale=1) (sample 4),59,6144,796.0
Random Exponential (scale=1) (sample 4),60,6342,1198.0
Random Exponential (scale=1) (sample 4),61,6542,1635.0
Random Exponential (scale=1) (sample 4),62,6744,1825.0
Random Exponential (scale=1) (sample 4),63,6952,2437.0
Random Exponential (scale=1) (sample 4),64,7162,3918.0
Random Exponential (scale=1) (sample 4),65,7374,4963.0
Random Exponential (scale=1) (sample 4),66,7592,7200.0
Random Exponential (scale=1) (sample 4),67,7812,10375.0
Random Exponential (scale=1) (sample 4),68,8034,12728.0
Random Exponential (scale=1) (sample 4),69,8260,12954.0
Random Exponential (scale=1) (sample 4),70,8488,20410.0
Random Exponential (scale=1) (sample 4),71,8722,15349.0
Random Exponential (scale=1) (sample 4),72,8960,22316.0
Random Exponential (scale=1) (sample 4),73,9200,31411.0
Random Exponential (scale=1) (sample 4),74,9442,33610.0
Random Exponential (scale=1) (sample 4),75,9686,35133.0
Random Exponential (scale=1) (sample 4),76,9932,47400.0
Random Exponential (scale=1) (sample 4),77,10180,61185.0
Random Exponential (scale=1) (sample 4),78,10432,74693.0
Random Exponential (scale=1) (sample 4),79,10686,93552.0
Random Exponential (scale=1) (sample 4),80,10944,129908.0
Random Exponential (scale=1) (sample 4),81,11204,153824.0
Random Exponential (scale=1) (sample 4),82,11466,191273.0
Random Exponential (scale=1) (sample 4),83,11730,257993.0
Random Exponential (scale=1) (sample 4),84,11996,342182.0
Random Exponential (scale=1) (sample 4),85,12264,466844.0
Random Exponential (scale=1) (sample 4),86,12536,614200.0
Random Exponential (scale=1) (sample 4),87,12810,794416.0
Random Exponential (scale=1) (sample 4),88,13088,1049631.0
Random Exponential (scale=1) (sample 4),89,13368,1396325.0
Random Exponential (scale=1) (sample 4),90,13650,1879831.0
Random Exponential (scale=1) (sample 4),91,13934,2517920.0
Random Exponential (scale=1) (sample 4),92,14220,3420384.0
Random Exponential (scale=1) (sample 4),93,14508,4635422.0
Random Exponential (scale=1) (sample 4),94,14798,6365884.0
Random Exponential (scale=1) (sample 4),95,15092,8511426.0
Random Exponential (scale=1) (sample 4),96,15388,11602320.0
Random Exponential (scale=1) (sample 4),97,15686,15768017.0
Random Exponential (scale=1) (sample 4),98,15988,21276836.0
Random Exponential (scale=1) (sample 4),99,16294,28254341.0
Random Exponential (scale=1) (sample 4),100,16602,37897521.0
Random Exponential (scale=1) (sample 4),101,16912,50897022.0
Random Exponential (scale=1) (sample 4),102,17224,68967229.0
Random Exponential (scale=1) (sample 4),103,17538,93364128.0
Random Exponential (scale=1) (sample 4),104,17854,127872618.0
Random Exponential (scale=1) (sample 4),105,18172,174459889.0
Random Exponential (scale=1) (sample 4),106,18494,236951793.0
Random Exponential (scale=1) (sample 4),107,18820,315854817.0
Random Exponential (scale=1) (sample 4),108,19148,426115226.0
Random Exponential (scale=1) (sample 4),109,19480,564535728.0
Random Exponential (scale=1) (sample 4),110,19814,756402881.0
Random Exponential (scale=1) (sample 5),1,2,1.0
Random Exponential (scale=1) (sample 5),2,8,1.0
Random Exponential (scale=1) (sample 5),3,18,1.0
Random Exponential (scale=1) (sample 5),4,30,1.0
Random Exponential (scale=1) (sample 5),5,48,1.0
Random Exponential (scale=1) (sample 5),6,70,1.0
Random Exponential (scale=1) (sample 5),7,94,2.0
Random Exponential (scale=1) (sample 5),8,122,2.0
Random Exponential (scale=1) (sample 5),9,154,4.0
Random Exponential (scale=1) (sample 5),10,192,3.0
Random Exponential (scale=1) (sample 5),11,240,4.0
Random Exponential (scale=1) (sample 5),12,290,5.0
Random Exponential (scale=1) (sample 5),13,348,8.0
Random Exponential (scale=1) (sample 5),14,408,6.0
Random Exponential (scale=1) (sample 5),15,470,5.0
Random Exponential (scale=1) (sample 5),16,534,8.0
Random Exponential (scale=1) (sample 5),17,602,9.0
Random Exponential (scale=1) (sample 5),18,672,13.0
Random Exponential (scale=1) (sample 5),19,744,14.0
Random Exponential (scale=1) (sample 5),20,818,20.0
Random Exponential (scale=1) (sample 5),21,896,27.0
Random Exponential (scale=1) (sample 5),22,976,31.0
Random Exponential (scale=1) (sample 5),23,1058,28.0
Random Exponential (scale=1) (sample 5),24,1144,19.0
Random Exponential (scale=1) (sample 5),25,1234,24.0
Random Exponential (scale=1) (sample 5),26,1326,12.0
Random Exponential (scale=1) (sample 5),27,1420,20.0
Random Exponential (scale=1) (sample 5),28,1516,23.0
Random Exponential (scale=1) (sample 5),29,1618,25.0
Random Exponential (scale=1) (sample 5),30,1722,28.0
Random Exponential (scale=1) (sample 5),31,1830,48.0
Random Exponential (scale=1) (sample 5),32,1942,53.0
Random Exponential (scale=1) (sample 5),33,2056,63.0
Random Exponential (scale=1) (sample 5),34,2172,114.0
Random Exponential (scale=1) (sample 5),35,2290,97.0
Random Exponential (scale=1) (sample 5),36,2410,137.0
Random Exponential (scale=1) (sample 5),37,2532,168.0
Random Exponential (scale=1) (sample 5),38,2656,271.0
Random Exponential (scale=1) (sample 5),39,2782,257.0
Random Exponential (scale=1) (sample 5),40,2910,390.0
Random Exponential (scale=1) (sample 5),41,3042,596.0
Random Exponential (scale=1) (sample 5),42,3176,724.0
Random Exponential (scale=1) (sample 5),43,3312,1030.0
Random Exponential (scale=1) (sample 5),44,3450,1395.0
Random Exponential (scale=1) (sample 5),45,3592,1851.0
Random Exponential (scale=1) (sample 5),46,3736,2664.0
Random Exponential (scale=1) (sample 5),47,3882,3613.0
Random Exponential (scale=1) (sample 5),48,4034,4745.0
Random Exponential (scale=1) (sample 5),49,4190,6341.0
Random Exponential (scale=1) (sample 5),50,4348,8242.0
Random Exponential (scale=1) (sample 5),51,4508,10925.0
Random Exponential (scale=1) (sample 5),52,4670,14350.0
Random Exponential (scale=1) (sample 5),53,4834,19908.0
Random Exponential (scale=1) (sample 5),54,5000,27306.0
Random Exponential (scale=1) (sample 5),55,5168,37452.0
Random Exponential (scale=1) (sample 5),56,5338,51560.0
Random Exponential (scale=1) (sample 5),57,5512,69728.0
Random Exponential (scale=1) (sample 5),58,5690,93263.0
Random Exponential (scale=1) (sample 5),59,5870,125434.0
Random Exponential (scale=1) (sample 5),60,6056,160866.0
Random Exponential (scale=1) (sample 5),61,6244,206719.0
Random Exponential (scale=1) (sample 5),62,6434,272815.0
Random Exponential (scale=1) (sample 5),63,6626,361475.0
Random Exponential (scale=1) (sample 5),64,6820,485452.0
Random Exponential (scale=1) (sample 5),65,7016,649069.0
Random Exponential (scale=1) (sample 5),66,7214,884794.0
Random Exponential (scale=1) (sample 5),67,7414,1203173.0
Random Exponential (scale=1) (sample 5),68,7616,1663110.0
Random Exponential (scale=1) (sample 5),69,7820,2274586.0
Random Exponential (scale=1) (sample 5),70,8028,3105218.0
Random Exponential (scale=1) (sample 5),71,8238,4190766.0
Random Exponential (scale=1) (sample 5),72,8450,5756360.0
Random Exponential (scale=1) (sample 5),73,8664,7870678.0
Random Exponential (scale=1) (sample 5),74,8884,10429610.0
Random Exponential (scale=1) (sample 5),75,9106,13738956.0
Random Exponential (scale=1) (sample 5),76,9330,18445272.0
Random Exponential (scale=1) (sample 5),77,9558,24120576.0
Random Exponential (scale=1) (sample 5),78,9792,30562424.0
Random Exponential (scale=1) (sample 5),79,10030,37763507.0
Random Exponential (scale=1) (sample 5),80,10274,45362658.0
Random Exponential (scale=1) (sample 5),81,10520,54887076.0
Random Exponential (scale=1) (sample 5),82,10776,60947794.0
Random Exponential (scale=1) (sample 5),83,11034,68828648.0
Random Exponential (scale=1) (sample 5),84,11296,78042132.0
Random Exponential (scale=1) (sample 5),85,11560,89546839.0
Random Exponential (scale=1) (sample 5),86,11830,100140194.0
Random Exponential (scale=1) (sample 5),87,12102,113566781.0
Random Exponential (scale=1) (sample 5),88,12376,132461508.0
Random Exponential (scale=1) (sample 5),89,12656,148050792.0
Random Exponential (scale=1) (sample 5),90,12942,161587042.0
Random Exponential (scale=1) (sample 5),91,13230,179263474.0
Random Exponential (scale=1) (sample 5),92,13524,194292452.0
Random Exponential (scale=1) (sample 5),93,13820,214073375.0
Random Exponential (scale=1) (sample 5),94,14118,242800670.0
Random Exponential (scale=1) (sample 5),95,14418,278240133.0
Random Exponential (scale=1) (sample 5),96,14722,318942374.0
Random Exponential (scale=1) (sample 5),97,15028,369158425.0
Random Exponential (scale=1) (sample 5),98,15338,426940555.0
Random Exponential (scale=1) (sample 5),99,15650,498069156.0
Random Exponential (scale=1) (sample 5),100,15966,580672140.0
Random Exponential (scale=1) (sample 5),101,16284,681724105.0
Random Exponential (scale=1) (sample 5),102,16608,783185208.0
Random Exponential (scale=1) (sample 5),103,16934,906788726.0
Random Exponential (scale=1) (sample 5),104,17262,1072655198.0
Random Exponential (scale=1) (sample 5),105,17592,1276091169.0
Random Exponential (scale=1) (sample 5),106,17924,1547540360.0
Random Exponential (scale=1) (sample 5),107,18258,1881899469.0
Random Exponential (scale=1) (sample 5),108,18594,2327360768.0
Random Exponential (scale=1) (sample 5),109,18932,2884221493.0
Random Exponential (scale=1) (sample 5),110,19272,3629237794.0
Random Exponential (scale=1) (sample 5),111,19614,4568800885.0
Random Exponential (scale=1) (sample 5),112,19962,5629810699.0
Random Exponential (scale=1) (sample 6),1,4,1.0
Random Exponential (scale=1) (sample 6),2,10,1.0
Random Exponential (scale=1) (sample 6),3,18,1.0
Random Exponential (scale=1) (sample 6),4,34,1.0
Random Exponential (scale=1) (sample 6),5,54,2.0
Random Exponential (scale=1) (sample 6),6,78,1.0
Random Exponential (scale=1) (sample 6),7,104,2.0
Random Exponential (scale=1) (sample 6),8,132,2.0
Random Exponential (scale=1) (sample 6),9,162,4.0
Random Exponential (scale=1) (sample 6),10,194,3.0
Random Exponential (scale=1) (sample 6),11,228,3.0
Random Exponential (scale=1) (sample 6),12,264,3.0
Random Exponential (scale=1) (sample 6),13,302,5.0
Random Exponential (scale=1) (sample 6),14,346,5.0
Random Exponential (scale=1) (sample 6),15,392,7.0
Random Exponential (scale=1) (sample 6),16,440,9.0
Random Exponential (scale=1) (sample 6),17,494,10.0
Random Exponential (scale=1) (sample 6),18,550,15.0
Random Exponential (scale=1) (sample 6),19,608,21.0
Random Exponential (scale=1) (sample 6),20,668,26.0
Random Exponential (scale=1) (sample 6),21,730,19.0
Random Exponential (scale=1) (sample 6),22,794,25.0
Random Exponential (scale=1) (sample 6),23,862,32.0
Random Exponential (scale=1) (sample 6),24,932,43.0
Random Exponential (scale=1) (sample 6),25,1004,58.0
Random Exponential (scale=1) (sample 6),26,1084,62.0
Random Exponential (scale=1) (sample 6),27,1166,68.0
Random Exponential (scale=1) (sample 6),28,1250,73.0
Random Exponential (scale=1) (sample 6),29,1336,94.0
Random Exponential (scale=1) (sample 6),30,1426,119.0
Random Exponential (scale=1) (sample 6),31,1518,143.0
Random Exponential (scale=1) (sample 6),32,1612,184.0
Random Exponential (scale=1) (sample 6),33,1708,239.0
Random Exponential (scale=1) (sample 6),34,1806,284.0
Random Exponential (scale=1) (sample 6),35,1906,360.0
Random Exponential (scale=1) (sample 6),36,2008,486.0
Random Exponential (scale=1) (sample 6),37,2112,634.0
Random Exponential (scale=1) (sample 6),38,2220,836.0
Random Exponential (scale=1) (sample 6),39,2330,1085.0
Random Exponential (scale=1) (sample 6),40,2442,1436.0
Random Exponential (scale=1) (sample 6),41,2556,1909.0
Random Exponential (scale=1) (sample 6),42,2672,2600.0
Random Exponential (scale=1) (sample 6),43,2796,2998.0
Random Exponential (scale=1) (sample 6),44,2922,3689.0
Random Exponential (scale=1) (sample 6),45,3052,4270.0
Random Exponential (scale=1) (sample 6),46,3184,5052.0
Random Exponential (scale=1) (sample 6),47,3322,5653.0
Random Exponential (scale=1) (sample 6),48,3466,5878.0
Random Exponential (scale=1) (sample 6),49,3612,6341.0
Random Exponential (scale=1) (sample 6),50,3760,7352.0
Random Exponential (scale=1) (sample 6),51,3910,8430.0
Random Exponential (scale=1) (sample 6),52,4064,9686.0
Random Exponential (scale=1) (sample 6),53,4220,11327.0
Random Exponential (scale=1) (sample 6),54,4378,13535.0
Random Exponential (scale=1) (sample 6),55,4538,16633.0
Random Exponential (scale=1) (sample 6),56,4702,19688.0
Random Exponential (scale=1) (sample 6),57,4870,22860.0
Random Exponential (scale=1) (sample 6),58,5040,27346.0
Random Exponential (scale=1) (sample 6),59,5212,33113.0
Random Exponential (scale=1) (sample 6),60,5386,40926.0
Random Exponential (scale=1) (sample 6),61,5564,49014.0
Random Exponential (scale=1) (sample 6),62,5744,60582.0
Random Exponential (scale=1) (sample 6),63,5926,74631.0
Random Exponential (scale=1) (sample 6),64,6110,94394.0
Random Exponential (scale=1) (sample 6),65,6296,119074.0
Random Exponential (scale=1) (sample 6),66,6484,153782.0
Random Exponential (scale=1) (sample 6),67,6676,190939.0
Random Exponential (scale=1) (sample 6),68,6870,243558.0
Random Exponential (scale=1) (sample 6),69,7066,309081.0
Random Exponential (scale=1) (sample 6),70,7264,400952.0
Random Exponential (scale=1) (sample 6),71,7464,517063.0
Random Exponential (scale=1) (sample 6),72,7668,662792.0
Random Exponential (scale=1) (sample 6),73,7874,841108.0
Random Exponential (scale=1) (sample 6),74,8082,1097935.0
Random Exponential (scale=1) (sample 6),75,8292,1412880.0
Random Exponential (scale=1) (sample 6),76,8504,1869608.0
Random Exponential (scale=1) (sample 6),77,8718,2431143.0
Random Exponential (scale=1) (sample 6),78,8940,2989944.0
Random Exponential (scale=1) (sample 6),79,9170,3340981.0
Random Exponential (scale=1) (sample 6),80,9404,3757856.0
Random Exponential (scale=1) (sample 6),81,9640,4266136.0
Random Exponential (scale=1) (sample 6),82,9878,4992883.0
Random Exponential (scale=1) (sample 6),83,10118,5872536.0
Random Exponential (scale=1) (sample 6),84,10364,6695960.0
Random Exponential (scale=1) (sample 6),85,10614,7460565.0
Random Exponential (scale=1) (sample 6),86,10866,8573451.0
Random Exponential (scale=1) (sample 6),87,11120,9926944.0
Random Exponential (scale=1) (sample 6),88,11378,11448151.0
Random Exponential (scale=1) (sample 6),89,11644,12229348.0
Random Exponential (scale=1) (sample 6),90,11916,12710702.0
Random Exponential (scale=1) (sample 6),91,12190,13484098.0
Random Exponential (scale=1) (sample 6),92,12466,14771316.0
Random Exponential (scale=1) (sample 6),93,12744,16380823.0
Random Exponential (scale=1) (sample 6),94,13024,18655838.0
Random Exponential (scale=1) (sample 6),95,13310,20305908.0
Random Exponential (scale=1) (sample 6),96,13598,22736332.0
Random Exponential (scale=1) (sample 6),97,13888,25692803.0
Random Exponential (scale=1) (sample 6),98,14182,28994840.0
Random Exponential (scale=1) (sample 6),99,14478,32958167.0
Random Exponential (scale=1) (sample 6),100,14776,38364198.0
Random Exponential (scale=1) (sample 6),101,15078,43802457.0
Random Exponential (scale=1) (sample 6),102,15384,49931630.0
Random Exponential (scale=1) (sample 6),103,15692,57382062.0
Random Exponential (scale=1) (sample 6),104,16004,65790462.0
Random Exponential (scale=1) (sample 6),105,16318,75915175.0
Random Exponential (scale=1) (sample 6),106,16634,89363233.0
Random Exponential (scale=1) (sample 6),107,16952,105723976.0
Random Exponential (scale=1) (sample 6),108,17272,127125572.0
Random Exponential (scale=1) (sample 6),109,17594,153518372.0
Random Exponential (scale=1) (sample 6),110,17918,187812452.0
Random Exponential (scale=1) (sample 6),111,18244,230710080.0
Random Exponential (scale=1) (sample 6),112,18572,286688782.0
Random Exponential (scale=1) (sample 6),113,18902,357529041.0
Random Exponential (scale=1) (sample 6),114,19238,433362109.0
Random Exponential (scale=1) (sample 6),115,19576,528861174.0
Random Exponential (scale=1) (sample 6),116,19916,651799480.0
Random Exponential (scale=1) (sample 7),1,2,1.0
Random Exponential (scale=1) (sample 7),2,6,1.0
Random Exponential (scale=1) (sample 7),3,14,1.0
Random Exponential (scale=1) (sample 7),4,24,2.0
Random Exponential (scale=1) (sample 7),5,36,1.0
Random Exponential (scale=1) (sample 7),6,50,1.0
Random Exponential (scale=1) (sample 7),7,70,2.0
Random Exponential (scale=1) (sample 7),8,94,4.0
Random Exponential (scale=1) (sample 7),9,120,5.0
Random Exponential (scale=1) (sample 7),10,148,4.0
Random Exponential (scale=1) (sample 7),11,178,6.0
Random Exponential (scale=1) (sample 7),12,210,5.0
Random Exponential (scale=1) (sample 7),13,244,4.0
Random Exponential (scale=1) (sample 7),14,282,5.0
Random Exponential (scale=1) (sample 7),15,322,6.0
Random Exponential (scale=1) (sample 7),16,366,6.0
Random Exponential (scale=1) (sample 7),17,412,6.0
Random Exponential (scale=1) (sample 7),18,462,7.0
Random Exponential (scale=1) (sample 7),19,514,7.0
Random Exponential (scale=1) (sample 7),20,572,8.0
Random Exponential (scale=1) (sample 7),21,632,9.0
Random Exponential (scale=1) (sample 7),22,698,14.0
Random Exponential (scale=1) (sample 7),23,766,19.0
Random Exponential (scale=1) (sample 7),24,836,19.0
Random Exponential (scale=1) (sample 7),25,908,12.0
Random Exponential (scale=1) (sample 7),26,982,13.0
Random Exponential (scale=1) (sample 7),27,1058,17.0
Random Exponential (scale=1) (sample 7),28,1138,21.0
Random Exponential (scale=1) (sample 7),29,1220,19.0
Random Exponential (scale=1) (sample 7),30,1304,23.0
Random Exponential (scale=1) (sample 7),31,1390,24.0
Random Exponential (scale=1) (sample 7),32,1478,37.0
Random Exponential (scale=1) (sample 7),33,1568,39.0
Random Exponential (scale=1) (sample 7),34,1660,43.0
Random Exponential (scale=1) (sample 7),35,1754,58.0
Random Exponential (scale=1) (sample 7),36,1852,58.0
Random Exponential (scale=1) (sample 7),37,1952,73.0
Random Exponential (scale=1) (sample 7),38,2056,95.0
Random Exponential (scale=1) (sample 7),39,2162,110.0
Random Exponential (scale=1) (sample 7),40,2270,129.0
Random Exponential (scale=1) (sample 7),41,2380,159.0
Random Exponential (scale=1) (sample 7),42,2492,166.0
Random Exponential (scale=1) (sample 7),43,2606,228.0
Random Exponential (scale=1) (sample 7),44,2722,287.0
Random Exponential (scale=1) (sample 7),45,2840,342.0
Random Exponential (scale=1) (sample 7),46,2962,387.0
Random Exponential (scale=1) (sample 7),47,3086,530.0
Random Exponential (scale=1) (sample 7),48,3212,651.0
Random Exponential (scale=1) (sample 7),49,3340,775.0
Random Exponential (scale=1) (sample 7),50,3470,1004.0
Random Exponential (scale=1) (sample 7),51,3602,1470.0
Random Exponential (scale=1) (sample 7),52,3738,1889.0
Random Exponential (scale=1) (sample 7),53,3878,2136.0
Random Exponential (scale=1) (sample 7),54,4020,2580.0
Random Exponential (scale=1) (sample 7),55,4164,3456.0
Random Exponential (scale=1) (sample 7),56,4310,3910.0
Random Exponential (scale=1) (sample 7),57,4458,5038.0
Random Exponential (scale=1) (sample 7),58,4612,6276.0
Random Exponential (scale=1) (sample 7),59,4770,7430.0
Random Exponential (scale=1) (sample 7),60,4930,9256.0
Random Exponential (scale=1) (sample 7),61,5102,10581.0
Random Exponential (scale=1) (sample 7),62,5276,10056.0
Random Exponential (scale=1) (sample 7),63,5454,13051.0
Random Exponential (scale=1) (sample 7),64,5634,21839.0
Random Exponential (scale=1) (sample 7),65,5816,11748.0
Random Exponential (scale=1) (sample 7),66,6000,16166.0
Random Exponential (scale=1) (sample 7),67,6186,26388.0
Random Exponential (scale=1) (sample 7),68,6374,16803.0
Random Exponential (scale=1) (sample 7),69,6564,23199.0
Random Exponential (scale=1) (sample 7),70,6756,37620.0
Random Exponential (scale=1) (sample 7),71,6952,60181.0
Random Exponential (scale=1) (sample 7),72,7150,58390.0
Random Exponential (scale=1) (sample 7),73,7350,53954.0
Random Exponential (scale=1) (sample 7),74,7552,85726.0
Random Exponential (scale=1) (sample 7),75,7756,82191.0
Random Exponential (scale=1) (sample 7),76,7962,83749.0
Random Exponential (scale=1) (sample 7),77,8170,130184.0
Random Exponential (scale=1) (sample 7),78,8382,94684.0
Random Exponential (scale=1) (sample 7),79,8596,131597.0
Random Exponential (scale=1) (sample 7),80,8812,212386.0
Random Exponential (scale=1) (sample 7),81,9030,171118.0
Random Exponential (scale=1) (sample 7),82,9250,235107.0
Random Exponential (scale=1) (sample 7),83,9472,360950.0
Random Exponential (scale=1) (sample 7),84,9696,320526.0
Random Exponential (scale=1) (sample 7),85,9922,441222.0
Random Exponential (scale=1) (sample 7),86,10150,674474.0
Random Exponential (scale=1) (sample 7),87,10380,667306.0
Random Exponential (scale=1) (sample 7),88,10612,895934.0
Random Exponential (scale=1) (sample 7),89,10846,1307913.0
Random Exponential (scale=1) (sample 7),90,11088,1302471.0
Random Exponential (scale=1) (sample 7),91,11332,1654925.0
Random Exponential (scale=1) (sample 7),92,11582,2063769.0
Random Exponential (scale=1) (sample 7),93,11836,2322202.0
Random Exponential (scale=1) (sample 7),94,12096,2317354.0
Random Exponential (scale=1) (sample 7),95,12358,2680696.0
Random Exponential (scale=1) (sample 7),96,12624,2987258.0
Random Exponential (scale=1) (sample 7),97,12896,3092592.0
Random Exponential (scale=1) (sample 7),98,13170,3397165.0
Random Exponential (scale=1) (sample 7),99,13446,3972385.0
Random Exponential (scale=1) (sample 7),100,13726,4687876.0
Random Exponential (scale=1) (sample 7),101,14008,4977811.0
Random Exponential (scale=1) (sample 7),102,14294,5935321.0
Random Exponential (scale=1) (sample 7),103,14582,7987953.0
Random Exponential (scale=1) (sample 7),104,14872,7208401.0
Random Exponential (scale=1) (sample 7),105,15164,8815038.0
Random Exponential (scale=1) (sample 7),106,15460,10414410.0
Random Exponential (scale=1) (sample 7),107,15760,10218035.0
Random Exponential (scale=1) (sample 7),108,16062,11714391.0
Random Exponential (scale=1) (sample 7),109,16370,12290910.0
Random Exponential (scale=1) (sample 7),110,16682,13723910.0
Random Exponential (scale=1) (sample 7),111,16996,15252465.0
Random Exponential (scale=1) (sample 7),112,17312,16563009.0
Random Exponential (scale=1) (sample 7),113,17630,19233819.0
Random Exponential (scale=1) (sample 7),114,17952,22161008.0
Random Exponential (scale=1) (sample 7),115,18276,25001345.0
Random Exponential (scale=1) (sample 7),116,18602,29465717.0
Random Exponential (scale=1) (sample 7),117,18930,34055531.0
Random Exponential (scale=1) (sample 7),118,19260,38970141.0
Random Exponential (scale=1) (sample 7),119,19594,47518548.0
Random Exponential (scale=1) (sample 7),120,19930,62092763.0
Random Exponential (scale=1) (sample 8),1,6,1.0
Random Exponential (scale=1) (sample 8),2,14,1.0
Random Exponential (scale=1) (sample 8),3,24,1.0
Random Exponential (scale=1) (sample 8),4,38,1.0
Random Exponential (scale=1) (sample 8),5,54,2.0
Random Exponential (scale=1) (sample 8),6,72,2.0
Random Exponential (scale=1) (sample 8),7,96,2.0
Random Exponential (scale=1) (sample 8),8,124,3.0
Random Exponential (scale=1) (sample 8),9,154,3.0
Random Exponential (scale=1) (sample 8),10,188,6.0
Random Exponential (scale=1) (sample 8),11,224,7.0
Random Exponential (scale=1) (sample 8),12,264,6.0
Random Exponential (scale=1) (sample 8),13,306,8.0
Random Exponential (scale=1) (sample 8),14,352,7.0
Random Exponential (scale=1) (sample 8),15,412,8.0
Random Exponential (scale=1) (sample 8),16,474,12.0
Random Exponential (scale=1) (sample 8),17,538,11.0
Random Exponential (scale=1) (sample 8),18,604,17.0
Random Exponential (scale=1) (sample 8),19,672,29.0
Random Exponential (scale=1) (sample 8),20,744,42.0
Random Exponential (scale=1) (sample 8),21,822,32.0
Random Exponential (scale=1) (sample 8),22,902,53.0
Random Exponential (scale=1) (sample 8),23,984,60.0
Random Exponential (scale=1) (sample 8),24,1076,63.0
Random Exponential (scale=1) (sample 8),25,1170,80.0
Random Exponential (scale=1) (sample 8),26,1266,72.0
Random Exponential (scale=1) (sample 8),27,1364,83.0
Random Exponential (scale=1) (sample 8),28,1468,74.0
Random Exponential (scale=1) (sample 8),29,1574,97.0
Random Exponential (scale=1) (sample 8),30,1682,95.0
Random Exponential (scale=1) (sample 8),31,1792,139.0
Random Exponential (scale=1) (sample 8),32,1908,178.0
Random Exponential (scale=1) (sample 8),33,2026,290.0
Random Exponential (scale=1) (sample 8),34,2146,517.0
Random Exponential (scale=1) (sample 8),35,2268,752.0
Random Exponential (scale=1) (sample 8),36,2394,215.0
Random Exponential (scale=1) (sample 8),37,2528,317.0
Random Exponential (scale=1) (sample 8),38,2664,380.0
Random Exponential (scale=1) (sample 8),39,2802,318.0
Random Exponential (scale=1) (sample 8),40,2946,464.0
Random Exponential (scale=1) (sample 8),41,3092,811.0
Random Exponential (scale=1) (sample 8),42,3240,1294.0
Random Exponential (scale=1) (sample 8),43,3390,1299.0
Random Exponential (scale=1) (sample 8),44,3542,570.0
Random Exponential (scale=1) (sample 8),45,3696,888.0
Random Exponential (scale=1) (sample 8),46,3852,907.0
Random Exponential (scale=1) (sample 8),47,4010,1637.0
Random Exponential (scale=1) (sample 8),48,4170,2279.0
Random Exponential (scale=1) (sample 8),49,4332,3707.0
Random Exponential (scale=1) (sample 8),50,4496,4246.0
Random Exponential (scale=1) (sample 8),51,4662,4727.0
Random Exponential (scale=1) (sample 8),52,4830,5793.0
Random Exponential (scale=1) (sample 8),53,5004,5113.0
Random Exponential (scale=1) (sample 8),54,5180,7140.0
Random Exponential (scale=1) (sample 8),55,5358,9928.0
Random Exponential (scale=1) (sample 8),56,5538,14024.0
Random Exponential (scale=1) (sample 8),57,5722,18038.0
Random Exponential (scale=1) (sample 8),58,5908,24503.0
Random Exponential (scale=1) (sample 8),59,6096,34535.0
Random Exponential (scale=1) (sample 8),60,6290,44893.0
Random Exponential (scale=1) (sample 8),61,6486,59424.0
Random Exponential (scale=1) (sample 8),62,6684,81416.0
Random Exponential (scale=1) (sample 8),63,6884,109151.0
Random Exponential (scale=1) (sample 8),64,7086,153905.0
Random Exponential (scale=1) (sample 8),65,7292,201753.0
Random Exponential (scale=1) (sample 8),66,7502,270764.0
Random Exponential (scale=1) (sample 8),67,7714,356239.0
Random Exponential (scale=1) (sample 8),68,7930,470945.0
Random Exponential (scale=1) (sample 8),69,8150,609168.0
Random Exponential (scale=1) (sample 8),70,8372,801947.0
Random Exponential (scale=1) (sample 8),71,8596,1056340.0
Random Exponential (scale=1) (sample 8),72,8822,1419097.0
Random Exponential (scale=1) (sample 8),73,9050,1905173.0
Random Exponential (scale=1) (sample 8),74,9282,2542782.0
Random Exponential (scale=1) (sample 8),75,9516,3382228.0
Random Exponential (scale=1) (sample 8),76,9752,4583248.0
Random Exponential (scale=1) (sample 8),77,9990,6187830.0
Random Exponential (scale=1) (sample 8),78,10234,8072492.0
Random Exponential (scale=1) (sample 8),79,10480,10640787.0
Random Exponential (scale=1) (sample 8),80,10730,13843130.0
Random Exponential (scale=1) (sample 8),81,10984,17709818.0
Random Exponential (scale=1) (sample 8),82,11240,23074950.0
Random Exponential (scale=1) (sample 8),83,11500,29375833.0
Random Exponential (scale=1) (sample 8),84,11762,38199312.0
Random Exponential (scale=1) (sample 8),85,12028,48486122.0
Random Exponential (scale=1) (sample 8),86,12296,62863136.0
Random Exponential (scale=1) (sample 8),87,12566,81454700.0
Random Exponential (scale=1) (sample 8),88,12840,105166942.0
Random Exponential (scale=1) (sample 8),89,13116,135825605.0
Random Exponential (scale=1) (sample 8),90,13394,178308894.0
Random Exponential (scale=1) (sample 8),91,13676,229316460.0
Random Exponential (scale=1) (sample 8),92,13960,299847386.0
Random Exponential (scale=1) (sample 8),93,14246,391681082.0
Random Exponential (scale=1) (sample 8),94,14534,519388244.0
Random Exponential (scale=1) (sample 8),95,14824,687687687.0
Random Exponential (scale=1) (sample 8),96,15118,906154790.0
Random Exponential (scale=1) (sample 8),97,15418,1148002224.0
Random Exponential (scale=1) (sample 8),98,15724,1421575570.0
Random Exponential (scale=1) (sample 8),99,16032,1766475696.0
Random Exponential (scale=1) (sample 8),100,16342,2235134651.0
Random Exponential (scale=1) (sample 8),101,16656,2778719874.0
Random Exponential (scale=1) (sample 8),102,16972,3515609034.0
Random Exponential (scale=1) (sample 8),103,17290,4453719699.0
Random Exponential (scale=1) (sample 8),104,17612,5627030122.0
Random Exponential (scale=1) (sample 8),105,17938,6988357652.0
Random Exponential (scale=1) (sample 8),106,18268,8664620248.0
Random Exponential (scale=1) (sample 8),107,18602,10572676234.0
Random Exponential (scale=1) (sample 8),108,18940,12890458760.0
Random Exponential (scale=1) (sample 8),109,19280,15778368258.0
Random Exponential (scale=1) (sample 8),110,19626,18929882958.0
Random Exponential (scale=1) (sample 8),111,19974,22834132993.0
Random Exponential (scale=1) (sample 9),1,2,1.0
Random Exponential (scale=1) (sample 9),2,8,1.0
Random Exponential (scale=1) (sample 9),3,16,1.0
Random Exponential (scale=1) (sample 9),4,28,2.0
Random Exponential (scale=1) (sample 9),5,46,2.0
Random Exponential (scale=1) (sample 9),6,66,2.0
Random Exponential (scale=1) (sample 9),7,88,2.0
Random Exponential (scale=1) (sample 9),8,112,4.0
Random Exponential (scale=1) (sample 9),9,138,3.0
Random Exponential (scale=1) (sample 9),10,166,3.0
Random Exponential (scale=1) (sample 9),11,198,2.0
Random Exponential (scale=1) (sample 9),12,232,3.0
Random Exponential (scale=1) (sample 9),13,268,4.0
Random Exponential (scale=1) (sample 9),14,308,8.0
Random Exponential (scale=1) (sample 9),15,352,6.0
Random Exponential (scale=1) (sample 9),16,398,5.0
Random Exponential (scale=1) (sample 9),17,446,5.0
Random Exponential (scale=1) (sample 9),18,496,8.0
Random Exponential (scale=1) (sample 9),19,550,11.0
Random Exponential (scale=1) (sample 9),20,606,16.0
Random Exponential (scale=1) (sample 9),21,664,15.0
Random Exponential (scale=1) (sample 9),22,724,27.0
Random Exponential (scale=1) (sample 9),23,790,18.0
Random Exponential (scale=1) (sample 9),24,858,26.0
Random Exponential (scale=1) (sample 9),25,928,38.0
Random Exponential (scale=1) (sample 9),26,1000,34.0
Random Exponential (scale=1) (sample 9),27,1074,45.0
Random Exponential (scale=1) (sample 9),28,1150,36.0
Random Exponential (scale=1) (sample 9),29,1228,50.0
Random Exponential (scale=1) (sample 9),30,1308,67.0
Random Exponential (scale=1) (sample 9),31,1390,78.0
Random Exponential (scale=1) (sample 9),32,1474,94.0
Random Exponential (scale=1) (sample 9),33,1560,128.0
Random Exponential (scale=1) (sample 9),34,1650,171.0
Random Exponential (scale=1) (sample 9),35,1742,203.0
Random Exponential (scale=1) (sample 9),36,1840,244.0
Random Exponential (scale=1) (sample 9),37,1942,268.0
Random Exponential (scale=1) (sample 9),38,2048,332.0
Random Exponential (scale=1) (sample 9),39,2156,366.0
Random Exponential (scale=1) (sample 9),40,2266,443.0
Random Exponential (scale=1) (sample 9),41,2378,534.0
Random Exponential (scale=1) (sample 9),42,2492,534.0
Random Exponential (scale=1) (sample 9),43,2612,634.0
Random Exponential (scale=1) (sample 9),44,2734,728.0
Random Exponential (scale=1) (sample 9),45,2860,780.0
Random Exponential (scale=1) (sample 9),46,2988,897.0
Random Exponential (scale=1) (sample 9),47,3118,1142.0
Random Exponential (scale=1) (sample 9),48,3250,1368.0
Random Exponential (scale=1) (sample 9),49,3386,1530.0
Random Exponential (scale=1) (sample 9),50,3524,1788.0
Random Exponential (scale=1) (sample 9),51,3666,2038.0
Random Exponential (scale=1) (sample 9),52,3812,2216.0
Random Exponential (scale=1) (sample 9),53,3962,2442.0
Random Exponential (scale=1) (sample 9),54,4116,2740.0
Random Exponential (scale=1) (sample 9),55,4276,3033.0
Random Exponential (scale=1) (sample 9),56,4438,2853.0
Random Exponential (scale=1) (sample 9),57,4602,3247.0
Random Exponential (scale=1) (sample 9),58,4768,3563.0
Random Exponential (scale=1) (sample 9),59,4940,3813.0
Random Exponential (scale=1) (sample 9),60,5118,3680.0
Random Exponential (scale=1) (sample 9),61,5298,3941.0
Random Exponential (scale=1) (sample 9),62,5482,4349.0
Random Exponential (scale=1) (sample 9),63,5670,4339.0
Random Exponential (scale=1) (sample 9),64,5860,4785.0
Random Exponential (scale=1) (sample 9),65,6052,5803.0
Random Exponential (scale=1) (sample 9),66,6246,7839.0
Random Exponential (scale=1) (sample 9),67,6442,7007.0
Random Exponential (scale=1) (sample 9),68,6640,7837.0
Random Exponential (scale=1) (sample 9),69,6842,9955.0
Random Exponential (scale=1) (sample 9),70,7046,11724.0
Random Exponential (scale=1) (sample 9),71,7252,13375.0
Random Exponential (scale=1) (sample 9),72,7460,17888.0
Random Exponential (scale=1) (sample 9),73,7670,16809.0
Random Exponential (scale=1) (sample 9),74,7886,19067.0
Random Exponential (scale=1) (sample 9),75,8110,20140.0
Random Exponential (scale=1) (sample 9),76,8336,22427.0
Random Exponential (scale=1) (sample 9),77,8566,24871.0
Random Exponential (scale=1) (sample 9),78,8798,27333.0
Random Exponential (scale=1) (sample 9),79,9036,29921.0
Random Exponential (scale=1) (sample 9),80,9276,32769.0
Random Exponential (scale=1) (sample 9),81,9520,35558.0
Random Exponential (scale=1) (sample 9),82,9766,39486.0
Random Exponential (scale=1) (sample 9),83,10016,48275.0
Random Exponential (scale=1) (sample 9),84,10270,54474.0
Random Exponential (scale=1) (sample 9),85,10526,68708.0
Random Exponential (scale=1) (sample 9),86,10784,67797.0
Random Exponential (scale=1) (sample 9),87,11044,92689.0
Random Exponential (scale=1) (sample 9),88,11308,122517.0
Random Exponential (scale=1) (sample 9),89,11574,123042.0
Random Exponential (scale=1) (sample 9),90,11842,152731.0
Random Exponential (scale=1) (sample 9),91,12112,215485.0
Random Exponential (scale=1) (sample 9),92,12386,323161.0
Random Exponential (scale=1) (sample 9),93,12662,241483.0
Random Exponential (scale=1) (sample 9),94,12940,321684.0
Random Exponential (scale=1) (sample 9),95,13220,445638.0
Random Exponential (scale=1) (sample 9),96,13502,473232.0
Random Exponential (scale=1) (sample 9),97,13786,687136.0
Random Exponential (scale=1) (sample 9),98,14072,511558.0
Random Exponential (scale=1) (sample 9),99,14366,616625.0
Random Exponential (scale=1) (sample 9),100,14664,789244.0
Random Exponential (scale=1) (sample 9),101,14964,833053.0
Random Exponential (scale=1) (sample 9),102,15268,1030060.0
Random Exponential (scale=1) (sample 9),103,15574,1179613.0
Random Exponential (scale=1) (sample 9),104,15882,1517754.0
Random Exponential (scale=1) (sample 9),105,16192,1515826.0
Random Exponential (scale=1) (sample 9),106,16504,1885198.0
Random Exponential (scale=1) (sample 9),107,16818,2215180.0
Random Exponential (scale=1) (sample 9),108,17134,2726751.0
Random Exponential (scale=1) (sample 9),109,17454,3331383.0
Random Exponential (scale=1) (sample 9),110,17780,3980913.0
Random Exponential (scale=1) (sample 9),111,18108,4835415.0
Random Exponential (scale=1) (sample 9),112,18438,5820596.0
Random Exponential (scale=1) (sample 9),113,18770,7098568.0
Random Exponential (scale=1) (sample 9),114,19108,8449328.0
Random Exponential (scale=1) (sample 9),115,19448,10068883.0
Random Exponential (scale=1) (sample 9),116,19790,12260061.0
Random Exponential (scale=1) (sample 10),1,2,1.0
Random Exponential (scale=1) (sample 10),2,6,1.0
Random Exponential (scale=1) (sample 10),3,14,1.0
Random Exponential (scale=1) (sample 10),4,26,1.0
Random Exponential (scale=1) (sample 10),5,40,2.0
Random Exponential (scale=1) (sample 10),6,58,3.0
Random Exponential (scale=1) (sample 10),7,78,2.0
Random Exponential (scale=1) (sample 10),8,104,3.0
Random Exponential (scale=1) (sample 10),9,134,4.0
Random Exponential (scale=1) (sample 10),10,166,5.0
Random Exponential (scale=1) (sample 10),11,200,3.0
Random Exponential (scale=1) (sample 10),12,240,4.0
Random Exponential (scale=1) (sample 10),13,284,3.0
Random Exponential (scale=1) (sample 10),14,334,5.0
Random Exponential (scale=1) (sample 10),15,386,5.0
Random Exponential (scale=1) (sample 10),16,440,7.0
Random Exponential (scale=1) (sample 10),17,498,5.0
Random Exponential (scale=1) (sample 10),18,558,8.0
Random Exponential (scale=1) (sample 10),19,620,11.0
Random Exponential (scale=1) (sample 10),20,692,15.0
Random Exponential (scale=1) (sample 10),21,766,13.0
Random Exponential (scale=1) (sample 10),22,842,11.0
Random Exponential (scale=1) (sample 10),23,922,17.0
Random Exponential (scale=1) (sample 10),24,1004,25.0
Random Exponential (scale=1) (sample 10),25,1094,26.0
Random Exponential (scale=1) (sample 10),26,1186,31.0
Random Exponential (scale=1) (sample 10),27,1280,19.0
Random Exponential (scale=1) (sample 10),28,1378,29.0
Random Exponential (scale=1) (sample 10),29,1478,47.0
Random Exponential (scale=1) (sample 10),30,1580,65.0
Random Exponential (scale=1) (sample 10),31,1686,48.0
Random Exponential (scale=1) (sample 10),32,1794,63.0
Random Exponential (scale=1) (sample 10),33,1904,96.0
Random Exponential (scale=1) (sample 10),34,2018,53.0
Random Exponential (scale=1) (sample 10),35,2138,81.0
Random Exponential (scale=1) (sample 10),36,2260,99.0
Random Exponential (scale=1) (sample 10),37,2384,72.0
Random Exponential (scale=1) (sample 10),38,2510,82.0
Random Exponential (scale=1) (sample 10),39,2640,111.0
Random Exponential (scale=1) (sample 10),40,2772,165.0
Random Exponential (scale=1) (sample 10),41,2906,97.0
Random Exponential (scale=1) (sample 10),42,3042,123.0
Random Exponential (scale=1) (sample 10),43,3182,106.0
Random Exponential (scale=1) (sample 10),44,3326,85.0
Random Exponential (scale=1) (sample 10),45,3472,124.0
Random Exponential (scale=1) (sample 10),46,3620,154.0
Random Exponential (scale=1) (sample 10),47,3772,209.0
Random Exponential (scale=1) (sample 10),48,3930,271.0
Random Exponential (scale=1) (sample 10),49,4090,254.0
Random Exponential (scale=1) (sample 10),50,4252,372.0
Random Exponential (scale=1) (sample 10),51,4416,490.0
Random Exponential (scale=1) (sample 10),52,4582,537.0
Random Exponential (scale=1) (sample 10),53,4752,565.0
Random Exponential (scale=1) (sample 10),54,4924,683.0
Random Exponential (scale=1) (sample 10),55,5100,860.0
Random Exponential (scale=1) (sample 10),56,5278,1066.0
Random Exponential (scale=1) (sample 10),57,5460,1369.0
Random Exponential (scale=1) (sample 10),58,5644,1844.0
Random Exponential (scale=1) (sample 10),59,5834,2184.0
Random Exponential (scale=1) (sample 10),60,6026,2719.0
Random Exponential (scale=1) (sample 10),61,6220,3654.0
Random Exponential (scale=1) (sample 10),62,6424,3992.0
Random Exponential (scale=1) (sample 10),63,6638,4433.0
Random Exponential (scale=1) (sample 10),64,6854,4727.0
Random Exponential (scale=1) (sample 10),65,7076,5282.0
Random Exponential (scale=1) (sample 10),66,7300,5110.0
Random Exponential (scale=1) (sample 10),67,7530,5521.0
Random Exponential (scale=1) (sample 10),68,7762,7462.0
Random Exponential (scale=1) (sample 10),69,7998,7524.0
Random Exponential (scale=1) (sample 10),70,8236,8668.0
Random Exponential (scale=1) (sample 10),71,8478,12706.0
Random Exponential (scale=1) (sample 10),72,8728,9442.0
Random Exponential (scale=1) (sample 10),73,8984,9073.0
Random Exponential (scale=1) (sample 10),74,9244,10213.0
Random Exponential (scale=1) (sample 10),75,9508,10425.0
Random Exponential (scale=1) (sample 10),76,9776,10993.0
Random Exponential (scale=1) (sample 10),77,10046,12256.0
Random Exponential (scale=1) (sample 10),78,10322,13262.0
Random Exponential (scale=1) (sample 10),79,10604,15807.0
Random Exponential (scale=1) (sample 10),80,10888,15151.0
Random Exponential (scale=1) (sample 10),81,11176,20999.0
Random Exponential (scale=1) (sample 10),82,11468,23158.0
Random Exponential (scale=1) (sample 10),83,11764,24548.0
Random Exponential (scale=1) (sample 10),84,12062,24198.0
Random Exponential (scale=1) (sample 10),85,12362,31341.0
Random Exponential (scale=1) (sample 10),86,12664,27428.0
Random Exponential (scale=1) (sample 10),87,12968,32041.0
Random Exponential (scale=1) (sample 10),88,13274,43597.0
Random Exponential (scale=1) (sample 10),89,13584,54868.0
Random Exponential (scale=1) (sample 10),90,13898,69757.0
Random Exponential (scale=1) (sample 10),91,14214,87344.0
Random Exponential (scale=1) (sample 10),92,14532,90724.0
Random Exponential (scale=1) (sample 10),93,14854,103471.0
Random Exponential (scale=1) (sample 10),94,15178,132692.0
Random Exponential (scale=1) (sample 10),95,15506,220563.0
Random Exponential (scale=1) (sample 10),96,15836,165266.0
Random Exponential (scale=1) (sample 10),97,16168,238911.0
Random Exponential (scale=1) (sample 10),98,16504,269809.0
Random Exponential (scale=1) (sample 10),99,16842,410955.0
Random Exponential (scale=1) (sample 10),100,17182,358140.0
Random Exponential (scale=1) (sample 10),101,17524,532302.0
Random Exponential (scale=1) (sample 10),102,17872,602882.0
Random Exponential (scale=1) (sample 10),103,18222,804545.0
Random Exponential (scale=1) (sample 10),104,18582,1265895.0
Random Exponential (scale=1) (sample 10),105,18946,1891199.0
Random Exponential (scale=1) (sample 10),106,19312,2609476.0
Random Exponential (scale=1) (sample 10),107,19680,2979948.0
Random Exponential (scale=1) (sample 11),1,2,1.0
Random Exponential (scale=1) (sample 11),2,8,1.0
Random Exponential (scale=1) (sample 11),3,16,1.0
Random Exponential (scale=1) (sample 11),4,26,1.0
Random Exponential (scale=1) (sample 11),5,42,1.0
Random Exponential (scale=1) (sample 11),6,60,2.0
Random Exponential (scale=1) (sample 11),7,84,2.0
Random Exponential (scale=1) (sample 11),8,110,2.0
Random Exponential (scale=1) (sample 11),9,142,3.0
Random Exponential (scale=1) (sample 11),10,176,2.0
Random Exponential (scale=1) (sample 11),11,212,3.0
Random Exponential (scale=1) (sample 11),12,252,6.0
Random Exponential (scale=1) (sample 11),13,294,2.0
Random Exponential (scale=1) (sample 11),14,340,3.0
Random Exponential (scale=1) (sample 11),15,388,6.0
Random Exponential (scale=1) (sample 11),16,438,7.0
Random Exponential (scale=1) (sample 11),17,492,10.0
Random Exponential (scale=1) (sample 11),18,548,16.0
Random Exponential (scale=1) (sample 11),19,608,12.0
Random Exponential (scale=1) (sample 11),20,670,19.0
Random Exponential (scale=1) (sample 11),21,740,31.0
Random Exponential (scale=1) (sample 11),22,816,58.0
Random Exponential (scale=1) (sample 11),23,894,92.0
Random Exponential (scale=1) (sample 11),24,974,65.0
Random Exponential (scale=1) (sample 11),25,1056,59.0
Random Exponential (scale=1) (sample 11),26,1142,79.0
Random Exponential (scale=1) (sample 11),27,1230,26.0
Random Exponential (scale=1) (sample 11),28,1320,26.0
Random Exponential (scale=1) (sample 11),29,1412,48.0
Random Exponential (scale=1) (sample 11),30,1508,30.0
Random Exponential (scale=1) (sample 11),31,1608,41.0
Random Exponential (scale=1) (sample 11),32,1710,40.0
Random Exponential (scale=1) (sample 11),33,1814,44.0
Random Exponential (scale=1) (sample 11),34,1920,53.0
Random Exponential (scale=1) (sample 11),35,2028,65.0
Random Exponential (scale=1) (sample 11),36,2138,85.0
Random Exponential (scale=1) (sample 11),37,2258,84.0
Random Exponential (scale=1) (sample 11),38,2382,95.0
Random Exponential (scale=1) (sample 11),39,2508,122.0
Random Exponential (scale=1) (sample 11),40,2636,136.0
Random Exponential (scale=1) (sample 11),41,2768,150.0
Random Exponential (scale=1) (sample 11),42,2902,222.0
Random Exponential (scale=1) (sample 11),43,3044,309.0
Random Exponential (scale=1) (sample 11),44,3188,302.0
Random Exponential (scale=1) (sample 11),45,3334,271.0
Random Exponential (scale=1) (sample 11),46,3482,470.0
Random Exponential (scale=1) (sample 11),47,3632,551.0
Random Exponential (scale=1) (sample 11),48,3784,355.0
Random Exponential (scale=1) (sample 11),49,3938,447.0
Random Exponential (scale=1) (sample 11),50,4094,622.0
Random Exponential (scale=1) (sample 11),51,4252,656.0
Random Exponential (scale=1) (sample 11),52,4416,861.0
Random Exponential (scale=1) (sample 11),53,4582,1042.0
Random Exponential (scale=1) (sample 11),54,4750,1313.0
Random Exponential (scale=1) (sample 11),55,4920,1772.0
Random Exponential (scale=1) (sample 11),56,5092,2748.0
Random Exponential (scale=1) (sample 11),57,5266,3337.0
Random Exponential (scale=1) (sample 11),58,5444,4362.0
Random Exponential (scale=1) (sample 11),59,5624,4970.0
Random Exponential (scale=1) (sample 11),60,5806,6271.0
Random Exponential (scale=1) (sample 11),61,5992,7605.0
Random Exponential (scale=1) (sample 11),62,6180,11224.0
Random Exponential (scale=1) (sample 11),63,6372,11987.0
Random Exponential (scale=1) (sample 11),64,6568,17070.0
Random Exponential (scale=1) (sample 11),65,6766,19293.0
Random Exponential (scale=1) (sample 11),66,6966,25108.0
Random Exponential (scale=1) (sample 11),67,7168,32791.0
Random Exponential (scale=1) (sample 11),68,7372,44084.0
Random Exponential (scale=1) (sample 11),69,7582,55978.0
Random Exponential (scale=1) (sample 11),70,7794,70782.0
Random Exponential (scale=1) (sample 11),71,8008,84824.0
Random Exponential (scale=1) (sample 11),72,8224,113336.0
Random Exponential (scale=1) (sample 11),73,8442,149916.0
Random Exponential (scale=1) (sample 11),74,8664,200484.0
Random Exponential (scale=1) (sample 11),75,8888,253442.0
Random Exponential (scale=1) (sample 11),76,9114,341234.0
Random Exponential (scale=1) (sample 11),77,9344,434389.0
Random Exponential (scale=1) (sample 11),78,9576,605336.0
Random Exponential (scale=1) (sample 11),79,9818,660227.0
Random Exponential (scale=1) (sample 11),80,10064,821469.0
Random Exponential (scale=1) (sample 11),81,10312,1016088.0
Random Exponential (scale=1) (sample 11),82,10562,1043188.0
Random Exponential (scale=1) (sample 11),83,10816,1273442.0
Random Exponential (scale=1) (sample 11),84,11072,1580166.0
Random Exponential (scale=1) (sample 11),85,11334,1932520.0
Random Exponential (scale=1) (sample 11),86,11598,2240561.0
Random Exponential (scale=1) (sample 11),87,11864,2561693.0
Random Exponential (scale=1) (sample 11),88,12134,3105622.0
Random Exponential (scale=1) (sample 11),89,12406,3629007.0
Random Exponential (scale=1) (sample 11),90,12680,4560642.0
Random Exponential (scale=1) (sample 11),91,12960,5240450.0
Random Exponential (scale=1) (sample 11),92,13242,6275900.0
Random Exponential (scale=1) (sample 11),93,13526,7612983.0
Random Exponential (scale=1) (sample 11),94,13812,9438474.0
Random Exponential (scale=1) (sample 11),95,14102,11402133.0
Random Exponential (scale=1) (sample 11),96,14394,14120276.0
Random Exponential (scale=1) (sample 11),97,14690,17124923.0
Random Exponential (scale=1) (sample 11),98,14988,21277506.0
Random Exponential (scale=1) (sample 11),99,15288,26310452.0
Random Exponential (scale=1) (sample 11),100,15592,32571813.0
Random Exponential (scale=1) (sample 11),101,15898,40690752.0
Random Exponential (scale=1) (sample 11),102,16206,50683919.0
Random Exponential (scale=1) (sample 11),103,16516,63228536.0
Random Exponential (scale=1) (sample 11),104,16828,81300339.0
Random Exponential (scale=1) (sample 11),105,17150,96378933.0
Random Exponential (scale=1) (sample 11),106,17478,112433681.0
Random Exponential (scale=1) (sample 11),107,17812,128125380.0
Random Exponential (scale=1) (sample 11),108,18152,140950148.0
Random Exponential (scale=1) (sample 11),109,18494,164008180.0
Random Exponential (scale=1) (sample 11),110,18838,190892263.0
Random Exponential (scale=1) (sample 11),111,19186,226661444.0
Random Exponential (scale=1) (sample 11),112,19536,290993015.0
Random Exponential (scale=1) (sample 11),113,19888,330586064.0
Random Exponential (scale=1) (sample 12),1,2,1.0
Random Exponential (scale=1) (sample 12),2,6,1.0
Random Exponential (scale=1) (sample 12),3,12,1.0
Random Exponential (scale=1) (sample 12),4,20,2.0
Random Exponential (scale=1) (sample 12),5,32,2.0
Random Exponential (scale=1) (sample 12),6,46,2.0
Random Exponential (scale=1) (sample 12),7,62,2.0
Random Exponential (scale=1) (sample 12),8,80,4.0
Random Exponential (scale=1) (sample 12),9,102,4.0
Random Exponential (scale=1) (sample 12),10,126,4.0
Random Exponential (scale=1) (sample 12),11,152,5.0
Random Exponential (scale=1) (sample 12),12,186,7.0
Random Exponential (scale=1) (sample 12),13,222,12.0
Random Exponential (scale=1) (sample 12),14,260,18.0
Random Exponential (scale=1) (sample 12),15,302,15.0
Random Exponential (scale=1) (sample 12),16,346,21.0
Random Exponential (scale=1) (sample 12),17,392,35.0
Random Exponential (scale=1) (sample 12),18,440,60.0
Random Exponential (scale=1) (sample 12),19,492,55.0
Random Exponential (scale=1) (sample 12),20,548,78.0
Random Exponential (scale=1) (sample 12),21,606,119.0
Random Exponential (scale=1) (sample 12),22,666,39.0
Random Exponential (scale=1) (sample 12),23,728,42.0
Random Exponential (scale=1) (sample 12),24,792,53.0
Random Exponential (scale=1) (sample 12),25,860,92.0
Random Exponential (scale=1) (sample 12),26,930,68.0
Random Exponential (scale=1) (sample 12),27,1002,76.0
Random Exponential (scale=1) (sample 12),28,1076,80.0
Random Exponential (scale=1) (sample 12),29,1152,102.0
Random Exponential (scale=1) (sample 12),30,1234,183.0
Random Exponential (scale=1) (sample 12),31,1318,238.0
Random Exponential (scale=1) (sample 12),32,1404,390.0
Random Exponential (scale=1) (sample 12),33,1494,244.0
Random Exponential (scale=1) (sample 12),34,1586,344.0
Random Exponential (scale=1) (sample 12),35,1680,605.0
Random Exponential (scale=1) (sample 12),36,1778,298.0
Random Exponential (scale=1) (sample 12),37,1878,218.0
Random Exponential (scale=1) (sample 12),38,1984,333.0
Random Exponential (scale=1) (sample 12),39,2092,238.0
Random Exponential (scale=1) (sample 12),40,2202,179.0
Random Exponential (scale=1) (sample 12),41,2316,227.0
Random Exponential (scale=1) (sample 12),42,2436,204.0
Random Exponential (scale=1) (sample 12),43,2560,319.0
Random Exponential (scale=1) (sample 12),44,2690,387.0
Random Exponential (scale=1) (sample 12),45,2824,612.0
Random Exponential (scale=1) (sample 12),46,2960,832.0
Random Exponential (scale=1) (sample 12),47,3098,782.0
Random Exponential (scale=1) (sample 12),48,3242,1044.0
Random Exponential (scale=1) (sample 12),49,3390,1627.0
Random Exponential (scale=1) (sample 12),50,3540,2395.0
Random Exponential (scale=1) (sample 12),51,3692,805.0
Random Exponential (scale=1) (sample 12),52,3846,1398.0
Random Exponential (scale=1) (sample 12),53,4006,1618.0
Random Exponential (scale=1) (sample 12),54,4170,2674.0
Random Exponential (scale=1) (sample 12),55,4338,4253.0
Random Exponential (scale=1) (sample 12),56,4508,5023.0
Random Exponential (scale=1) (sample 12),57,4680,6304.0
Random Exponential (scale=1) (sample 12),58,4854,10668.0
Random Exponential (scale=1) (sample 12),59,5034,11693.0
Random Exponential (scale=1) (sample 12),60,5218,16429.0
Random Exponential (scale=1) (sample 12),61,5404,9082.0
Random Exponential (scale=1) (sample 12),62,5594,12694.0
Random Exponential (scale=1) (sample 12),63,5786,12911.0
Random Exponential (scale=1) (sample 12),64,5980,17804.0
Random Exponential (scale=1) (sample 12),65,6176,22412.0
Random Exponential (scale=1) (sample 12),66,6378,30100.0
Random Exponential (scale=1) (sample 12),67,6584,48987.0
Random Exponential (scale=1) (sample 12),68,6792,24421.0
Random Exponential (scale=1) (sample 12),69,7002,22671.0
Random Exponential (scale=1) (sample 12),70,7214,34052.0
Random Exponential (scale=1) (sample 12),71,7428,24458.0
Random Exponential (scale=1) (sample 12),72,7644,43346.0
Random Exponential (scale=1) (sample 12),73,7862,31753.0
Random Exponential (scale=1) (sample 12),74,8082,45468.0
Random Exponential (scale=1) (sample 12),75,8314,69188.0
Random Exponential (scale=1) (sample 12),76,8550,138109.0
Random Exponential (scale=1) (sample 12),77,8788,138738.0
Random Exponential (scale=1) (sample 12),78,9028,196822.0
Random Exponential (scale=1) (sample 12),79,9270,317032.0
Random Exponential (scale=1) (sample 12),80,9514,49150.0
Random Exponential (scale=1) (sample 12),81,9760,90706.0
Random Exponential (scale=1) (sample 12),82,10010,122474.0
Random Exponential (scale=1) (sample 12),83,10268,132368.0
Random Exponential (scale=1) (sample 12),84,10528,166990.0
Random Exponential (scale=1) (sample 12),85,10800,291576.0
Random Exponential (scale=1) (sample 12),86,11074,110522.0
Random Exponential (scale=1) (sample 12),87,11352,139662.0
Random Exponential (scale=1) (sample 12),88,11632,121416.0
Random Exponential (scale=1) (sample 12),89,11914,180618.0
Random Exponential (scale=1) (sample 12),90,12202,291675.0
Random Exponential (scale=1) (sample 12),91,12492,206827.0
Random Exponential (scale=1) (sample 12),92,12784,368345.0
Random Exponential (scale=1) (sample 12),93,13082,637606.0
Random Exponential (scale=1) (sample 12),94,13382,406724.0
Random Exponential (scale=1) (sample 12),95,13684,673156.0
Random Exponential (scale=1) (sample 12),96,13990,791200.0
Random Exponential (scale=1) (sample 12),97,14298,1433304.0
Random Exponential (scale=1) (sample 12),98,14612,1377598.0
Random Exponential (scale=1) (sample 12),99,14932,544993.0
Random Exponential (scale=1) (sample 12),100,15254,678793.0
Random Exponential (scale=1) (sample 12),101,15586,1226366.0
Random Exponential (scale=1) (sample 12),102,15924,1877177.0
Random Exponential (scale=1) (sample 12),103,16266,3280760.0
Random Exponential (scale=1) (sample 12),104,16610,3567249.0
Random Exponential (scale=1) (sample 12),105,16956,1918250.0
Random Exponential (scale=1) (sample 12),106,17304,3601422.0
Random Exponential (scale=1) (sample 12),107,17660,2677997.0
Random Exponential (scale=1) (sample 12),108,18020,1959861.0
Random Exponential (scale=1) (sample 12),109,18382,3126801.0
Random Exponential (scale=1) (sample 12),110,18748,1823626.0
Random Exponential (scale=1) (sample 12),111,19116,3628925.0
Random Exponential (scale=1) (sample 12),112,19488,5218802.0
Random Exponential (scale=1) (sample 12),113,19864,3243533.0
Random Exponential (scale=1) (sample 13),1,10,1.0
Random Exponential (scale=1) (sample 13),2,22,1.0
Random Exponential (scale=1) (sample 13),3,38,1.0
Random Exponential (scale=1) (sample 13),4,62,1.0
Random Exponential (scale=1) (sample 13),5,92,2.0
Random Exponential (scale=1) (sample 13),6,124,2.0
Random Exponential (scale=1) (sample 13),7,160,3.0
Random Exponential (scale=1) (sample 13),8,204,6.0
Random Exponential (scale=1) (sample 13),9,250,5.0
Random Exponential (scale=1) (sample 13),10,298,4.0
Random Exponential (scale=1) (sample 13),11,350,6.0
Random Exponential (scale=1) (sample 13),12,404,12.0
Random Exponential (scale=1) (sample 13),13,464,10.0
Random Exponential (scale=1) (sample 13),14,526,13.0
Random Exponential (scale=1) (sample 13),15,590,17.0
Random Exponential (scale=1) (sample 13),16,656,27.0
Random Exponential (scale=1) (sample 13),17,724,38.0
Random Exponential (scale=1) (sample 13),18,796,56.0
Random Exponential (scale=1) (sample 13),19,870,77.0
Random Exponential (scale=1) (sample 13),20,946,101.0
Random Exponential (scale=1) (sample 13),21,1024,126.0
Random Exponential (scale=1) (sample 13),22,1104,206.0
Random Exponential (scale=1) (sample 13),23,1186,307.0
Random Exponential (scale=1) (sample 13),24,1270,431.0
Random Exponential (scale=1) (sample 13),25,1358,629.0
Random Exponential (scale=1) (sample 13),26,1450,906.0
Random Exponential (scale=1) (sample 13),27,1544,1296.0
Random Exponential (scale=1) (sample 13),28,1640,1923.0
Random Exponential (scale=1) (sample 13),29,1742,2560.0
Random Exponential (scale=1) (sample 13),30,1848,3476.0
Random Exponential (scale=1) (sample 13),31,1956,4632.0
Random Exponential (scale=1) (sample 13),32,2068,6130.0
Random Exponential (scale=1) (sample 13),33,2182,8264.0
Random Exponential (scale=1) (sample 13),34,2298,11561.0
Random Exponential (scale=1) (sample 13),35,2416,15888.0
Random Exponential (scale=1) (sample 13),36,2536,22752.0
Random Exponential (scale=1) (sample 13),37,2660,30816.0
Random Exponential (scale=1) (sample 13),38,2786,43382.0
Random Exponential (scale=1) (sample 13),39,2916,58290.0
Random Exponential (scale=1) (sample 13),40,3048,81206.0
Random Exponential (scale=1) (sample 13),41,3182,111992.0
Random Exponential (scale=1) (sample 13),42,3318,159045.0
Random Exponential (scale=1) (sample 13),43,3458,216027.0
Random Exponential (scale=1) (sample 13),44,3600,302170.0
Random Exponential (scale=1) (sample 13),45,3744,419111.0
Random Exponential (scale=1) (sample 13),46,3890,595823.0
Random Exponential (scale=1) (sample 13),47,4042,786050.0
Random Exponential (scale=1) (sample 13),48,4196,1069054.0
Random Exponential (scale=1) (sample 13),49,4352,1447089.0
Random Exponential (scale=1) (sample 13),50,4510,2009011.0
Random Exponential (scale=1) (sample 13),51,4670,2769473.0
Random Exponential (scale=1) (sample 13),52,4832,3905672.0
Random Exponential (scale=1) (sample 13),53,4996,5454202.0
Random Exponential (scale=1) (sample 13),54,5162,7772462.0
Random Exponential (scale=1) (sample 13),55,5334,10360789.0
Random Exponential (scale=1) (sample 13),56,5508,14153132.0
Random Exponential (scale=1) (sample 13),57,5686,18675656.0
Random Exponential (scale=1) (sample 13),58,5872,23005538.0
Random Exponential (scale=1) (sample 13),59,6060,28569554.0
Random Exponential (scale=1) (sample 13),60,6250,36605165.0
Random Exponential (scale=1) (sample 13),61,6444,45596763.0
Random Exponential (scale=1) (sample 13),62,6640,58491426.0
Random Exponential (scale=1) (sample 13),63,6838,75114572.0
Random Exponential (scale=1) (sample 13),64,7040,96092742.0
Random Exponential (scale=1) (sample 13),65,7244,123101186.0
Random Exponential (scale=1) (sample 13),66,7450,161478891.0
Random Exponential (scale=1) (sample 13),67,7660,206008195.0
Random Exponential (scale=1) (sample 13),68,7872,269028344.0
Random Exponential (scale=1) (sample 13),69,8086,350881431.0
Random Exponential (scale=1) (sample 13),70,8302,467130478.0
Random Exponential (scale=1) (sample 13),71,8522,604904771.0
Random Exponential (scale=1) (sample 13),72,8744,799793704.0
Random Exponential (scale=1) (sample 13),73,8968,1054782857.0
Random Exponential (scale=1) (sample 13),74,9194,1416508951.0
Random Exponential (scale=1) (sample 13),75,9430,1716668608.0
Random Exponential (scale=1) (sample 13),76,9668,2136661686.0
Random Exponential (scale=1) (sample 13),77,9908,2669266864.0
Random Exponential (scale=1) (sample 13),78,10150,3409431979.0
Random Exponential (scale=1) (sample 13),79,10394,4359798109.0
Random Exponential (scale=1) (sample 13),80,10644,5418915416.0
Random Exponential (scale=1) (sample 13),81,10896,6758662040.0
Random Exponential (scale=1) (sample 13),82,11150,8610129871.0
Random Exponential (scale=1) (sample 13),83,11406,10981439069.0
Random Exponential (scale=1) (sample 13),84,11664,14265234700.0
Random Exponential (scale=1) (sample 13),85,11924,18511433115.0
Random Exponential (scale=1) (sample 13),86,12186,24426163345.0
Random Exponential (scale=1) (sample 13),87,12450,32165070301.0
Random Exponential (scale=1) (sample 13),88,12716,42997076568.0
Random Exponential (scale=1) (sample 13),89,12984,57292722292.0
Random Exponential (scale=1) (sample 13),90,13262,71242410897.0
Random Exponential (scale=1) (sample 13),91,13542,88875916183.0
Random Exponential (scale=1) (sample 13),92,13824,112996106112.0
Random Exponential (scale=1) (sample 13),93,14110,140788080879.0
Random Exponential (scale=1) (sample 13),94,14398,178712160395.0
Random Exponential (scale=1) (sample 13),95,14688,227090427709.0
Random Exponential (scale=1) (sample 13),96,14980,293300962866.0
Random Exponential (scale=1) (sample 13),97,15276,371272516722.0
Random Exponential (scale=1) (sample 13),98,15574,477679388734.0
Random Exponential (scale=1) (sample 13),99,15880,578856621672.0
Random Exponential (scale=1) (sample 13),100,16188,715374033952.0
Random Exponential (scale=1) (sample 13),101,16498,886647855968.0
Random Exponential (scale=1) (sample 13),102,16810,1117979131467.0
Random Exponential (scale=1) (sample 13),103,17124,1411536331816.0
Random Exponential (scale=1) (sample 13),104,17440,1809860446512.0
Random Exponential (scale=1) (sample 13),105,17762,2235302450861.0
Random Exponential (scale=1) (sample 13),106,18086,2807390723961.0
Random Exponential (scale=1) (sample 13),107,18412,3531211657177.0
Random Exponential (scale=1) (sample 13),108,18740,4509624016886.0
Random Exponential (scale=1) (sample 13),109,19070,5759230873922.0
Random Exponential (scale=1) (sample 13),110,19404,7327914614774.0
Random Exponential (scale=1) (sample 13),111,19740,9326856064125.0
Random Exponential (scale=1) (sample 14),1,4,1.0
Random Exponential (scale=1) (sample 14),2,10,1.0
Random Exponential (scale=1) (sample 14),3,18,1.0
Random Exponential (scale=1) (sample 14),4,28,2.0
Random Exponential (scale=1) (sample 14),5,40,2.0
Random Exponential (scale=1) (sample 14),6,56,2.0
Random Exponential (scale=1) (sample 14),7,74,3.0
Random Exponential (scale=1) (sample 14),8,96,3.0
Random Exponential (scale=1) (sample 14),9,122,2.0
Random Exponential (scale=1) (sample 14),10,154,3.0
Random Exponential (scale=1) (sample 14),11,188,3.0
Random Exponential (scale=1) (sample 14),12,224,4.0
Random Exponential (scale=1) (sample 14),13,262,6.0
Random Exponential (scale=1) (sample 14),14,302,8.0
Random Exponential (scale=1) (sample 14),15,344,8.0
Random Exponential (scale=1) (sample 14),16,388,8.0
Random Exponential (scale=1) (sample 14),17,434,9.0
Random Exponential (scale=1) (sample 14),18,482,15.0
Random Exponential (scale=1) (sample 14),19,532,20.0
Random Exponential (scale=1) (sample 14),20,584,23.0
Random Exponential (scale=1) (sample 14),21,638,23.0
Random Exponential (scale=1) (sample 14),22,694,22.0
Random Exponential (scale=1) (sample 14),23,752,22.0
Random Exponential (scale=1) (sample 14),24,814,29.0
Random Exponential (scale=1) (sample 14),25,880,34.0
Random Exponential (scale=1) (sample 14),26,948,42.0
Random Exponential (scale=1) (sample 14),27,1020,49.0
Random Exponential (scale=1) (sample 14),28,1100,52.0
Random Exponential (scale=1) (sample 14),29,1182,61.0
Random Exponential (scale=1) (sample 14),30,1268,94.0
Random Exponential (scale=1) (sample 14),31,1356,74.0
Random Exponential (scale=1) (sample 14),32,1448,81.0
Random Exponential (scale=1) (sample 14),33,1546,94.0
Random Exponential (scale=1) (sample 14),34,1648,110.0
Random Exponential (scale=1) (sample 14),35,1752,55.0
Random Exponential (scale=1) (sample 14),36,1866,67.0
Random Exponential (scale=1) (sample 14),37,1982,85.0
Random Exponential (scale=1) (sample 14),38,2102,57.0
Random Exponential (scale=1) (sample 14),39,2224,67.0
Random Exponential (scale=1) (sample 14),40,2348,63.0
Random Exponential (scale=1) (sample 14),41,2480,88.0
Random Exponential (scale=1) (sample 14),42,2614,89.0
Random Exponential (scale=1) (sample 14),43,2756,108.0
Random Exponential (scale=1) (sample 14),44,2900,149.0
Random Exponential (scale=1) (sample 14),45,3046,203.0
Random Exponential (scale=1) (sample 14),46,3194,130.0
Random Exponential (scale=1) (sample 14),47,3344,133.0
Random Exponential (scale=1) (sample 14),48,3496,159.0
Random Exponential (scale=1) (sample 14),49,3650,185.0
Random Exponential (scale=1) (sample 14),50,3806,237.0
Random Exponential (scale=1) (sample 14),51,3966,319.0
Random Exponential (scale=1) (sample 14),52,4130,377.0
Random Exponential (scale=1) (sample 14),53,4296,555.0
Random Exponential (scale=1) (sample 14),54,4466,824.0
Random Exponential (scale=1) (sample 14),55,4638,806.0
Random Exponential (scale=1) (sample 14),56,4812,1200.0
Random Exponential (scale=1) (sample 14),57,4988,1646.0
Random Exponential (scale=1) (sample 14),58,5166,1561.0
Random Exponential (scale=1) (sample 14),59,5348,2083.0
Random Exponential (scale=1) (sample 14),60,5532,3332.0
Random Exponential (scale=1) (sample 14),61,5718,4740.0
Random Exponential (scale=1) (sample 14),62,5906,6433.0
Random Exponential (scale=1) (sample 14),63,6096,8955.0
Random Exponential (scale=1) (sample 14),64,6292,10234.0
Random Exponential (scale=1) (sample 14),65,6492,10532.0
Random Exponential (scale=1) (sample 14),66,6694,9360.0
Random Exponential (scale=1) (sample 14),67,6898,8470.0
Random Exponential (scale=1) (sample 14),68,7104,7367.0
Random Exponential (scale=1) (sample 14),69,7312,5771.0
Random Exponential (scale=1) (sample 14),70,7522,5462.0
Random Exponential (scale=1) (sample 14),71,7734,5586.0
Random Exponential (scale=1) (sample 14),72,7950,6526.0
Random Exponential (scale=1) (sample 14),73,8168,7492.0
Random Exponential (scale=1) (sample 14),74,8388,11142.0
Random Exponential (scale=1) (sample 14),75,8610,10741.0
Random Exponential (scale=1) (sample 14),76,8846,12166.0
Random Exponential (scale=1) (sample 14),77,9086,14378.0
Random Exponential (scale=1) (sample 14),78,9328,17959.0
Random Exponential (scale=1) (sample 14),79,9572,25669.0
Random Exponential (scale=1) (sample 14),80,9820,34774.0
Random Exponential (scale=1) (sample 14),81,10070,47618.0
Random Exponential (scale=1) (sample 14),82,10322,55273.0
Random Exponential (scale=1) (sample 14),83,10576,54247.0
Random Exponential (scale=1) (sample 14),84,10832,43927.0
Random Exponential (scale=1) (sample 14),85,11094,41331.0
Random Exponential (scale=1) (sample 14),86,11358,47731.0
Random Exponential (scale=1) (sample 14),87,11628,61772.0
Random Exponential (scale=1) (sample 14),88,11904,81835.0
Random Exponential (scale=1) (sample 14),89,12184,113922.0
Random Exponential (scale=1) (sample 14),90,12470,110872.0
Random Exponential (scale=1) (sample 14),91,12758,97195.0
Random Exponential (scale=1) (sample 14),92,13048,79537.0
Random Exponential (scale=1) (sample 14),93,13340,82123.0
Random Exponential (scale=1) (sample 14),94,13638,97509.0
Random Exponential (scale=1) (sample 14),95,13938,105709.0
Random Exponential (scale=1) (sample 14),96,14242,132142.0
Random Exponential (scale=1) (sample 14),97,14552,141177.0
Random Exponential (scale=1) (sample 14),98,14864,173748.0
Random Exponential (scale=1) (sample 14),99,15182,186934.0
Random Exponential (scale=1) (sample 14),100,15502,226062.0
Random Exponential (scale=1) (sample 14),101,15826,238652.0
Random Exponential (scale=1) (sample 14),102,16154,263432.0
Random Exponential (scale=1) (sample 14),103,16484,263797.0
Random Exponential (scale=1) (sample 14),104,16820,257274.0
Random Exponential (scale=1) (sample 14),105,17160,284295.0
Random Exponential (scale=1) (sample 14),106,17502,328337.0
Random Exponential (scale=1) (sample 14),107,17848,366017.0
Random Exponential (scale=1) (sample 14),108,18196,442340.0
Random Exponential (scale=1) (sample 14),109,18548,477790.0
Random Exponential (scale=1) (sample 14),110,18904,547334.0
Random Exponential (scale=1) (sample 14),111,19262,540340.0
Random Exponential (scale=1) (sample 14),112,19622,641342.0
Random Exponential (scale=1) (sample 14),113,19984,753818.0
Random Exponential (scale=1) (sample 15),1,2,1.0
Random Exponential (scale=1) (sample 15),2,14,1.0
Random Exponential (scale=1) (sample 15),3,28,1.0
Random Exponential (scale=1) (sample 15),4,46,1.0
Random Exponential (scale=1) (sample 15),5,66,1.0
Random Exponential (scale=1) (sample 15),6,88,2.0
Random Exponential (scale=1) (sample 15),7,114,2.0
Random Exponential (scale=1) (sample 15),8,142,3.0
Random Exponential (scale=1) (sample 15),9,172,4.0
Random Exponential (scale=1) (sample 15),10,206,4.0
Random Exponential (scale=1) (sample 15),11,242,7.0
Random Exponential (scale=1) (sample 15),12,280,11.0
Random Exponential (scale=1) (sample 15),13,322,11.0
Random Exponential (scale=1) (sample 15),14,366,17.0
Random Exponential (scale=1) (sample 15),15,412,27.0
Random Exponential (scale=1) (sample 15),16,460,16.0
Random Exponential (scale=1) (sample 15),17,510,19.0
Random Exponential (scale=1) (sample 15),18,564,21.0
Random Exponential (scale=1) (sample 15),19,620,33.0
Random Exponential (scale=1) (sample 15),20,688,41.0
Random Exponential (scale=1) (sample 15),21,758,39.0
Random Exponential (scale=1) (sample 15),22,830,33.0
Random Exponential (scale=1) (sample 15),23,906,47.0
Random Exponential (scale=1) (sample 15),24,988,44.0
Random Exponential (scale=1) (sample 15),25,1074,40.0
Random Exponential (scale=1) (sample 15),26,1162,49.0
Random Exponential (scale=1) (sample 15),27,1254,65.0
Random Exponential (scale=1) (sample 15),28,1348,101.0
Random Exponential (scale=1) (sample 15),29,1444,130.0
Random Exponential (scale=1) (sample 15),30,1542,163.0
Random Exponential (scale=1) (sample 15),31,1642,211.0
Random Exponential (scale=1) (sample 15),32,1744,379.0
Random Exponential (scale=1) (sample 15),33,1848,607.0
Random Exponential (scale=1) (sample 15),34,1958,740.0
Random Exponential (scale=1) (sample 15),35,2072,804.0
Random Exponential (scale=1) (sample 15),36,2190,732.0
Random Exponential (scale=1) (sample 15),37,2310,915.0
Random Exponential (scale=1) (sample 15),38,2434,1081.0
Random Exponential (scale=1) (sample 15),39,2560,1317.0
Random Exponential (scale=1) (sample 15),40,2690,2267.0
Random Exponential (scale=1) (sample 15),41,2828,998.0
Random Exponential (scale=1) (sample 15),42,2968,1624.0
Random Exponential (scale=1) (sample 15),43,3110,1466.0
Random Exponential (scale=1) (sample 15),44,3258,867.0
Random Exponential (scale=1) (sample 15),45,3410,963.0
Random Exponential (scale=1) (sample 15),46,3568,1201.0
Random Exponential (scale=1) (sample 15),47,3730,1784.0
Random Exponential (scale=1) (sample 15),48,3894,1930.0
Random Exponential (scale=1) (sample 15),49,4060,2035.0
Random Exponential (scale=1) (sample 15),50,4228,3187.0
Random Exponential (scale=1) (sample 15),51,4398,2140.0
Random Exponential (scale=1) (sample 15),52,4570,3596.0
Random Exponential (scale=1) (sample 15),53,4744,4571.0
Random Exponential (scale=1) (sample 15),54,4920,4314.0
Random Exponential (scale=1) (sample 15),55,5098,6305.0
Random Exponential (scale=1) (sample 15),56,5278,7664.0
Random Exponential (scale=1) (sample 15),57,5460,9865.0
Random Exponential (scale=1) (sample 15),58,5648,14573.0
Random Exponential (scale=1) (sample 15),59,5838,16605.0
Random Exponential (scale=1) (sample 15),60,6030,16511.0
Random Exponential (scale=1) (sample 15),61,6224,21861.0
Random Exponential (scale=1) (sample 15),62,6422,27863.0
Random Exponential (scale=1) (sample 15),63,6622,39439.0
Random Exponential (scale=1) (sample 15),64,6824,34648.0
Random Exponential (scale=1) (sample 15),65,7028,48707.0
Random Exponential (scale=1) (sample 15),66,7236,64022.0
Random Exponential (scale=1) (sample 15),67,7448,74552.0
Random Exponential (scale=1) (sample 15),68,7662,97703.0
Random Exponential (scale=1) (sample 15),69,7878,129378.0
Random Exponential (scale=1) (sample 15),70,8100,168322.0
Random Exponential (scale=1) (sample 15),71,8324,203023.0
Random Exponential (scale=1) (sample 15),72,8550,256263.0
Random Exponential (scale=1) (sample 15),73,8778,339023.0
Random Exponential (scale=1) (sample 15),74,9008,463718.0
Random Exponential (scale=1) (sample 15),75,9240,599227.0
Random Exponential (scale=1) (sample 15),76,9474,780089.0
Random Exponential (scale=1) (sample 15),77,9710,1047251.0
Random Exponential (scale=1) (sample 15),78,9948,1439186.0
Random Exponential (scale=1) (sample 15),79,10188,1922290.0
Random Exponential (scale=1) (sample 15),80,10432,2601728.0
Random Exponential (scale=1) (sample 15),81,10682,3274133.0
Random Exponential (scale=1) (sample 15),82,10936,4180918.0
Random Exponential (scale=1) (sample 15),83,11192,5307353.0
Random Exponential (scale=1) (sample 15),84,11450,6865666.0
Random Exponential (scale=1) (sample 15),85,11710,8983237.0
Random Exponential (scale=1) (sample 15),86,11974,11568063.0
Random Exponential (scale=1) (sample 15),87,12242,14804049.0
Random Exponential (scale=1) (sample 15),88,12512,19056734.0
Random Exponential (scale=1) (sample 15),89,12786,24008779.0
Random Exponential (scale=1) (sample 15),90,13062,30805499.0
Random Exponential (scale=1) (sample 15),91,13340,39695680.0
Random Exponential (scale=1) (sample 15),92,13620,52014679.0
Random Exponential (scale=1) (sample 15),93,13908,63958754.0
Random Exponential (scale=1) (sample 15),94,14198,79761047.0
Random Exponential (scale=1) (sample 15),95,14490,100419833.0
Random Exponential (scale=1) (sample 15),96,14788,122965674.0
Random Exponential (scale=1) (sample 15),97,15088,151290824.0
Random Exponential (scale=1) (sample 15),98,15390,189155479.0
Random Exponential (scale=1) (sample 15),99,15698,228590121.0
Random Exponential (scale=1) (sample 15),100,16008,281062982.0
Random Exponential (scale=1) (sample 15),101,16320,346986789.0
Random Exponential (scale=1) (sample 15),102,16634,435094359.0
Random Exponential (scale=1) (sample 15),103,16954,527156405.0
Random Exponential (scale=1) (sample 15),104,17278,636118346.0
Random Exponential (scale=1) (sample 15),105,17604,773402314.0
Random Exponential (scale=1) (sample 15),106,17934,936549856.0
Random Exponential (scale=1) (sample 15),107,18268,1118782417.0
Random Exponential (scale=1) (sample 15),108,18608,1309310456.0
Random Exponential (scale=1) (sample 15),109,18952,1512385649.0
Random Exponential (scale=1) (sample 15),110,19298,1783004532.0
Random Exponential (scale=1) (sample 15),111,19646,2118742951.0
Random Exponential (scale=1) (sample 15),112,19998,2512850402.0
Random Exponential (scale=1) (sample 16),1,2,1.0
Random Exponential (scale=1) (sample 16),2,6,1.0
Random Exponential (scale=1) (sample 16),3,14,1.0
Random Exponential (scale=1) (sample 16),4,24,2.0
Random Exponential (scale=1) (sample 16),5,36,1.0
Random Exponential (scale=1) (sample 16),6,50,1.0
Random Exponential (scale=1) (sample 16),7,68,2.0
Random Exponential (scale=1) (sample 16),8,88,4.0
Random Exponential (scale=1) (sample 16),9,112,5.0
Random Exponential (scale=1) (sample 16),10,138,5.0
Random Exponential (scale=1) (sample 16),11,166,4.0
Random Exponential (scale=1) (sample 16),12,200,6.0
Random Exponential (scale=1) (sample 16),13,240,10.0
Random Exponential (scale=1) (sample 16),14,282,14.0
Random Exponential (scale=1) (sample 16),15,326,11.0
Random Exponential (scale=1) (sample 16),16,374,9.0
Random Exponential (scale=1) (sample 16),17,424,18.0
Random Exponential (scale=1) (sample 16),18,476,17.0
Random Exponential (scale=1) (sample 16),19,530,11.0
Random Exponential (scale=1) (sample 16),20,588,17.0
Random Exponential (scale=1) (sample 16),21,650,14.0
Random Exponential (scale=1) (sample 16),22,714,27.0
Random Exponential (scale=1) (sample 16),23,780,33.0
Random Exponential (scale=1) (sample 16),24,848,18.0
Random Exponential (scale=1) (sample 16),25,920,27.0
Random Exponential (scale=1) (sample 16),26,996,16.0
Random Exponential (scale=1) (sample 16),27,1076,24.0
Random Exponential (scale=1) (sample 16),28,1158,27.0
Random Exponential (scale=1) (sample 16),29,1242,27.0
Random Exponential (scale=1) (sample 16),30,1328,27.0
Random Exponential (scale=1) (sample 16),31,1420,24.0
Random Exponential (scale=1) (sample 16),32,1514,45.0
Random Exponential (scale=1) (sample 16),33,1614,75.0
Random Exponential (scale=1) (sample 16),34,1718,68.0
Random Exponential (scale=1) (sample 16),35,1826,119.0
Random Exponential (scale=1) (sample 16),36,1936,162.0
Random Exponential (scale=1) (sample 16),37,2048,121.0
Random Exponential (scale=1) (sample 16),38,2162,200.0
Random Exponential (scale=1) (sample 16),39,2278,241.0
Random Exponential (scale=1) (sample 16),40,2396,374.0
Random Exponential (scale=1) (sample 16),41,2516,104.0
Random Exponential (scale=1) (sample 16),42,2638,118.0
Random Exponential (scale=1) (sample 16),43,2766,107.0
Random Exponential (scale=1) (sample 16),44,2896,107.0
Random Exponential (scale=1) (sample 16),45,3028,182.0
Random Exponential (scale=1) (sample 16),46,3166,190.0
Random Exponential (scale=1) (sample 16),47,3306,234.0
Random Exponential (scale=1) (sample 16),48,3450,223.0
Random Exponential (scale=1) (sample 16),49,3596,373.0
Random Exponential (scale=1) (sample 16),50,3744,373.0
Random Exponential (scale=1) (sample 16),51,3894,285.0
Random Exponential (scale=1) (sample 16),52,4046,249.0
Random Exponential (scale=1) (sample 16),53,4204,313.0
Random Exponential (scale=1) (sample 16),54,4370,280.0
Random Exponential (scale=1) (sample 16),55,4538,473.0
Random Exponential (scale=1) (sample 16),56,4710,538.0
Random Exponential (scale=1) (sample 16),57,4888,477.0
Random Exponential (scale=1) (sample 16),58,5068,539.0
Random Exponential (scale=1) (sample 16),59,5250,849.0
Random Exponential (scale=1) (sample 16),60,5436,1444.0
Random Exponential (scale=1) (sample 16),61,5624,984.0
Random Exponential (scale=1) (sample 16),62,5820,1353.0
Random Exponential (scale=1) (sample 16),63,6018,1498.0
Random Exponential (scale=1) (sample 16),64,6222,2004.0
Random Exponential (scale=1) (sample 16),65,6428,2001.0
Random Exponential (scale=1) (sample 16),66,6638,2912.0
Random Exponential (scale=1) (sample 16),67,6852,3188.0
Random Exponential (scale=1) (sample 16),68,7068,2808.0
Random Exponential (scale=1) (sample 16),69,7288,4491.0
Random Exponential (scale=1) (sample 16),70,7510,3279.0
Random Exponential (scale=1) (sample 16),71,7734,5165.0
Random Exponential (scale=1) (sample 16),72,7962,5005.0
Random Exponential (scale=1) (sample 16),73,8192,4869.0
Random Exponential (scale=1) (sample 16),74,8424,5668.0
Random Exponential (scale=1) (sample 16),75,8660,4606.0
Random Exponential (scale=1) (sample 16),76,8904,4641.0
Random Exponential (scale=1) (sample 16),77,9150,6667.0
Random Exponential (scale=1) (sample 16),78,9398,7021.0
Random Exponential (scale=1) (sample 16),79,9648,5782.0
Random Exponential (scale=1) (sample 16),80,9902,5964.0
Random Exponential (scale=1) (sample 16),81,10158,5927.0
Random Exponential (scale=1) (sample 16),82,10416,7508.0
Random Exponential (scale=1) (sample 16),83,10682,11217.0
Random Exponential (scale=1) (sample 16),84,10950,10489.0
Random Exponential (scale=1) (sample 16),85,11220,7119.0
Random Exponential (scale=1) (sample 16),86,11494,9129.0
Random Exponential (scale=1) (sample 16),87,11770,13994.0
Random Exponential (scale=1) (sample 16),88,12048,20093.0
Random Exponential (scale=1) (sample 16),89,12328,15909.0
Random Exponential (scale=1) (sample 16),90,12610,16034.0
Random Exponential (scale=1) (sample 16),91,12902,18592.0
Random Exponential (scale=1) (sample 16),92,13196,25206.0
Random Exponential (scale=1) (sample 16),93,13492,32932.0
Random Exponential (scale=1) (sample 16),94,13796,52564.0
Random Exponential (scale=1) (sample 16),95,14112,79781.0
Random Exponential (scale=1) (sample 16),96,14430,61425.0
Random Exponential (scale=1) (sample 16),97,14754,109143.0
Random Exponential (scale=1) (sample 16),98,15082,103961.0
Random Exponential (scale=1) (sample 16),99,15412,49191.0
Random Exponential (scale=1) (sample 16),100,15746,82993.0
Random Exponential (scale=1) (sample 16),101,16082,136340.0
Random Exponential (scale=1) (sample 16),102,16420,87831.0
Random Exponential (scale=1) (sample 16),103,16760,73705.0
Random Exponential (scale=1) (sample 16),104,17102,96991.0
Random Exponential (scale=1) (sample 16),105,17450,75470.0
Random Exponential (scale=1) (sample 16),106,17800,58760.0
Random Exponential (scale=1) (sample 16),107,18152,101200.0
Random Exponential (scale=1) (sample 16),108,18506,146327.0
Random Exponential (scale=1) (sample 16),109,18864,133980.0
Random Exponential (scale=1) (sample 16),110,19226,214742.0
Random Exponential (scale=1) (sample 16),111,19590,277500.0
Random Exponential (scale=1) (sample 16),112,19958,332417.0
Random Exponential (scale=1) (sample 17),1,6,1.0
Random Exponential (scale=1) (sample 17),2,14,1.0
Random Exponential (scale=1) (sample 17),3,28,1.0
Random Exponential (scale=1) (sample 17),4,44,2.0
Random Exponential (scale=1) (sample 17),5,62,2.0
Random Exponential (scale=1) (sample 17),6,84,2.0
Random Exponential (scale=1) (sample 17),7,114,2.0
Random Exponential (scale=1) (sample 17),8,146,3.0
Random Exponential (scale=1) (sample 17),9,182,4.0
Random Exponential (scale=1) (sample 17),10,220,6.0
Random Exponential (scale=1) (sample 17),11,262,7.0
Random Exponential (scale=1) (sample 17),12,306,8.0
Random Exponential (scale=1) (sample 17),13,352,8.0
Random Exponential (scale=1) (sample 17),14,400,12.0
Random Exponential (scale=1) (sample 17),15,450,13.0
Random Exponential (scale=1) (sample 17),16,502,13.0
Random Exponential (scale=1) (sample 17),17,556,17.0
Random Exponential (scale=1) (sample 17),18,612,24.0
Random Exponential (scale=1) (sample 17),19,670,36.0
Random Exponential (scale=1) (sample 17),20,730,49.0
Random Exponential (scale=1) (sample 17),21,792,71.0
Random Exponential (scale=1) (sample 17),22,856,110.0
Random Exponential (scale=1) (sample 17),23,926,132.0
Random Exponential (scale=1) (sample 17),24,1006,117.0
Random Exponential (scale=1) (sample 17),25,1090,124.0
Random Exponential (scale=1) (sample 17),26,1176,137.0
Random Exponential (scale=1) (sample 17),27,1264,151.0
Random Exponential (scale=1) (sample 17),28,1356,194.0
Random Exponential (scale=1) (sample 17),29,1450,208.0
Random Exponential (scale=1) (sample 17),30,1546,277.0
Random Exponential (scale=1) (sample 17),31,1646,325.0
Random Exponential (scale=1) (sample 17),32,1752,352.0
Random Exponential (scale=1) (sample 17),33,1860,403.0
Random Exponential (scale=1) (sample 17),34,1972,476.0
Random Exponential (scale=1) (sample 17),35,2088,571.0
Random Exponential (scale=1) (sample 17),36,2206,753.0
Random Exponential (scale=1) (sample 17),37,2326,889.0
Random Exponential (scale=1) (sample 17),38,2448,1339.0
Random Exponential (scale=1) (sample 17),39,2572,1841.0
Random Exponential (scale=1) (sample 17),40,2700,2440.0
Random Exponential (scale=1) (sample 17),41,2830,3295.0
Random Exponential (scale=1) (sample 17),42,2962,4224.0
Random Exponential (scale=1) (sample 17),43,3096,5453.0
Random Exponential (scale=1) (sample 17),44,3232,6459.0
Random Exponential (scale=1) (sample 17),45,3370,8106.0
Random Exponential (scale=1) (sample 17),46,3512,8804.0
Random Exponential (scale=1) (sample 17),47,3666,8333.0
Random Exponential (scale=1) (sample 17),48,3822,8745.0
Random Exponential (scale=1) (sample 17),49,3980,10440.0
Random Exponential (scale=1) (sample 17),50,4140,12371.0
Random Exponential (scale=1) (sample 17),51,4302,15713.0
Random Exponential (scale=1) (sample 17),52,4468,19444.0
Random Exponential (scale=1) (sample 17),53,4636,25283.0
Random Exponential (scale=1) (sample 17),54,4810,30120.0
Random Exponential (scale=1) (sample 17),55,4986,36990.0
Random Exponential (scale=1) (sample 17),56,5164,41452.0
Random Exponential (scale=1) (sample 17),57,5344,54108.0
Random Exponential (scale=1) (sample 17),58,5528,57573.0
Random Exponential (scale=1) (sample 17),59,5714,87915.0
Random Exponential (scale=1) (sample 17),60,5904,106099.0
Random Exponential (scale=1) (sample 17),61,6096,162653.0
Random Exponential (scale=1) (sample 17),62,6290,220465.0
Random Exponential (scale=1) (sample 17),63,6488,332328.0
Random Exponential (scale=1) (sample 17),64,6692,396589.0
Random Exponential (scale=1) (sample 17),65,6898,504714.0
Random Exponential (scale=1) (sample 17),66,7108,528821.0
Random Exponential (scale=1) (sample 17),67,7320,581562.0
Random Exponential (scale=1) (sample 17),68,7534,598809.0
Random Exponential (scale=1) (sample 17),69,7750,678803.0
Random Exponential (scale=1) (sample 17),70,7970,752412.0
Random Exponential (scale=1) (sample 17),71,8192,921136.0
Random Exponential (scale=1) (sample 17),72,8416,1171527.0
Random Exponential (scale=1) (sample 17),73,8642,1498758.0
Random Exponential (scale=1) (sample 17),74,8878,1755145.0
Random Exponential (scale=1) (sample 17),75,9116,2076365.0
Random Exponential (scale=1) (sample 17),76,9356,2526852.0
Random Exponential (scale=1) (sample 17),77,9598,3092099.0
Random Exponential (scale=1) (sample 17),78,9844,3768794.0
Random Exponential (scale=1) (sample 17),79,10094,4515100.0
Random Exponential (scale=1) (sample 17),80,10346,5539383.0
Random Exponential (scale=1) (sample 17),81,10600,6809659.0
Random Exponential (scale=1) (sample 17),82,10856,8588562.0
Random Exponential (scale=1) (sample 17),83,11116,10539628.0
Random Exponential (scale=1) (sample 17),84,11378,13294782.0
Random Exponential (scale=1) (sample 17),85,11646,15912320.0
Random Exponential (scale=1) (sample 17),86,11916,19645152.0
Random Exponential (scale=1) (sample 17),87,12190,23533850.0
Random Exponential (scale=1) (sample 17),88,12466,29223212.0
Random Exponential (scale=1) (sample 17),89,12746,35003384.0
Random Exponential (scale=1) (sample 17),90,13028,43732054.0
Random Exponential (scale=1) (sample 17),91,13312,53415676.0
Random Exponential (scale=1) (sample 17),92,13598,68474174.0
Random Exponential (scale=1) (sample 17),93,13886,85182925.0
Random Exponential (scale=1) (sample 17),94,14176,111117282.0
Random Exponential (scale=1) (sample 17),95,14468,140957292.0
Random Exponential (scale=1) (sample 17),96,14762,185485214.0
Random Exponential (scale=1) (sample 17),97,15058,240323520.0
Random Exponential (scale=1) (sample 17),98,15360,306202756.0
Random Exponential (scale=1) (sample 17),99,15664,389442211.0
Random Exponential (scale=1) (sample 17),100,15970,503081185.0
Random Exponential (scale=1) (sample 17),101,16278,649583906.0
Random Exponential (scale=1) (sample 17),102,16588,850650380.0
Random Exponential (scale=1) (sample 17),103,16902,1092231433.0
Random Exponential (scale=1) (sample 17),104,17218,1422660530.0
Random Exponential (scale=1) (sample 17),105,17538,1818349835.0
Random Exponential (scale=1) (sample 17),106,17860,2357698604.0
Random Exponential (scale=1) (sample 17),107,18184,3054065688.0
Random Exponential (scale=1) (sample 17),108,18510,4008454687.0
Random Exponential (scale=1) (sample 17),109,18840,5164306420.0
Random Exponential (scale=1) (sample 17),110,19176,6512052554.0
Random Exponential (scale=1) (sample 17),111,19514,8220222598.0
Random Exponential (scale=1) (sample 17),112,19854,10526243137.0
Random Exponential (scale=1) (sample 18),1,4,1.0
Random Exponential (scale=1) (sample 18),2,12,1.0
Random Exponential (scale=1) (sample 18),3,38,1.0
Random Exponential (scale=1) (sample 18),4,74,1.0
Random Exponential (scale=1) (sample 18),5,114,2.0
Random Exponential (scale=1) (sample 18),6,156,2.0
Random Exponential (scale=1) (sample 18),7,200,1.0
Random Exponential (scale=1) (sample 18),8,246,2.0
Random Exponential (scale=1) (sample 18),9,296,2.0
Random Exponential (scale=1) (sample 18),10,348,3.0
Random Exponential (scale=1) (sample 18),11,402,3.0
Random Exponential (scale=1) (sample 18),12,462,6.0
Random Exponential (scale=1) (sample 18),13,524,6.0
Random Exponential (scale=1) (sample 18),14,588,10.0
Random Exponential (scale=1) (sample 18),15,658,16.0
Random Exponential (scale=1) (sample 18),16,730,26.0
Random Exponential (scale=1) (sample 18),17,806,23.0
Random Exponential (scale=1) (sample 18),18,886,28.0
Random Exponential (scale=1) (sample 18),19,968,44.0
Random Exponential (scale=1) (sample 18),20,1052,64.0
Random Exponential (scale=1) (sample 18),21,1140,82.0
Random Exponential (scale=1) (sample 18),22,1230,106.0
Random Exponential (scale=1) (sample 18),23,1328,126.0
Random Exponential (scale=1) (sample 18),24,1430,197.0
Random Exponential (scale=1) (sample 18),25,1538,246.0
Random Exponential (scale=1) (sample 18),26,1650,352.0
Random Exponential (scale=1) (sample 18),27,1764,396.0
Random Exponential (scale=1) (sample 18),28,1882,541.0
Random Exponential (scale=1) (sample 18),29,2002,906.0
Random Exponential (scale=1) (sample 18),30,2126,837.0
Random Exponential (scale=1) (sample 18),31,2254,1108.0
Random Exponential (scale=1) (sample 18),32,2384,1754.0
Random Exponential (scale=1) (sample 18),33,2518,1926.0
Random Exponential (scale=1) (sample 18),34,2654,2411.0
Random Exponential (scale=1) (sample 18),35,2792,3494.0
Random Exponential (scale=1) (sample 18),36,2932,4982.0
Random Exponential (scale=1) (sample 18),37,3074,6787.0
Random Exponential (scale=1) (sample 18),38,3220,9412.0
Random Exponential (scale=1) (sample 18),39,3368,13557.0
Random Exponential (scale=1) (sample 18),40,3518,20311.0
Random Exponential (scale=1) (sample 18),41,3670,29704.0
Random Exponential (scale=1) (sample 18),42,3828,42706.0
Random Exponential (scale=1) (sample 18),43,3990,57046.0
Random Exponential (scale=1) (sample 18),44,4154,70469.0
Random Exponential (scale=1) (sample 18),45,4320,98921.0
Random Exponential (scale=1) (sample 18),46,4490,138901.0
Random Exponential (scale=1) (sample 18),47,4662,191358.0
Random Exponential (scale=1) (sample 18),48,4840,260022.0
Random Exponential (scale=1) (sample 18),49,5026,325982.0
Random Exponential (scale=1) (sample 18),50,5214,424806.0
Random Exponential (scale=1) (sample 18),51,5410,517782.0
Random Exponential (scale=1) (sample 18),52,5614,587343.0
Random Exponential (scale=1) (sample 18),53,5820,708911.0
Random Exponential (scale=1) (sample 18),54,6030,822271.0
Random Exponential (scale=1) (sample 18),55,6244,995570.0
Random Exponential (scale=1) (sample 18),56,6460,1288914.0
Random Exponential (scale=1) (sample 18),57,6678,1647278.0
Random Exponential (scale=1) (sample 18),58,6898,1946620.0
Random Exponential (scale=1) (sample 18),59,7120,2442195.0
Random Exponential (scale=1) (sample 18),60,7346,3216337.0
Random Exponential (scale=1) (sample 18),61,7576,3970783.0
Random Exponential (scale=1) (sample 18),62,7810,5111206.0
Random Exponential (scale=1) (sample 18),63,8048,6453954.0
Random Exponential (scale=1) (sample 18),64,8288,8107760.0
Random Exponential (scale=1) (sample 18),65,8530,10493646.0
Random Exponential (scale=1) (sample 18),66,8774,13978709.0
Random Exponential (scale=1) (sample 18),67,9020,18787277.0
Random Exponential (scale=1) (sample 18),68,9268,25571900.0
Random Exponential (scale=1) (sample 18),69,9518,34484798.0
Random Exponential (scale=1) (sample 18),70,9770,48035047.0
Random Exponential (scale=1) (sample 18),71,10024,66394584.0
Random Exponential (scale=1) (sample 18),72,10284,90257558.0
Random Exponential (scale=1) (sample 18),73,10546,122191789.0
Random Exponential (scale=1) (sample 18),74,10810,169223683.0
Random Exponential (scale=1) (sample 18),75,11076,232926372.0
Random Exponential (scale=1) (sample 18),76,11350,309318170.0
Random Exponential (scale=1) (sample 18),77,11626,410434801.0
Random Exponential (scale=1) (sample 18),78,11904,556395668.0
Random Exponential (scale=1) (sample 18),79,12184,753082758.0
Random Exponential (scale=1) (sample 18),80,12466,1038287355.0
Random Exponential (scale=1) (sample 18),81,12752,1402922460.0
Random Exponential (scale=1) (sample 18),82,13044,1862038030.0
Random Exponential (scale=1) (sample 18),83,13338,2472883367.0
Random Exponential (scale=1) (sample 18),84,13636,3287581378.0
Random Exponential (scale=1) (sample 18),85,13936,4372487771.0
Random Exponential (scale=1) (sample 18),86,14238,5922909463.0
Random Exponential (scale=1) (sample 18),87,14542,8014278499.0
Random Exponential (scale=1) (sample 18),88,14848,11024090246.0
Random Exponential (scale=1) (sample 18),89,15158,14882401546.0
Random Exponential (scale=1) (sample 18),90,15472,20091986226.0
Random Exponential (scale=1) (sample 18),91,15796,25287095055.0
Random Exponential (scale=1) (sample 18),92,16124,31952647644.0
Random Exponential (scale=1) (sample 18),93,16454,40555461821.0
Random Exponential (scale=1) (sample 18),94,16788,51628220988.0
Random Exponential (scale=1) (sample 18),95,17124,65954238038.0
Random Exponential (scale=1) (sample 18),96,17462,85903313660.0
Random Exponential (scale=1) (sample 18),97,17802,112071757616.0
Random Exponential (scale=1) (sample 18),98,18144,148718105526.0
Random Exponential (scale=1) (sample 18),99,18488,197345730438.0
Random Exponential (scale=1) (sample 18),100,18834,265980677346.0
Random Exponential (scale=1) (sample 18),101,19182,358152534124.0
Random Exponential (scale=1) (sample 18),102,19532,489101613610.0
Random Exponential (scale=1) (sample 18),103,19884,666652903970.0
Random Exponential (scale=1) (sample 19),1,2,1.0
Random Exponential (scale=1) (sample 19),2,6,1.0
Random Exponential (scale=1) (sample 19),3,12,1.0
Random Exponential (scale=1) (sample 19),4,20,2.0
Random Exponential (scale=1) (sample 19),5,30,1.0
Random Exponential (scale=1) (sample 19),6,42,2.0
Random Exponential (scale=1) (sample 19),7,58,2.0
Random Exponential (scale=1) (sample 19),8,78,3.0
Random Exponential (scale=1) (sample 19),9,100,3.0
Random Exponential (scale=1) (sample 19),10,124,3.0
Random Exponential (scale=1) (sample 19),11,150,4.0
Random Exponential (scale=1) (sample 19),12,178,3.0
Random Exponential (scale=1) (sample 19),13,208,5.0
Random Exponential (scale=1) (sample 19),14,244,3.0
Random Exponential (scale=1) (sample 19),15,286,4.0
Random Exponential (scale=1) (sample 19),16,330,6.0
Random Exponential (scale=1) (sample 19),17,376,7.0
Random Exponential (scale=1) (sample 19),18,426,6.0
Random Exponential (scale=1) (sample 19),19,478,7.0
Random Exponential (scale=1) (sample 19),20,532,6.0
Random Exponential (scale=1) (sample 19),21,590,5.0
Random Exponential (scale=1) (sample 19),22,650,9.0
Random Exponential (scale=1) (sample 19),23,712,9.0
Random Exponential (scale=1) (sample 19),24,776,9.0
Random Exponential (scale=1) (sample 19),25,842,13.0
Random Exponential (scale=1) (sample 19),26,912,19.0
Random Exponential (scale=1) (sample 19),27,984,21.0
Random Exponential (scale=1) (sample 19),28,1058,15.0
Random Exponential (scale=1) (sample 19),29,1134,17.0
Random Exponential (scale=1) (sample 19),30,1214,17.0
Random Exponential (scale=1) (sample 19),31,1298,26.0
Random Exponential (scale=1) (sample 19),32,1384,40.0
Random Exponential (scale=1) (sample 19),33,1472,28.0
Random Exponential (scale=1) (sample 19),34,1570,46.0
Random Exponential (scale=1) (sample 19),35,1670,73.0
Random Exponential (scale=1) (sample 19),36,1774,108.0
Random Exponential (scale=1) (sample 19),37,1880,180.0
Random Exponential (scale=1) (sample 19),38,1990,136.0
Random Exponential (scale=1) (sample 19),39,2102,200.0
Random Exponential (scale=1) (sample 19),40,2216,321.0
Random Exponential (scale=1) (sample 19),41,2332,99.0
Random Exponential (scale=1) (sample 19),42,2450,147.0
Random Exponential (scale=1) (sample 19),43,2572,138.0
Random Exponential (scale=1) (sample 19),44,2696,139.0
Random Exponential (scale=1) (sample 19),45,2826,118.0
Random Exponential (scale=1) (sample 19),46,2960,177.0
Random Exponential (scale=1) (sample 19),47,3098,277.0
Random Exponential (scale=1) (sample 19),48,3242,472.0
Random Exponential (scale=1) (sample 19),49,3388,332.0
Random Exponential (scale=1) (sample 19),50,3538,310.0
Random Exponential (scale=1) (sample 19),51,3690,462.0
Random Exponential (scale=1) (sample 19),52,3844,447.0
Random Exponential (scale=1) (sample 19),53,4000,693.0
Random Exponential (scale=1) (sample 19),54,4158,858.0
Random Exponential (scale=1) (sample 19),55,4318,654.0
Random Exponential (scale=1) (sample 19),56,4484,1030.0
Random Exponential (scale=1) (sample 19),57,4654,299.0
Random Exponential (scale=1) (sample 19),58,4826,497.0
Random Exponential (scale=1) (sample 19),59,5000,703.0
Random Exponential (scale=1) (sample 19),60,5178,1170.0
Random Exponential (scale=1) (sample 19),61,5360,623.0
Random Exponential (scale=1) (sample 19),62,5544,853.0
Random Exponential (scale=1) (sample 19),63,5730,1149.0
Random Exponential (scale=1) (sample 19),64,5918,1182.0
Random Exponential (scale=1) (sample 19),65,6108,1371.0
Random Exponential (scale=1) (sample 19),66,6304,2541.0
Random Exponential (scale=1) (sample 19),67,6502,1549.0
Random Exponential (scale=1) (sample 19),68,6704,2792.0
Random Exponential (scale=1) (sample 19),69,6908,1156.0
Random Exponential (scale=1) (sample 19),70,7116,2013.0
Random Exponential (scale=1) (sample 19),71,7328,3447.0
Random Exponential (scale=1) (sample 19),72,7542,5344.0
Random Exponential (scale=1) (sample 19),73,7760,9959.0
Random Exponential (scale=1) (sample 19),74,7980,13636.0
Random Exponential (scale=1) (sample 19),75,8210,26975.0
Random Exponential (scale=1) (sample 19),76,8442,22090.0
Random Exponential (scale=1) (sample 19),77,8676,27458.0
Random Exponential (scale=1) (sample 19),78,8914,14345.0
Random Exponential (scale=1) (sample 19),79,9154,20582.0
Random Exponential (scale=1) (sample 19),80,9400,34668.0
Random Exponential (scale=1) (sample 19),81,9648,59042.0
Random Exponential (scale=1) (sample 19),82,9898,13004.0
Random Exponential (scale=1) (sample 19),83,10152,16379.0
Random Exponential (scale=1) (sample 19),84,10414,16747.0
Random Exponential (scale=1) (sample 19),85,10678,31956.0
Random Exponential (scale=1) (sample 19),86,10944,36046.0
Random Exponential (scale=1) (sample 19),87,11212,53366.0
Random Exponential (scale=1) (sample 19),88,11484,41523.0
Random Exponential (scale=1) (sample 19),89,11758,30156.0
Random Exponential (scale=1) (sample 19),90,12034,54587.0
Random Exponential (scale=1) (sample 19),91,12312,41591.0
Random Exponential (scale=1) (sample 19),92,12592,68737.0
Random Exponential (scale=1) (sample 19),93,12876,71167.0
Random Exponential (scale=1) (sample 19),94,13166,12101.0
Random Exponential (scale=1) (sample 19),95,13458,10960.0
Random Exponential (scale=1) (sample 19),96,13752,12304.0
Random Exponential (scale=1) (sample 19),97,14048,12673.0
Random Exponential (scale=1) (sample 19),98,14346,15180.0
Random Exponential (scale=1) (sample 19),99,14648,21064.0
Random Exponential (scale=1) (sample 19),100,14956,28344.0
Random Exponential (scale=1) (sample 19),101,15266,30124.0
Random Exponential (scale=1) (sample 19),102,15578,40174.0
Random Exponential (scale=1) (sample 19),103,15892,59461.0
Random Exponential (scale=1) (sample 19),104,16208,80087.0
Random Exponential (scale=1) (sample 19),105,16528,60543.0
Random Exponential (scale=1) (sample 19),106,16852,48058.0
Random Exponential (scale=1) (sample 19),107,17180,78347.0
Random Exponential (scale=1) (sample 19),108,17512,124277.0
Random Exponential (scale=1) (sample 19),109,17846,149456.0
Random Exponential (scale=1) (sample 19),110,18188,205054.0
Random Exponential (scale=1) (sample 19),111,18532,368141.0
Random Exponential (scale=1) (sample 19),112,18878,639316.0
Random Exponential (scale=1) (sample 19),113,19226,1148441.0
Random Exponential (scale=1) (sample 19),114,19578,883437.0
Random Exponential (scale=1) (sample 19),115,19942,1644330.0
Random Exponential (scale=1) (sample 20),1,2,1.0
Random Exponential (scale=1) (sample 20),2,6,1.0
Random Exponential (scale=1) (sample 20),3,12,1.0
Random Exponential (scale=1) (sample 20),4,20,2.0
Random Exponential (scale=1) (sample 20),5,30,1.0
Random Exponential (scale=1) (sample 20),6,44,1.0
Random Exponential (scale=1) (sample 20),7,60,1.0
Random Exponential (scale=1) (sample 20),8,78,2.0
Random Exponential (scale=1) (sample 20),9,100,2.0
Random Exponential (scale=1) (sample 20),10,126,1.0
Random Exponential (scale=1) (sample 20),11,154,2.0
Random Exponential (scale=1) (sample 20),12,192,2.0
Random Exponential (scale=1) (sample 20),13,234,4.0
Random Exponential (scale=1) (sample 20),14,280,3.0
Random Exponential (scale=1) (sample 20),15,330,4.0
Random Exponential (scale=1) (sample 20),16,388,3.0
Random Exponential (scale=1) (sample 20),17,448,4.0
Random Exponential (scale=1) (sample 20),18,510,7.0
Random Exponential (scale=1) (sample 20),19,574,5.0
Random Exponential (scale=1) (sample 20),20,644,8.0
Random Exponential (scale=1) (sample 20),21,720,11.0
Random Exponential (scale=1) (sample 20),22,798,11.0
Random Exponential (scale=1) (sample 20),23,880,11.0
Random Exponential (scale=1) (sample 20),24,964,20.0
Random Exponential (scale=1) (sample 20),25,1052,21.0
Random Exponential (scale=1) (sample 20),26,1148,33.0
Random Exponential (scale=1) (sample 20),27,1246,38.0
Random Exponential (scale=1) (sample 20),28,1348,43.0
Random Exponential (scale=1) (sample 20),29,1456,48.0
Random Exponential (scale=1) (sample 20),30,1566,64.0
Random Exponential (scale=1) (sample 20),31,1678,61.0
Random Exponential (scale=1) (sample 20),32,1792,74.0
Random Exponential (scale=1) (sample 20),33,1908,97.0
Random Exponential (scale=1) (sample 20),34,2030,151.0
Random Exponential (scale=1) (sample 20),35,2154,215.0
Random Exponential (scale=1) (sample 20),36,2284,340.0
Random Exponential (scale=1) (sample 20),37,2416,247.0
Random Exponential (scale=1) (sample 20),38,2550,262.0
Random Exponential (scale=1) (sample 20),39,2686,437.0
Random Exponential (scale=1) (sample 20),40,2828,784.0
Random Exponential (scale=1) (sample 20),41,2972,1257.0
Random Exponential (scale=1) (sample 20),42,3118,346.0
Random Exponential (scale=1) (sample 20),43,3266,477.0
Random Exponential (scale=1) (sample 20),44,3416,867.0
Random Exponential (scale=1) (sample 20),45,3568,716.0
Random Exponential (scale=1) (sample 20),46,3722,551.0
Random Exponential (scale=1) (sample 20),47,3878,929.0
Random Exponential (scale=1) (sample 20),48,4036,1174.0
Random Exponential (scale=1) (sample 20),49,4202,471.0
Random Exponential (scale=1) (sample 20),50,4374,467.0
Random Exponential (scale=1) (sample 20),51,4548,353.0
Random Exponential (scale=1) (sample 20),52,4724,656.0
Random Exponential (scale=1) (sample 20),53,4910,546.0
Random Exponential (scale=1) (sample 20),54,5098,928.0
Random Exponential (scale=1) (sample 20),55,5288,1139.0
Random Exponential (scale=1) (sample 20),56,5480,1235.0
Random Exponential (scale=1) (sample 20),57,5674,1184.0
Random Exponential (scale=1) (sample 20),58,5870,1702.0
Random Exponential (scale=1) (sample 20),59,6068,1988.0
Random Exponential (scale=1) (sample 20),60,6268,1352.0
Random Exponential (scale=1) (sample 20),61,6470,913.0
Random Exponential (scale=1) (sample 20),62,6674,1498.0
Random Exponential (scale=1) (sample 20),63,6882,2174.0
Random Exponential (scale=1) (sample 20),64,7094,2971.0
Random Exponential (scale=1) (sample 20),65,7308,2560.0
Random Exponential (scale=1) (sample 20),66,7524,4137.0
Random Exponential (scale=1) (sample 20),67,7744,5177.0
Random Exponential (scale=1) (sample 20),68,7968,9684.0
Random Exponential (scale=1) (sample 20),69,8194,6150.0
Random Exponential (scale=1) (sample 20),70,8428,6118.0
Random Exponential (scale=1) (sample 20),71,8664,9880.0
Random Exponential (scale=1) (sample 20),72,8902,9869.0
Random Exponential (scale=1) (sample 20),73,9146,16202.0
Random Exponential (scale=1) (sample 20),74,9392,24498.0
Random Exponential (scale=1) (sample 20),75,9642,24643.0
Random Exponential (scale=1) (sample 20),76,9894,14268.0
Random Exponential (scale=1) (sample 20),77,10152,16740.0
Random Exponential (scale=1) (sample 20),78,10414,15988.0
Random Exponential (scale=1) (sample 20),79,10680,15499.0
Random Exponential (scale=1) (sample 20),80,10948,25556.0
Random Exponential (scale=1) (sample 20),81,11218,42548.0
Random Exponential (scale=1) (sample 20),82,11490,58140.0
Random Exponential (scale=1) (sample 20),83,11764,41990.0
Random Exponential (scale=1) (sample 20),84,12042,53043.0
Random Exponential (scale=1) (sample 20),85,12322,93771.0
Random Exponential (scale=1) (sample 20),86,12604,160897.0
Random Exponential (scale=1) (sample 20),87,12888,224144.0
Random Exponential (scale=1) (sample 20),88,13174,155700.0
Random Exponential (scale=1) (sample 20),89,13462,112347.0
Random Exponential (scale=1) (sample 20),90,13752,160416.0
Random Exponential (scale=1) (sample 20),91,14044,250927.0
Random Exponential (scale=1) (sample 20),92,14338,432370.0
Random Exponential (scale=1) (sample 20),93,14640,628867.0
Random Exponential (scale=1) (sample 20),94,14944,1123235.0
Random Exponential (scale=1) (sample 20),95,15252,1234988.0
Random Exponential (scale=1) (sample 20),96,15562,363068.0
Random Exponential (scale=1) (sample 20),97,15874,487997.0
Random Exponential (scale=1) (sample 20),98,16188,627370.0
Random Exponential (scale=1) (sample 20),99,16506,809126.0
Random Exponential (scale=1) (sample 20),100,16826,1065033.0
Random Exponential (scale=1) (sample 20),101,17154,1353057.0
Random Exponential (scale=1) (sample 20),102,17484,1629247.0
Random Exponential (scale=1) (sample 20),103,17816,2153681.0
Random Exponential (scale=1) (sample 20),104,18150,2807911.0
Random Exponential (scale=1) (sample 20),105,18488,3806419.0
Random Exponential (scale=1) (sample 20),106,18832,4348262.0
Random Exponential (scale=1) (sample 20),107,19180,5120862.0
Random Exponential (scale=1) (sample 20),108,19532,6816624.0
Random Exponential (scale=1) (sample 20),109,19886,8038927.0
Random Exponential (scale=1) (sample 21),1,6,1.0
Random Exponential (scale=1) (sample 21),2,16,1.0
Random Exponential (scale=1) (sample 21),3,28,1.0
Random Exponential (scale=1) (sample 21),4,46,1.0
Random Exponential (scale=1) (sample 21),5,70,2.0
Random Exponential (scale=1) (sample 21),6,96,2.0
Random Exponential (scale=1) (sample 21),7,124,2.0
Random Exponential (scale=1) (sample 21),8,154,2.0
Random Exponential (scale=1) (sample 21),9,188,3.0
Random Exponential (scale=1) (sample 21),10,224,5.0
Random Exponential (scale=1) (sample 21),11,262,6.0
Random Exponential (scale=1) (sample 21),12,304,6.0
Random Exponential (scale=1) (sample 21),13,348,9.0
Random Exponential (scale=1) (sample 21),14,398,11.0
Random Exponential (scale=1) (sample 21),15,450,15.0
Random Exponential (scale=1) (sample 21),16,510,20.0
Random Exponential (scale=1) (sample 21),17,576,22.0
Random Exponential (scale=1) (sample 21),18,644,31.0
Random Exponential (scale=1) (sample 21),19,716,33.0
Random Exponential (scale=1) (sample 21),20,790,58.0
Random Exponential (scale=1) (sample 21),21,870,74.0
Random Exponential (scale=1) (sample 21),22,954,103.0
Random Exponential (scale=1) (sample 21),23,1040,51.0
Random Exponential (scale=1) (sample 21),24,1130,65.0
Random Exponential (scale=1) (sample 21),25,1228,112.0
Random Exponential (scale=1) (sample 21),26,1330,117.0
Random Exponential (scale=1) (sample 21),27,1434,190.0
Random Exponential (scale=1) (sample 21),28,1544,166.0
Random Exponential (scale=1) (sample 21),29,1658,233.0
Random Exponential (scale=1) (sample 21),30,1778,385.0
Random Exponential (scale=1) (sample 21),31,1900,485.0
Random Exponential (scale=1) (sample 21),32,2024,164.0
Random Exponential (scale=1) (sample 21),33,2150,177.0
Random Exponential (scale=1) (sample 21),34,2280,240.0
Random Exponential (scale=1) (sample 21),35,2412,237.0
Random Exponential (scale=1) (sample 21),36,2548,346.0
Random Exponential (scale=1) (sample 21),37,2686,397.0
Random Exponential (scale=1) (sample 21),38,2828,453.0
Random Exponential (scale=1) (sample 21),39,2972,730.0
Random Exponential (scale=1) (sample 21),40,3118,687.0
Random Exponential (scale=1) (sample 21),41,3266,745.0
Random Exponential (scale=1) (sample 21),42,3420,986.0
Random Exponential (scale=1) (sample 21),43,3578,1009.0
Random Exponential (scale=1) (sample 21),44,3742,1368.0
Random Exponential (scale=1) (sample 21),45,3912,1598.0
Random Exponential (scale=1) (sample 21),46,4084,1694.0
Random Exponential (scale=1) (sample 21),47,4258,2073.0
Random Exponential (scale=1) (sample 21),48,4436,2758.0
Random Exponential (scale=1) (sample 21),49,4616,3904.0
Random Exponential (scale=1) (sample 21),50,4800,5417.0
Random Exponential (scale=1) (sample 21),51,4988,6165.0
Random Exponential (scale=1) (sample 21),52,5180,6229.0
Random Exponential (scale=1) (sample 21),53,5374,9039.0
Random Exponential (scale=1) (sample 21),54,5570,13541.0
Random Exponential (scale=1) (sample 21),55,5768,10622.0
Random Exponential (scale=1) (sample 21),56,5968,12218.0
Random Exponential (scale=1) (sample 21),57,6170,19503.0
Random Exponential (scale=1) (sample 21),58,6374,23979.0
Random Exponential (scale=1) (sample 21),59,6586,34131.0
Random Exponential (scale=1) (sample 21),60,6800,36175.0
Random Exponential (scale=1) (sample 21),61,7018,48764.0
Random Exponential (scale=1) (sample 21),62,7242,58025.0
Random Exponential (scale=1) (sample 21),63,7474,69468.0
Random Exponential (scale=1) (sample 21),64,7708,89445.0
Random Exponential (scale=1) (sample 21),65,7948,100490.0
Random Exponential (scale=1) (sample 21),66,8190,131717.0
Random Exponential (scale=1) (sample 21),67,8436,127163.0
Random Exponential (scale=1) (sample 21),68,8684,151927.0
Random Exponential (scale=1) (sample 21),69,8936,186191.0
Random Exponential (scale=1) (sample 21),70,9190,227258.0
Random Exponential (scale=1) (sample 21),71,9446,281324.0
Random Exponential (scale=1) (sample 21),72,9704,364638.0
Random Exponential (scale=1) (sample 21),73,9964,474011.0
Random Exponential (scale=1) (sample 21),74,10230,614905.0
Random Exponential (scale=1) (sample 21),75,10498,775833.0
Random Exponential (scale=1) (sample 21),76,10768,970392.0
Random Exponential (scale=1) (sample 21),77,11040,1239329.0
Random Exponential (scale=1) (sample 21),78,11314,1645060.0
Random Exponential (scale=1) (sample 21),79,11592,2148310.0
Random Exponential (scale=1) (sample 21),80,11874,2768106.0
Random Exponential (scale=1) (sample 21),81,12158,3636227.0
Random Exponential (scale=1) (sample 21),82,12444,4778015.0
Random Exponential (scale=1) (sample 21),83,12736,6146171.0
Random Exponential (scale=1) (sample 21),84,13030,8016033.0
Random Exponential (scale=1) (sample 21),85,13328,10296626.0
Random Exponential (scale=1) (sample 21),86,13628,13510093.0
Random Exponential (scale=1) (sample 21),87,13930,17718664.0
Random Exponential (scale=1) (sample 21),88,14236,23278946.0
Random Exponential (scale=1) (sample 21),89,14546,29858154.0
Random Exponential (scale=1) (sample 21),90,14858,39208856.0
Random Exponential (scale=1) (sample 21),91,15172,51574848.0
Random Exponential (scale=1) (sample 21),92,15494,65456030.0
Random Exponential (scale=1) (sample 21),93,15818,83266000.0
Random Exponential (scale=1) (sample 21),94,16144,108031190.0
Random Exponential (scale=1) (sample 21),95,16472,140262272.0
Random Exponential (scale=1) (sample 21),96,16802,185431380.0
Random Exponential (scale=1) (sample 21),97,17136,241012651.0
Random Exponential (scale=1) (sample 21),98,17474,313217161.0
Random Exponential (scale=1) (sample 21),99,17814,408029729.0
Random Exponential (scale=1) (sample 21),100,18156,539831883.0
Random Exponential (scale=1) (sample 21),101,18504,691763440.0
Random Exponential (scale=1) (sample 21),102,18854,901752726.0
Random Exponential (scale=1) (sample 21),103,19206,1176974610.0
Random Exponential (scale=1) (sample 21),104,19560,1559789082.0
Random Exponential (scale=1) (sample 21),105,19918,2035966094.0
Random Exponential (scale=1) (sample 22),1,2,1.0
Random Exponential (scale=1) (sample 22),2,8,1.0
Random Exponential (scale=1) (sample 22),3,20,1.0
Random Exponential (scale=1) (sample 22),4,38,1.0
Random Exponential (scale=1) (sample 22),5,60,2.0
Random Exponential (scale=1) (sample 22),6,86,2.0
Random Exponential (scale=1) (sample 22),7,114,3.0
Random Exponential (scale=1) (sample 22),8,144,3.0
Random Exponential (scale=1) (sample 22),9,178,2.0
Random Exponential (scale=1) (sample 22),10,214,3.0
Random Exponential (scale=1) (sample 22),11,254,4.0
Random Exponential (scale=1) (sample 22),12,300,6.0
Random Exponential (scale=1) (sample 22),13,348,6.0
Random Exponential (scale=1) (sample 22),14,398,7.0
Random Exponential (scale=1) (sample 22),15,450,7.0
Random Exponential (scale=1) (sample 22),16,506,10.0
Random Exponential (scale=1) (sample 22),17,564,10.0
Random Exponential (scale=1) (sample 22),18,626,12.0
Random Exponential (scale=1) (sample 22),19,692,16.0
Random Exponential (scale=1) (sample 22),20,762,20.0
Random Exponential (scale=1) (sample 22),21,834,30.0
Random Exponential (scale=1) (sample 22),22,910,47.0
Random Exponential (scale=1) (sample 22),23,990,81.0
Random Exponential (scale=1) (sample 22),24,1072,109.0
Random Exponential (scale=1) (sample 22),25,1158,190.0
Random Exponential (scale=1) (sample 22),26,1246,105.0
Random Exponential (scale=1) (sample 22),27,1336,150.0
Random Exponential (scale=1) (sample 22),28,1428,258.0
Random Exponential (scale=1) (sample 22),29,1522,180.0
Random Exponential (scale=1) (sample 22),30,1620,127.0
Random Exponential (scale=1) (sample 22),31,1720,198.0
Random Exponential (scale=1) (sample 22),32,1822,348.0
Random Exponential (scale=1) (sample 22),33,1930,263.0
Random Exponential (scale=1) (sample 22),34,2040,456.0
Random Exponential (scale=1) (sample 22),35,2154,476.0
Random Exponential (scale=1) (sample 22),36,2276,812.0
Random Exponential (scale=1) (sample 22),37,2406,992.0
Random Exponential (scale=1) (sample 22),38,2540,1482.0
Random Exponential (scale=1) (sample 22),39,2676,1565.0
Random Exponential (scale=1) (sample 22),40,2814,480.0
Random Exponential (scale=1) (sample 22),41,2956,700.0
Random Exponential (scale=1) (sample 22),42,3104,570.0
Random Exponential (scale=1) (sample 22),43,3256,704.0
Random Exponential (scale=1) (sample 22),44,3412,1062.0
Random Exponential (scale=1) (sample 22),45,3572,813.0
Random Exponential (scale=1) (sample 22),46,3734,853.0
Random Exponential (scale=1) (sample 22),47,3898,1363.0
Random Exponential (scale=1) (sample 22),48,4064,1506.0
Random Exponential (scale=1) (sample 22),49,4240,1934.0
Random Exponential (scale=1) (sample 22),50,4418,1617.0
Random Exponential (scale=1) (sample 22),51,4600,1943.0
Random Exponential (scale=1) (sample 22),52,4784,2889.0
Random Exponential (scale=1) (sample 22),53,4970,4231.0
Random Exponential (scale=1) (sample 22),54,5158,5078.0
Random Exponential (scale=1) (sample 22),55,5350,5334.0
Random Exponential (scale=1) (sample 22),56,5552,5726.0
Random Exponential (scale=1) (sample 22),57,5758,8566.0
Random Exponential (scale=1) (sample 22),58,5966,11673.0
Random Exponential (scale=1) (sample 22),59,6182,22456.0
Random Exponential (scale=1) (sample 22),60,6400,34535.0
Random Exponential (scale=1) (sample 22),61,6622,18892.0
Random Exponential (scale=1) (sample 22),62,6846,26582.0
Random Exponential (scale=1) (sample 22),63,7072,48040.0
Random Exponential (scale=1) (sample 22),64,7300,81834.0
Random Exponential (scale=1) (sample 22),65,7532,22366.0
Random Exponential (scale=1) (sample 22),66,7766,28016.0
Random Exponential (scale=1) (sample 22),67,8006,31814.0
Random Exponential (scale=1) (sample 22),68,8248,16291.0
Random Exponential (scale=1) (sample 22),69,8492,19872.0
Random Exponential (scale=1) (sample 22),70,8738,25357.0
Random Exponential (scale=1) (sample 22),71,8988,27709.0
Random Exponential (scale=1) (sample 22),72,9240,29397.0
Random Exponential (scale=1) (sample 22),73,9500,42068.0
Random Exponential (scale=1) (sample 22),74,9762,46663.0
Random Exponential (scale=1) (sample 22),75,10026,61646.0
Random Exponential (scale=1) (sample 22),76,10292,76806.0
Random Exponential (scale=1) (sample 22),77,10560,103902.0
Random Exponential (scale=1) (sample 22),78,10832,152118.0
Random Exponential (scale=1) (sample 22),79,11106,148742.0
Random Exponential (scale=1) (sample 22),80,11384,141552.0
Random Exponential (scale=1) (sample 22),81,11666,169316.0
Random Exponential (scale=1) (sample 22),82,11952,206074.0
Random Exponential (scale=1) (sample 22),83,12240,269773.0
Random Exponential (scale=1) (sample 22),84,12532,365599.0
Random Exponential (scale=1) (sample 22),85,12826,405193.0
Random Exponential (scale=1) (sample 22),86,13132,495190.0
Random Exponential (scale=1) (sample 22),87,13440,639743.0
Random Exponential (scale=1) (sample 22),88,13750,853982.0
Random Exponential (scale=1) (sample 22),89,14064,1064630.0
Random Exponential (scale=1) (sample 22),90,14384,1079991.0
Random Exponential (scale=1) (sample 22),91,14708,1327630.0
Random Exponential (scale=1) (sample 22),92,15034,1754176.0
Random Exponential (scale=1) (sample 22),93,15362,2514250.0
Random Exponential (scale=1) (sample 22),94,15692,3978127.0
Random Exponential (scale=1) (sample 22),95,16024,6290523.0
Random Exponential (scale=1) (sample 22),96,16360,6859084.0
Random Exponential (scale=1) (sample 22),97,16700,4098304.0
Random Exponential (scale=1) (sample 22),98,17044,5260054.0
Random Exponential (scale=1) (sample 22),99,17390,6182560.0
Random Exponential (scale=1) (sample 22),100,17738,9333363.0
Random Exponential (scale=1) (sample 22),101,18088,12999931.0
Random Exponential (scale=1) (sample 22),102,18440,20895886.0
Random Exponential (scale=1) (sample 22),103,18796,25435501.0
Random Exponential (scale=1) (sample 22),104,19154,24154260.0
Random Exponential (scale=1) (sample 22),105,19514,23155590.0
Random Exponential (scale=1) (sample 22),106,19876,27846611.0
Random Exponential (scale=1) (sample 23),1,2,1.0
Random Exponential (scale=1) (sample 23),2,8,1.0
Random Exponential (scale=1) (sample 23),3,18,1.0
Random Exponential (scale=1) (sample 23),4,30,1.0
Random Exponential (scale=1) (sample 23),5,44,2.0
Random Exponential (scale=1) (sample 23),6,60,2.0
Random Exponential (scale=1) (sample 23),7,84,3.0
Random Exponential (scale=1) (sample 23),8,110,2.0
Random Exponential (scale=1) (sample 23),9,142,3.0
Random Exponential (scale=1) (sample 23),10,176,4.0
Random Exponential (scale=1) (sample 23),11,212,4.0
Random Exponential (scale=1) (sample 23),12,250,4.0
Random Exponential (scale=1) (sample 23),13,290,4.0
Random Exponential (scale=1) (sample 23),14,334,4.0
Random Exponential (scale=1) (sample 23),15,380,3.0
Random Exponential (scale=1) (sample 23),16,428,5.0
Random Exponential (scale=1) (sample 23),17,478,6.0
Random Exponential (scale=1) (sample 23),18,530,8.0
Random Exponential (scale=1) (sample 23),19,584,9.0
Random Exponential (scale=1) (sample 23),20,642,10.0
Random Exponential (scale=1) (sample 23),21,702,13.0
Random Exponential (scale=1) (sample 23),22,764,11.0
Random Exponential (scale=1) (sample 23),23,836,14.0
Random Exponential (scale=1) (sample 23),24,912,21.0
Random Exponential (scale=1) (sample 23),25,996,24.0
Random Exponential (scale=1) (sample 23),26,1084,46.0
Random Exponential (scale=1) (sample 23),27,1178,23.0
Random Exponential (scale=1) (sample 23),28,1274,36.0
Random Exponential (scale=1) (sample 23),29,1372,47.0
Random Exponential (scale=1) (sample 23),30,1472,75.0
Random Exponential (scale=1) (sample 23),31,1574,79.0
Random Exponential (scale=1) (sample 23),32,1678,94.0
Random Exponential (scale=1) (sample 23),33,1784,145.0
Random Exponential (scale=1) (sample 23),34,1894,218.0
Random Exponential (scale=1) (sample 23),35,2006,158.0
Random Exponential (scale=1) (sample 23),36,2120,259.0
Random Exponential (scale=1) (sample 23),37,2236,331.0
Random Exponential (scale=1) (sample 23),38,2354,471.0
Random Exponential (scale=1) (sample 23),39,2474,586.0
Random Exponential (scale=1) (sample 23),40,2596,820.0
Random Exponential (scale=1) (sample 23),41,2720,1023.0
Random Exponential (scale=1) (sample 23),42,2846,1291.0
Random Exponential (scale=1) (sample 23),43,2978,1065.0
Random Exponential (scale=1) (sample 23),44,3112,1752.0
Random Exponential (scale=1) (sample 23),45,3252,1637.0
Random Exponential (scale=1) (sample 23),46,3400,1193.0
Random Exponential (scale=1) (sample 23),47,3550,1216.0
Random Exponential (scale=1) (sample 23),48,3702,846.0
Random Exponential (scale=1) (sample 23),49,3856,931.0
Random Exponential (scale=1) (sample 23),50,4012,712.0
Random Exponential (scale=1) (sample 23),51,4176,503.0
Random Exponential (scale=1) (sample 23),52,4342,719.0
Random Exponential (scale=1) (sample 23),53,4512,949.0
Random Exponential (scale=1) (sample 23),54,4688,946.0
Random Exponential (scale=1) (sample 23),55,4870,1241.0
Random Exponential (scale=1) (sample 23),56,5056,1585.0
Random Exponential (scale=1) (sample 23),57,5246,1799.0
Random Exponential (scale=1) (sample 23),58,5440,1812.0
Random Exponential (scale=1) (sample 23),59,5636,1983.0
Random Exponential (scale=1) (sample 23),60,5834,1669.0
Random Exponential (scale=1) (sample 23),61,6036,1453.0
Random Exponential (scale=1) (sample 23),62,6240,1856.0
Random Exponential (scale=1) (sample 23),63,6446,2652.0
Random Exponential (scale=1) (sample 23),64,6656,4062.0
Random Exponential (scale=1) (sample 23),65,6868,5777.0
Random Exponential (scale=1) (sample 23),66,7082,8877.0
Random Exponential (scale=1) (sample 23),67,7298,12964.0
Random Exponential (scale=1) (sample 23),68,7516,19806.0
Random Exponential (scale=1) (sample 23),69,7736,27168.0
Random Exponential (scale=1) (sample 23),70,7958,34812.0
Random Exponential (scale=1) (sample 23),71,8182,43435.0
Random Exponential (scale=1) (sample 23),72,8412,40919.0
Random Exponential (scale=1) (sample 23),73,8646,27923.0
Random Exponential (scale=1) (sample 23),74,8882,28644.0
Random Exponential (scale=1) (sample 23),75,9122,35537.0
Random Exponential (scale=1) (sample 23),76,9364,31054.0
Random Exponential (scale=1) (sample 23),77,9610,30394.0
Random Exponential (scale=1) (sample 23),78,9858,35106.0
Random Exponential (scale=1) (sample 23),79,10108,43400.0
Random Exponential (scale=1) (sample 23),80,10360,58151.0
Random Exponential (scale=1) (sample 23),81,10616,71573.0
Random Exponential (scale=1) (sample 23),82,10874,81287.0
Random Exponential (scale=1) (sample 23),83,11134,114201.0
Random Exponential (scale=1) (sample 23),84,11398,145032.0
Random Exponential (scale=1) (sample 23),85,11664,153148.0
Random Exponential (scale=1) (sample 23),86,11934,191760.0
Random Exponential (scale=1) (sample 23),87,12206,246429.0
Random Exponential (scale=1) (sample 23),88,12482,310273.0
Random Exponential (scale=1) (sample 23),89,12762,389505.0
Random Exponential (scale=1) (sample 23),90,13046,481949.0
Random Exponential (scale=1) (sample 23),91,13332,585981.0
Random Exponential (scale=1) (sample 23),92,13624,734558.0
Random Exponential (scale=1) (sample 23),93,13918,872658.0
Random Exponential (scale=1) (sample 23),94,14218,1038717.0
Random Exponential (scale=1) (sample 23),95,14522,1224998.0
Random Exponential (scale=1) (sample 23),96,14830,1421636.0
Random Exponential (scale=1) (sample 23),97,15140,1678486.0
Random Exponential (scale=1) (sample 23),98,15454,2007007.0
Random Exponential (scale=1) (sample 23),99,15774,2342179.0
Random Exponential (scale=1) (sample 23),100,16098,2633121.0
Random Exponential (scale=1) (sample 23),101,16424,3057508.0
Random Exponential (scale=1) (sample 23),102,16752,3720353.0
Random Exponential (scale=1) (sample 23),103,17082,4505161.0
Random Exponential (scale=1) (sample 23),104,17414,5370611.0
Random Exponential (scale=1) (sample 23),105,17748,6655127.0
Random Exponential (scale=1) (sample 23),106,18086,8473461.0
Random Exponential (scale=1) (sample 23),107,18430,9697797.0
Random Exponential (scale=1) (sample 23),108,18776,12281250.0
Random Exponential (scale=1) (sample 23),109,19124,13666344.0
Random Exponential (scale=1) (sample 23),110,19474,17601139.0
Random Exponential (scale=1) (sample 23),111,19828,22407908.0
Random Exponential (scale=1) (sample 24),1,2,1.0
Random Exponential (scale=1) (sample 24),2,10,1.0
Random Exponential (scale=1) (sample 24),3,20,1.0
Random Exponential (scale=1) (sample 24),4,32,1.0
Random Exponential (scale=1) (sample 24),5,46,1.0
Random Exponential (scale=1) (sample 24),6,64,1.0
Random Exponential (scale=1) (sample 24),7,84,2.0
Random Exponential (scale=1) (sample 24),8,110,2.0
Random Exponential (scale=1) (sample 24),9,138,2.0
Random Exponential (scale=1) (sample 24),10,168,2.0
Random Exponential (scale=1) (sample 24),11,202,4.0
Random Exponential (scale=1) (sample 24),12,238,6.0
Random Exponential (scale=1) (sample 24),13,276,4.0
Random Exponential (scale=1) (sample 24),14,316,6.0
Random Exponential (scale=1) (sample 24),15,358,6.0
Random Exponential (scale=1) (sample 24),16,406,7.0
Random Exponential (scale=1) (sample 24),17,456,5.0
Random Exponential (scale=1) (sample 24),18,508,9.0
Random Exponential (scale=1) (sample 24),19,564,12.0
Random Exponential (scale=1) (sample 24),20,624,13.0
Random Exponential (scale=1) (sample 24),21,688,21.0
Random Exponential (scale=1) (sample 24),22,754,17.0
Random Exponential (scale=1) (sample 24),23,822,20.0
Random Exponential (scale=1) (sample 24),24,896,36.0
Random Exponential (scale=1) (sample 24),25,972,30.0
Random Exponential (scale=1) (sample 24),26,1050,22.0
Random Exponential (scale=1) (sample 24),27,1130,29.0
Random Exponential (scale=1) (sample 24),28,1212,39.0
Random Exponential (scale=1) (sample 24),29,1300,63.0
Random Exponential (scale=1) (sample 24),30,1392,47.0
Random Exponential (scale=1) (sample 24),31,1488,60.0
Random Exponential (scale=1) (sample 24),32,1586,88.0
Random Exponential (scale=1) (sample 24),33,1688,104.0
Random Exponential (scale=1) (sample 24),34,1792,166.0
Random Exponential (scale=1) (sample 24),35,1898,256.0
Random Exponential (scale=1) (sample 24),36,2006,131.0
Random Exponential (scale=1) (sample 24),37,2116,154.0
Random Exponential (scale=1) (sample 24),38,2230,210.0
Random Exponential (scale=1) (sample 24),39,2346,117.0
Random Exponential (scale=1) (sample 24),40,2464,172.0
Random Exponential (scale=1) (sample 24),41,2586,209.0
Random Exponential (scale=1) (sample 24),42,2714,256.0
Random Exponential (scale=1) (sample 24),43,2846,207.0
Random Exponential (scale=1) (sample 24),44,2982,275.0
Random Exponential (scale=1) (sample 24),45,3122,269.0
Random Exponential (scale=1) (sample 24),46,3264,391.0
Random Exponential (scale=1) (sample 24),47,3408,385.0
Random Exponential (scale=1) (sample 24),48,3556,433.0
Random Exponential (scale=1) (sample 24),49,3706,566.0
Random Exponential (scale=1) (sample 24),50,3858,688.0
Random Exponential (scale=1) (sample 24),51,4012,578.0
Random Exponential (scale=1) (sample 24),52,4170,666.0
Random Exponential (scale=1) (sample 24),53,4330,948.0
Random Exponential (scale=1) (sample 24),54,4492,1118.0
Random Exponential (scale=1) (sample 24),55,4658,1459.0
Random Exponential (scale=1) (sample 24),56,4828,1629.0
Random Exponential (scale=1) (sample 24),57,5000,1835.0
Random Exponential (scale=1) (sample 24),58,5174,2178.0
Random Exponential (scale=1) (sample 24),59,5350,2776.0
Random Exponential (scale=1) (sample 24),60,5530,3592.0
Random Exponential (scale=1) (sample 24),61,5716,4104.0
Random Exponential (scale=1) (sample 24),62,5904,4870.0
Random Exponential (scale=1) (sample 24),63,6094,6238.0
Random Exponential (scale=1) (sample 24),64,6286,7065.0
Random Exponential (scale=1) (sample 24),65,6480,8982.0
Random Exponential (scale=1) (sample 24),66,6676,10963.0
Random Exponential (scale=1) (sample 24),67,6874,14272.0
Random Exponential (scale=1) (sample 24),68,7074,17476.0
Random Exponential (scale=1) (sample 24),69,7278,22200.0
Random Exponential (scale=1) (sample 24),70,7484,28336.0
Random Exponential (scale=1) (sample 24),71,7694,35479.0
Random Exponential (scale=1) (sample 24),72,7910,42368.0
Random Exponential (scale=1) (sample 24),73,8128,51777.0
Random Exponential (scale=1) (sample 24),74,8348,63326.0
Random Exponential (scale=1) (sample 24),75,8570,79601.0
Random Exponential (scale=1) (sample 24),76,8794,99955.0
Random Exponential (scale=1) (sample 24),77,9020,127137.0
Random Exponential (scale=1) (sample 24),78,9248,163754.0
Random Exponential (scale=1) (sample 24),79,9480,207318.0
Random Exponential (scale=1) (sample 24),80,9714,264275.0
Random Exponential (scale=1) (sample 24),81,9952,330368.0
Random Exponential (scale=1) (sample 24),82,10192,422626.0
Random Exponential (scale=1) (sample 24),83,10434,536175.0
Random Exponential (scale=1) (sample 24),84,10678,691316.0
Random Exponential (scale=1) (sample 24),85,10924,892032.0
Random Exponential (scale=1) (sample 24),86,11174,1141005.0
Random Exponential (scale=1) (sample 24),87,11428,1430808.0
Random Exponential (scale=1) (sample 24),88,11684,1823352.0
Random Exponential (scale=1) (sample 24),89,11942,2325684.0
Random Exponential (scale=1) (sample 24),90,12204,2940160.0
Random Exponential (scale=1) (sample 24),91,12468,3716490.0
Random Exponential (scale=1) (sample 24),92,12734,4731513.0
Random Exponential (scale=1) (sample 24),93,13002,6124089.0
Random Exponential (scale=1) (sample 24),94,13274,7773572.0
Random Exponential (scale=1) (sample 24),95,13548,9857176.0
Random Exponential (scale=1) (sample 24),96,13826,12418739.0
Random Exponential (scale=1) (sample 24),97,14106,15766768.0
Random Exponential (scale=1) (sample 24),98,14388,20319610.0
Random Exponential (scale=1) (sample 24),99,14672,25958676.0
Random Exponential (scale=1) (sample 24),100,14958,33643429.0
Random Exponential (scale=1) (sample 24),101,15246,43581840.0
Random Exponential (scale=1) (sample 24),102,15536,57539994.0
Random Exponential (scale=1) (sample 24),103,15828,74906485.0
Random Exponential (scale=1) (sample 24),104,16122,99268037.0
Random Exponential (scale=1) (sample 24),105,16420,128712021.0
Random Exponential (scale=1) (sample 24),106,16722,165774742.0
Random Exponential (scale=1) (sample 24),107,17028,209199803.0
Random Exponential (scale=1) (sample 24),108,17336,267741924.0
Random Exponential (scale=1) (sample 24),109,17646,342244578.0
Random Exponential (scale=1) (sample 24),110,17960,434945888.0
Random Exponential (scale=1) (sample 24),111,18278,542031098.0
Random Exponential (scale=1) (sample 24),112,18602,659292006.0
Random Exponential (scale=1) (sample 24),113,18928,804122375.0
Random Exponential (scale=1) (sample 24),114,19256,995903236.0
Random Exponential (scale=1) (sample 24),115,19586,1234894367.0
Random Exponential (scale=1) (sample 24),116,19920,1524292662.0
Random Exponential (scale=1) (sample 25),1,2,1.0
Random Exponential (scale=1) (sample 25),2,6,1.0
Random Exponential (scale=1) (sample 25),3,12,1.0
Random Exponential (scale=1) (sample 25),4,20,2.0
Random Exponential (scale=1) (sample 25),5,30,1.0
Random Exponential (scale=1) (sample 25),6,42,2.0
Random Exponential (scale=1) (sample 25),7,58,2.0
Random Exponential (scale=1) (sample 25),8,76,2.0
Random Exponential (scale=1) (sample 25),9,98,2.0
Random Exponential (scale=1) (sample 25),10,124,3.0
Random Exponential (scale=1) (sample 25),11,154,5.0
Random Exponential (scale=1) (sample 25),12,186,7.0
Random Exponential (scale=1) (sample 25),13,220,6.0
Random Exponential (scale=1) (sample 25),14,258,4.0
Random Exponential (scale=1) (sample 25),15,298,8.0
Random Exponential (scale=1) (sample 25),16,340,4.0
Random Exponential (scale=1) (sample 25),17,386,6.0
Random Exponential (scale=1) (sample 25),18,434,6.0
Random Exponential (scale=1) (sample 25),19,484,5.0
Random Exponential (scale=1) (sample 25),20,536,6.0
Random Exponential (scale=1) (sample 25),21,590,8.0
Random Exponential (scale=1) (sample 25),22,646,6.0
Random Exponential (scale=1) (sample 25),23,704,5.0
Random Exponential (scale=1) (sample 25),24,764,8.0
Random Exponential (scale=1) (sample 25),25,826,7.0
Random Exponential (scale=1) (sample 25),26,890,10.0
Random Exponential (scale=1) (sample 25),27,956,9.0
Random Exponential (scale=1) (sample 25),28,1026,8.0
Random Exponential (scale=1) (sample 25),29,1098,11.0
Random Exponential (scale=1) (sample 25),30,1172,12.0
Random Exponential (scale=1) (sample 25),31,1248,19.0
Random Exponential (scale=1) (sample 25),32,1328,26.0
Random Exponential (scale=1) (sample 25),33,1410,31.0
Random Exponential (scale=1) (sample 25),34,1494,41.0
Random Exponential (scale=1) (sample 25),35,1580,56.0
Random Exponential (scale=1) (sample 25),36,1670,77.0
Random Exponential (scale=1) (sample 25),37,1762,80.0
Random Exponential (scale=1) (sample 25),38,1862,124.0
Random Exponential (scale=1) (sample 25),39,1968,165.0
Random Exponential (scale=1) (sample 25),40,2076,130.0
Random Exponential (scale=1) (sample 25),41,2190,217.0
Random Exponential (scale=1) (sample 25),42,2308,228.0
Random Exponential (scale=1) (sample 25),43,2428,393.0
Random Exponential (scale=1) (sample 25),44,2550,100.0
Random Exponential (scale=1) (sample 25),45,2674,167.0
Random Exponential (scale=1) (sample 25),46,2800,148.0
Random Exponential (scale=1) (sample 25),47,2928,207.0
Random Exponential (scale=1) (sample 25),48,3058,304.0
Random Exponential (scale=1) (sample 25),49,3190,180.0
Random Exponential (scale=1) (sample 25),50,3324,319.0
Random Exponential (scale=1) (sample 25),51,3460,195.0
Random Exponential (scale=1) (sample 25),52,3598,282.0
Random Exponential (scale=1) (sample 25),53,3740,281.0
Random Exponential (scale=1) (sample 25),54,3884,450.0
Random Exponential (scale=1) (sample 25),55,4030,212.0
Random Exponential (scale=1) (sample 25),56,4180,235.0
Random Exponential (scale=1) (sample 25),57,4332,322.0
Random Exponential (scale=1) (sample 25),58,4486,598.0
Random Exponential (scale=1) (sample 25),59,4642,679.0
Random Exponential (scale=1) (sample 25),60,4800,1007.0
Random Exponential (scale=1) (sample 25),61,4960,1610.0
Random Exponential (scale=1) (sample 25),62,5124,2298.0
Random Exponential (scale=1) (sample 25),63,5290,3332.0
Random Exponential (scale=1) (sample 25),64,5460,4273.0
Random Exponential (scale=1) (sample 25),65,5634,5333.0
Random Exponential (scale=1) (sample 25),66,5810,5506.0
Random Exponential (scale=1) (sample 25),67,5988,5999.0
Random Exponential (scale=1) (sample 25),68,6168,6326.0
Random Exponential (scale=1) (sample 25),69,6350,6562.0
Random Exponential (scale=1) (sample 25),70,6534,7065.0
Random Exponential (scale=1) (sample 25),71,6724,6235.0
Random Exponential (scale=1) (sample 25),72,6918,6274.0
Random Exponential (scale=1) (sample 25),73,7116,6171.0
Random Exponential (scale=1) (sample 25),74,7322,5517.0
Random Exponential (scale=1) (sample 25),75,7530,6411.0
Random Exponential (scale=1) (sample 25),76,7740,6196.0
Random Exponential (scale=1) (sample 25),77,7956,8238.0
Random Exponential (scale=1) (sample 25),78,8174,8361.0
Random Exponential (scale=1) (sample 25),79,8394,11216.0
Random Exponential (scale=1) (sample 25),80,8616,16289.0
Random Exponential (scale=1) (sample 25),81,8840,14412.0
Random Exponential (scale=1) (sample 25),82,9070,24451.0
Random Exponential (scale=1) (sample 25),83,9302,22626.0
Random Exponential (scale=1) (sample 25),84,9536,33280.0
Random Exponential (scale=1) (sample 25),85,9778,9769.0
Random Exponential (scale=1) (sample 25),86,10024,9516.0
Random Exponential (scale=1) (sample 25),87,10276,11023.0
Random Exponential (scale=1) (sample 25),88,10530,13220.0
Random Exponential (scale=1) (sample 25),89,10788,16116.0
Random Exponential (scale=1) (sample 25),90,11048,16631.0
Random Exponential (scale=1) (sample 25),91,11310,22043.0
Random Exponential (scale=1) (sample 25),92,11574,32260.0
Random Exponential (scale=1) (sample 25),93,11840,37047.0
Random Exponential (scale=1) (sample 25),94,12108,62878.0
Random Exponential (scale=1) (sample 25),95,12378,71011.0
Random Exponential (scale=1) (sample 25),96,12650,98363.0
Random Exponential (scale=1) (sample 25),97,12924,135218.0
Random Exponential (scale=1) (sample 25),98,13200,182313.0
Random Exponential (scale=1) (sample 25),99,13478,245635.0
Random Exponential (scale=1) (sample 25),100,13758,299319.0
Random Exponential (scale=1) (sample 25),101,14042,364670.0
Random Exponential (scale=1) (sample 25),102,14328,345210.0
Random Exponential (scale=1) (sample 25),103,14616,367956.0
Random Exponential (scale=1) (sample 25),104,14908,347608.0
Random Exponential (scale=1) (sample 25),105,15202,232921.0
Random Exponential (scale=1) (sample 25),106,15502,213926.0
Random Exponential (scale=1) (sample 25),107,15804,217513.0
Random Exponential (scale=1) (sample 25),108,16108,286676.0
Random Exponential (scale=1) (sample 25),109,16414,163794.0
Random Exponential (scale=1) (sample 25),110,16722,201180.0
Random Exponential (scale=1) (sample 25),111,17032,272544.0
Random Exponential (scale=1) (sample 25),112,17346,307585.0
Random Exponential (scale=1) (sample 25),113,17662,323261.0
Random Exponential (scale=1) (sample 25),114,17982,389112.0
Random Exponential (scale=1) (sample 25),115,18308,470905.0
Random Exponential (scale=1) (sample 25),116,18636,559569.0
Random Exponential (scale=1) (sample 25),117,18968,740012.0
Random Exponential (scale=1) (sample 25),118,19302,871982.0
Random Exponential (scale=1) (sample 25),119,19638,989624.0
Random Exponential (scale=1) (sample 25),120,19976,1155579.0
Random Exponential (scale=1) (sample 26),1,4,1.0
Random Exponential (scale=1) (sample 26),2,10,1.0
Random Exponential (scale=1) (sample 26),3,18,1.0
Random Exponential (scale=1) (sample 26),4,28,2.0
Random Exponential (scale=1) (sample 26),5,40,2.0
Random Exponential (scale=1) (sample 26),6,56,2.0
Random Exponential (scale=1) (sample 26),7,76,2.0
Random Exponential (scale=1) (sample 26),8,100,2.0
Random Exponential (scale=1) (sample 26),9,126,3.0
Random Exponential (scale=1) (sample 26),10,156,5.0
Random Exponential (scale=1) (sample 26),11,188,5.0
Random Exponential (scale=1) (sample 26),12,222,5.0
Random Exponential (scale=1) (sample 26),13,260,8.0
Random Exponential (scale=1) (sample 26),14,302,9.0
Random Exponential (scale=1) (sample 26),15,350,11.0
Random Exponential (scale=1) (sample 26),16,400,13.0
Random Exponential (scale=1) (sample 26),17,456,21.0
Random Exponential (scale=1) (sample 26),18,516,36.0
Random Exponential (scale=1) (sample 26),19,578,31.0
Random Exponential (scale=1) (sample 26),20,646,33.0
Random Exponential (scale=1) (sample 26),21,716,60.0
Random Exponential (scale=1) (sample 26),22,788,35.0
Random Exponential (scale=1) (sample 26),23,864,51.0
Random Exponential (scale=1) (sample 26),24,944,33.0
Random Exponential (scale=1) (sample 26),25,1030,49.0
Random Exponential (scale=1) (sample 26),26,1122,53.0
Random Exponential (scale=1) (sample 26),27,1216,72.0
Random Exponential (scale=1) (sample 26),28,1314,111.0
Random Exponential (scale=1) (sample 26),29,1416,99.0
Random Exponential (scale=1) (sample 26),30,1520,107.0
Random Exponential (scale=1) (sample 26),31,1630,47.0
Random Exponential (scale=1) (sample 26),32,1742,65.0
Random Exponential (scale=1) (sample 26),33,1856,125.0
Random Exponential (scale=1) (sample 26),34,1976,186.0
Random Exponential (scale=1) (sample 26),35,2104,170.0
Random Exponential (scale=1) (sample 26),36,2234,295.0
Random Exponential (scale=1) (sample 26),37,2366,367.0
Random Exponential (scale=1) (sample 26),38,2500,467.0
Random Exponential (scale=1) (sample 26),39,2636,264.0
Random Exponential (scale=1) (sample 26),40,2778,319.0
Random Exponential (scale=1) (sample 26),41,2922,574.0
Random Exponential (scale=1) (sample 26),42,3068,571.0
Random Exponential (scale=1) (sample 26),43,3216,297.0
Random Exponential (scale=1) (sample 26),44,3368,491.0
Random Exponential (scale=1) (sample 26),45,3522,344.0
Random Exponential (scale=1) (sample 26),46,3678,420.0
Random Exponential (scale=1) (sample 26),47,3836,590.0
Random Exponential (scale=1) (sample 26),48,3996,848.0
Random Exponential (scale=1) (sample 26),49,4160,1075.0
Random Exponential (scale=1) (sample 26),50,4328,1347.0
Random Exponential (scale=1) (sample 26),51,4500,2134.0
Random Exponential (scale=1) (sample 26),52,4674,4056.0
Random Exponential (scale=1) (sample 26),53,4850,3196.0
Random Exponential (scale=1) (sample 26),54,5030,5468.0
Random Exponential (scale=1) (sample 26),55,5214,1783.0
Random Exponential (scale=1) (sample 26),56,5400,2091.0
Random Exponential (scale=1) (sample 26),57,5590,3199.0
Random Exponential (scale=1) (sample 26),58,5782,1032.0
Random Exponential (scale=1) (sample 26),59,5976,1615.0
Random Exponential (scale=1) (sample 26),60,6172,2129.0
Random Exponential (scale=1) (sample 26),61,6370,2071.0
Random Exponential (scale=1) (sample 26),62,6570,2395.0
Random Exponential (scale=1) (sample 26),63,6772,3590.0
Random Exponential (scale=1) (sample 26),64,6980,4522.0
Random Exponential (scale=1) (sample 26),65,7190,7012.0
Random Exponential (scale=1) (sample 26),66,7402,10882.0
Random Exponential (scale=1) (sample 26),67,7618,12553.0
Random Exponential (scale=1) (sample 26),68,7836,21876.0
Random Exponential (scale=1) (sample 26),69,8058,22168.0
Random Exponential (scale=1) (sample 26),70,8282,26641.0
Random Exponential (scale=1) (sample 26),71,8508,41937.0
Random Exponential (scale=1) (sample 26),72,8736,33486.0
Random Exponential (scale=1) (sample 26),73,8972,23624.0
Random Exponential (scale=1) (sample 26),74,9214,28763.0
Random Exponential (scale=1) (sample 26),75,9458,36412.0
Random Exponential (scale=1) (sample 26),76,9704,45226.0
Random Exponential (scale=1) (sample 26),77,9958,55819.0
Random Exponential (scale=1) (sample 26),78,10214,68036.0
Random Exponential (scale=1) (sample 26),79,10472,79991.0
Random Exponential (scale=1) (sample 26),80,10732,96504.0
Random Exponential (scale=1) (sample 26),81,10996,114462.0
Random Exponential (scale=1) (sample 26),82,11262,142417.0
Random Exponential (scale=1) (sample 26),83,11530,180982.0
Random Exponential (scale=1) (sample 26),84,11802,224082.0
Random Exponential (scale=1) (sample 26),85,12076,276996.0
Random Exponential (scale=1) (sample 26),86,12354,337043.0
Random Exponential (scale=1) (sample 26),87,12634,433959.0
Random Exponential (scale=1) (sample 26),88,12918,559395.0
Random Exponential (scale=1) (sample 26),89,13206,666355.0
Random Exponential (scale=1) (sample 26),90,13496,816568.0
Random Exponential (scale=1) (sample 26),91,13788,1025491.0
Random Exponential (scale=1) (sample 26),92,14088,1233730.0
Random Exponential (scale=1) (sample 26),93,14390,1492571.0
Random Exponential (scale=1) (sample 26),94,14694,1855493.0
Random Exponential (scale=1) (sample 26),95,15000,2315196.0
Random Exponential (scale=1) (sample 26),96,15314,2742113.0
Random Exponential (scale=1) (sample 26),97,15630,3316155.0
Random Exponential (scale=1) (sample 26),98,15950,3982741.0
Random Exponential (scale=1) (sample 26),99,16272,4784578.0
Random Exponential (scale=1) (sample 26),100,16598,5783929.0
Random Exponential (scale=1) (sample 26),101,16926,7074029.0
Random Exponential (scale=1) (sample 26),102,17256,8701386.0
Random Exponential (scale=1) (sample 26),103,17588,10839488.0
Random Exponential (scale=1) (sample 26),104,17922,13709498.0
Random Exponential (scale=1) (sample 26),105,18258,17362873.0
Random Exponential (scale=1) (sample 26),106,18596,22337392.0
Random Exponential (scale=1) (sample 26),107,18938,28271108.0
Random Exponential (scale=1) (sample 26),108,19290,33767585.0
Random Exponential (scale=1) (sample 26),109,19644,40685573.0
Random Exponential (scale=1) (sample 26),110,20000,49860878.0
Random Exponential (scale=1) (sample 27),1,2,1.0
Random Exponential (scale=1) (sample 27),2,8,1.0
Random Exponential (scale=1) (sample 27),3,16,1.0
Random Exponential (scale=1) (sample 27),4,26,1.0
Random Exponential (scale=1) (sample 27),5,38,2.0
Random Exponential (scale=1) (sample 27),6,62,3.0
Random Exponential (scale=1) (sample 27),7,88,3.0
Random Exponential (scale=1) (sample 27),8,116,3.0
Random Exponential (scale=1) (sample 27),9,148,3.0
Random Exponential (scale=1) (sample 27),10,182,5.0
Random Exponential (scale=1) (sample 27),11,218,4.0
Random Exponential (scale=1) (sample 27),12,258,3.0
Random Exponential (scale=1) (sample 27),13,300,4.0
Random Exponential (scale=1) (sample 27),14,344,4.0
Random Exponential (scale=1) (sample 27),15,390,3.0
Random Exponential (scale=1) (sample 27),16,440,5.0
Random Exponential (scale=1) (sample 27),17,492,7.0
Random Exponential (scale=1) (sample 27),18,550,6.0
Random Exponential (scale=1) (sample 27),19,610,6.0
Random Exponential (scale=1) (sample 27),20,672,8.0
Random Exponential (scale=1) (sample 27),21,740,11.0
Random Exponential (scale=1) (sample 27),22,810,12.0
Random Exponential (scale=1) (sample 27),23,882,13.0
Random Exponential (scale=1) (sample 27),24,958,12.0
Random Exponential (scale=1) (sample 27),25,1036,12.0
Random Exponential (scale=1) (sample 27),26,1116,16.0
Random Exponential (scale=1) (sample 27),27,1200,22.0
Random Exponential (scale=1) (sample 27),28,1286,31.0
Random Exponential (scale=1) (sample 27),29,1378,21.0
Random Exponential (scale=1) (sample 27),30,1474,25.0
Random Exponential (scale=1) (sample 27),31,1572,27.0
Random Exponential (scale=1) (sample 27),32,1674,34.0
Random Exponential (scale=1) (sample 27),33,1778,48.0
Random Exponential (scale=1) (sample 27),34,1884,74.0
Random Exponential (scale=1) (sample 27),35,1992,77.0
Random Exponential (scale=1) (sample 27),36,2102,75.0
Random Exponential (scale=1) (sample 27),37,2214,67.0
Random Exponential (scale=1) (sample 27),38,2332,83.0
Random Exponential (scale=1) (sample 27),39,2452,106.0
Random Exponential (scale=1) (sample 27),40,2578,125.0
Random Exponential (scale=1) (sample 27),41,2706,149.0
Random Exponential (scale=1) (sample 27),42,2838,156.0
Random Exponential (scale=1) (sample 27),43,2972,196.0
Random Exponential (scale=1) (sample 27),44,3108,244.0
Random Exponential (scale=1) (sample 27),45,3246,290.0
Random Exponential (scale=1) (sample 27),46,3386,368.0
Random Exponential (scale=1) (sample 27),47,3530,490.0
Random Exponential (scale=1) (sample 27),48,3678,538.0
Random Exponential (scale=1) (sample 27),49,3830,768.0
Random Exponential (scale=1) (sample 27),50,3988,784.0
Random Exponential (scale=1) (sample 27),51,4148,1021.0
Random Exponential (scale=1) (sample 27),52,4310,1203.0
Random Exponential (scale=1) (sample 27),53,4474,1480.0
Random Exponential (scale=1) (sample 27),54,4642,1663.0
Random Exponential (scale=1) (sample 27),55,4814,1863.0
Random Exponential (scale=1) (sample 27),56,4988,2434.0
Random Exponential (scale=1) (sample 27),57,5164,2410.0
Random Exponential (scale=1) (sample 27),58,5344,2885.0
Random Exponential (scale=1) (sample 27),59,5526,3836.0
Random Exponential (scale=1) (sample 27),60,5712,4588.0
Random Exponential (scale=1) (sample 27),61,5902,5433.0
Random Exponential (scale=1) (sample 27),62,6098,6078.0
Random Exponential (scale=1) (sample 27),63,6296,7318.0
Random Exponential (scale=1) (sample 27),64,6496,8869.0
Random Exponential (scale=1) (sample 27),65,6698,10899.0
Random Exponential (scale=1) (sample 27),66,6902,14084.0
Random Exponential (scale=1) (sample 27),67,7110,19081.0
Random Exponential (scale=1) (sample 27),68,7322,26243.0
Random Exponential (scale=1) (sample 27),69,7536,22223.0
Random Exponential (scale=1) (sample 27),70,7754,25436.0
Random Exponential (scale=1) (sample 27),71,7976,30198.0
Random Exponential (scale=1) (sample 27),72,8204,35204.0
Random Exponential (scale=1) (sample 27),73,8436,40327.0
Random Exponential (scale=1) (sample 27),74,8670,47271.0
Random Exponential (scale=1) (sample 27),75,8906,57551.0
Random Exponential (scale=1) (sample 27),76,9144,74956.0
Random Exponential (scale=1) (sample 27),77,9384,89547.0
Random Exponential (scale=1) (sample 27),78,9628,88846.0
Random Exponential (scale=1) (sample 27),79,9874,108141.0
Random Exponential (scale=1) (sample 27),80,10122,133406.0
Random Exponential (scale=1) (sample 27),81,10372,167974.0
Random Exponential (scale=1) (sample 27),82,10624,211440.0
Random Exponential (scale=1) (sample 27),83,10878,273052.0
Random Exponential (scale=1) (sample 27),84,11134,347789.0
Random Exponential (scale=1) (sample 27),85,11392,450801.0
Random Exponential (scale=1) (sample 27),86,11654,572173.0
Random Exponential (scale=1) (sample 27),87,11918,729702.0
Random Exponential (scale=1) (sample 27),88,12184,954166.0
Random Exponential (scale=1) (sample 27),89,12452,1241756.0
Random Exponential (scale=1) (sample 27),90,12722,1631038.0
Random Exponential (scale=1) (sample 27),91,12998,2064170.0
Random Exponential (scale=1) (sample 27),92,13278,2591995.0
Random Exponential (scale=1) (sample 27),93,13560,3271858.0
Random Exponential (scale=1) (sample 27),94,13848,4008037.0
Random Exponential (scale=1) (sample 27),95,14138,4942067.0
Random Exponential (scale=1) (sample 27),96,14430,6207947.0
Random Exponential (scale=1) (sample 27),97,14724,7797219.0
Random Exponential (scale=1) (sample 27),98,15020,9954169.0
Random Exponential (scale=1) (sample 27),99,15322,12212435.0
Random Exponential (scale=1) (sample 27),100,15626,15251033.0
Random Exponential (scale=1) (sample 27),101,15932,19072948.0
Random Exponential (scale=1) (sample 27),102,16240,24221177.0
Random Exponential (scale=1) (sample 27),103,16552,30225114.0
Random Exponential (scale=1) (sample 27),104,16866,38253493.0
Random Exponential (scale=1) (sample 27),105,17184,47630723.0
Random Exponential (scale=1) (sample 27),106,17504,60168842.0
Random Exponential (scale=1) (sample 27),107,17826,76101204.0
Random Exponential (scale=1) (sample 27),108,18150,97580955.0
Random Exponential (scale=1) (sample 27),109,18478,122897164.0
Random Exponential (scale=1) (sample 27),110,18812,151345200.0
Random Exponential (scale=1) (sample 27),111,19148,186845303.0
Random Exponential (scale=1) (sample 27),112,19486,234273969.0
Random Exponential (scale=1) (sample 27),113,19826,294115917.0
Random Exponential (scale=1) (sample 28),1,2,1.0
Random Exponential (scale=1) (sample 28),2,6,1.0
Random Exponential (scale=1) (sample 28),3,14,1.0
Random Exponential (scale=1) (sample 28),4,26,1.0
Random Exponential (scale=1) (sample 28),5,40,2.0
Random Exponential (scale=1) (sample 28),6,56,1.0
Random Exponential (scale=1) (sample 28),7,78,2.0
Random Exponential (scale=1) (sample 28),8,102,4.0
Random Exponential (scale=1) (sample 28),9,128,4.0
Random Exponential (scale=1) (sample 28),10,156,3.0
Random Exponential (scale=1) (sample 28),11,188,5.0
Random Exponential (scale=1) (sample 28),12,222,8.0
Random Exponential (scale=1) (sample 28),13,258,10.0
Random Exponential (scale=1) (sample 28),14,298,5.0
Random Exponential (scale=1) (sample 28),15,344,9.0
Random Exponential (scale=1) (sample 28),16,392,9.0
Random Exponential (scale=1) (sample 28),17,442,6.0
Random Exponential (scale=1) (sample 28),18,494,7.0
Random Exponential (scale=1) (sample 28),19,550,10.0
Random Exponential (scale=1) (sample 28),20,608,13.0
Random Exponential (scale=1) (sample 28),21,668,14.0
Random Exponential (scale=1) (sample 28),22,730,17.0
Random Exponential (scale=1) (sample 28),23,794,10.0
Random Exponential (scale=1) (sample 28),24,862,14.0
Random Exponential (scale=1) (sample 28),25,944,17.0
Random Exponential (scale=1) (sample 28),26,1028,16.0
Random Exponential (scale=1) (sample 28),27,1116,24.0
Random Exponential (scale=1) (sample 28),28,1208,19.0
Random Exponential (scale=1) (sample 28),29,1304,25.0
Random Exponential (scale=1) (sample 28),30,1402,32.0
Random Exponential (scale=1) (sample 28),31,1504,46.0
Random Exponential (scale=1) (sample 28),32,1610,71.0
Random Exponential (scale=1) (sample 28),33,1724,39.0
Random Exponential (scale=1) (sample 28),34,1840,47.0
Random Exponential (scale=1) (sample 28),35,1958,51.0
Random Exponential (scale=1) (sample 28),36,2084,94.0
Random Exponential (scale=1) (sample 28),37,2212,148.0
Random Exponential (scale=1) (sample 28),38,2342,139.0
Random Exponential (scale=1) (sample 28),39,2478,225.0
Random Exponential (scale=1) (sample 28),40,2616,354.0
Random Exponential (scale=1) (sample 28),41,2756,362.0
Random Exponential (scale=1) (sample 28),42,2900,269.0
Random Exponential (scale=1) (sample 28),43,3046,459.0
Random Exponential (scale=1) (sample 28),44,3198,276.0
Random Exponential (scale=1) (sample 28),45,3352,329.0
Random Exponential (scale=1) (sample 28),46,3510,477.0
Random Exponential (scale=1) (sample 28),47,3670,214.0
Random Exponential (scale=1) (sample 28),48,3838,328.0
Random Exponential (scale=1) (sample 28),49,4008,339.0
Random Exponential (scale=1) (sample 28),50,4180,353.0
Random Exponential (scale=1) (sample 28),51,4354,469.0
Random Exponential (scale=1) (sample 28),52,4530,694.0
Random Exponential (scale=1) (sample 28),53,4710,594.0
Random Exponential (scale=1) (sample 28),54,4898,604.0
Random Exponential (scale=1) (sample 28),55,5088,672.0
Random Exponential (scale=1) (sample 28),56,5280,655.0
Random Exponential (scale=1) (sample 28),57,5478,960.0
Random Exponential (scale=1) (sample 28),58,5678,1323.0
Random Exponential (scale=1) (sample 28),59,5880,2032.0
Random Exponential (scale=1) (sample 28),60,6086,2626.0
Random Exponential (scale=1) (sample 28),61,6296,3607.0
Random Exponential (scale=1) (sample 28),62,6508,4471.0
Random Exponential (scale=1) (sample 28),63,6722,5554.0
Random Exponential (scale=1) (sample 28),64,6938,7869.0
Random Exponential (scale=1) (sample 28),65,7158,6141.0
Random Exponential (scale=1) (sample 28),66,7380,4849.0
Random Exponential (scale=1) (sample 28),67,7604,5506.0
Random Exponential (scale=1) (sample 28),68,7830,8042.0
Random Exponential (scale=1) (sample 28),69,8058,7039.0
Random Exponential (scale=1) (sample 28),70,8294,11571.0
Random Exponential (scale=1) (sample 28),71,8534,5264.0
Random Exponential (scale=1) (sample 28),72,8778,8171.0
Random Exponential (scale=1) (sample 28),73,9024,12067.0
Random Exponential (scale=1) (sample 28),74,9272,20317.0
Random Exponential (scale=1) (sample 28),75,9522,19214.0
Random Exponential (scale=1) (sample 28),76,9774,6288.0
Random Exponential (scale=1) (sample 28),77,10028,7153.0
Random Exponential (scale=1) (sample 28),78,10288,8923.0
Random Exponential (scale=1) (sample 28),79,10554,12938.0
Random Exponential (scale=1) (sample 28),80,10822,20199.0
Random Exponential (scale=1) (sample 28),81,11092,30597.0
Random Exponential (scale=1) (sample 28),82,11364,24774.0
Random Exponential (scale=1) (sample 28),83,11640,34304.0
Random Exponential (scale=1) (sample 28),84,11918,64221.0
Random Exponential (scale=1) (sample 28),85,12202,25307.0
Random Exponential (scale=1) (sample 28),86,12492,42535.0
Random Exponential (scale=1) (sample 28),87,12784,52287.0
Random Exponential (scale=1) (sample 28),88,13084,93683.0
Random Exponential (scale=1) (sample 28),89,13386,170663.0
Random Exponential (scale=1) (sample 28),90,13692,114966.0
Random Exponential (scale=1) (sample 28),91,14000,184374.0
Random Exponential (scale=1) (sample 28),92,14314,285388.0
Random Exponential (scale=1) (sample 28),93,14630,445615.0
Random Exponential (scale=1) (sample 28),94,14952,723492.0
Random Exponential (scale=1) (sample 28),95,15276,1407862.0
Random Exponential (scale=1) (sample 28),96,15602,1488824.0
Random Exponential (scale=1) (sample 28),97,15930,647189.0
Random Exponential (scale=1) (sample 28),98,16260,1092699.0
Random Exponential (scale=1) (sample 28),99,16592,2013306.0
Random Exponential (scale=1) (sample 28),100,16926,1761709.0
Random Exponential (scale=1) (sample 28),101,17262,1284852.0
Random Exponential (scale=1) (sample 28),102,17602,2042475.0
Random Exponential (scale=1) (sample 28),103,17944,1449769.0
Random Exponential (scale=1) (sample 28),104,18288,1246772.0
Random Exponential (scale=1) (sample 28),105,18634,2304051.0
Random Exponential (scale=1) (sample 28),106,18988,4469708.0
Random Exponential (scale=1) (sample 28),107,19344,7348920.0
Random Exponential (scale=1) (sample 28),108,19704,8239272.0
Random Exponential (scale=1) (sample 29),1,2,1.0
Random Exponential (scale=1) (sample 29),2,6,1.0
Random Exponential (scale=1) (sample 29),3,16,1.0
Random Exponential (scale=1) (sample 29),4,30,1.0
Random Exponential (scale=1) (sample 29),5,48,1.0
Random Exponential (scale=1) (sample 29),6,68,2.0
Random Exponential (scale=1) (sample 29),7,90,2.0
Random Exponential (scale=1) (sample 29),8,130,2.0
Random Exponential (scale=1) (sample 29),9,172,3.0
Random Exponential (scale=1) (sample 29),10,216,4.0
Random Exponential (scale=1) (sample 29),11,262,4.0
Random Exponential (scale=1) (sample 29),12,318,5.0
Random Exponential (scale=1) (sample 29),13,378,7.0
Random Exponential (scale=1) (sample 29),14,440,7.0
Random Exponential (scale=1) (sample 29),15,506,8.0
Random Exponential (scale=1) (sample 29),16,574,14.0
Random Exponential (scale=1) (sample 29),17,644,14.0
Random Exponential (scale=1) (sample 29),18,716,16.0
Random Exponential (scale=1) (sample 29),19,790,18.0
Random Exponential (scale=1) (sample 29),20,866,16.0
Random Exponential (scale=1) (sample 29),21,944,17.0
Random Exponential (scale=1) (sample 29),22,1024,20.0
Random Exponential (scale=1) (sample 29),23,1110,24.0
Random Exponential (scale=1) (sample 29),24,1198,31.0
Random Exponential (scale=1) (sample 29),25,1290,42.0
Random Exponential (scale=1) (sample 29),26,1384,75.0
Random Exponential (scale=1) (sample 29),27,1482,98.0
Random Exponential (scale=1) (sample 29),28,1582,171.0
Random Exponential (scale=1) (sample 29),29,1684,126.0
Random Exponential (scale=1) (sample 29),30,1788,157.0
Random Exponential (scale=1) (sample 29),31,1900,235.0
Random Exponential (scale=1) (sample 29),32,2016,138.0
Random Exponential (scale=1) (sample 29),33,2140,233.0
Random Exponential (scale=1) (sample 29),34,2266,386.0
Random Exponential (scale=1) (sample 29),35,2394,362.0
Random Exponential (scale=1) (sample 29),36,2524,318.0
Random Exponential (scale=1) (sample 29),37,2662,344.0
Random Exponential (scale=1) (sample 29),38,2802,411.0
Random Exponential (scale=1) (sample 29),39,2946,498.0
Random Exponential (scale=1) (sample 29),40,3092,767.0
Random Exponential (scale=1) (sample 29),41,3240,614.0
Random Exponential (scale=1) (sample 29),42,3392,1218.0
Random Exponential (scale=1) (sample 29),43,3546,1402.0
Random Exponential (scale=1) (sample 29),44,3704,1502.0
Random Exponential (scale=1) (sample 29),45,3864,1410.0
Random Exponential (scale=1) (sample 29),46,4030,1340.0
Random Exponential (scale=1) (sample 29),47,4200,1716.0
Random Exponential (scale=1) (sample 29),48,4372,2871.0
Random Exponential (scale=1) (sample 29),49,4546,3713.0
Random Exponential (scale=1) (sample 29),50,4724,6727.0
Random Exponential (scale=1) (sample 29),51,4916,5594.0
Random Exponential (scale=1) (sample 29),52,5110,3371.0
Random Exponential (scale=1) (sample 29),53,5308,5565.0
Random Exponential (scale=1) (sample 29),54,5512,9067.0
Random Exponential (scale=1) (sample 29),55,5718,15235.0
Random Exponential (scale=1) (sample 29),56,5926,22942.0
Random Exponential (scale=1) (sample 29),57,6136,31413.0
Random Exponential (scale=1) (sample 29),58,6358,37067.0
Random Exponential (scale=1) (sample 29),59,6588,71918.0
Random Exponential (scale=1) (sample 29),60,6822,118723.0
Random Exponential (scale=1) (sample 29),61,7058,176075.0
Random Exponential (scale=1) (sample 29),62,7296,215662.0
Random Exponential (scale=1) (sample 29),63,7536,172632.0
Random Exponential (scale=1) (sample 29),64,7782,86222.0
Random Exponential (scale=1) (sample 29),65,8038,165617.0
Random Exponential (scale=1) (sample 29),66,8296,314125.0
Random Exponential (scale=1) (sample 29),67,8556,588635.0
Random Exponential (scale=1) (sample 29),68,8818,969664.0
Random Exponential (scale=1) (sample 29),69,9082,1348968.0
Random Exponential (scale=1) (sample 29),70,9350,842168.0
Random Exponential (scale=1) (sample 29),71,9620,223308.0
Random Exponential (scale=1) (sample 29),72,9892,41471.0
Random Exponential (scale=1) (sample 29),73,10166,39471.0
Random Exponential (scale=1) (sample 29),74,10442,47910.0
Random Exponential (scale=1) (sample 29),75,10720,49489.0
Random Exponential (scale=1) (sample 29),76,11000,79135.0
Random Exponential (scale=1) (sample 29),77,11282,141732.0
Random Exponential (scale=1) (sample 29),78,11566,257678.0
Random Exponential (scale=1) (sample 29),79,11852,462640.0
Random Exponential (scale=1) (sample 29),80,12140,815134.0
Random Exponential (scale=1) (sample 29),81,12432,974305.0
Random Exponential (scale=1) (sample 29),82,12730,325237.0
Random Exponential (scale=1) (sample 29),83,13032,370336.0
Random Exponential (scale=1) (sample 29),84,13338,540327.0
Random Exponential (scale=1) (sample 29),85,13648,872484.0
Random Exponential (scale=1) (sample 29),86,13964,1200401.0
Random Exponential (scale=1) (sample 29),87,14282,1449523.0
Random Exponential (scale=1) (sample 29),88,14602,1323659.0
Random Exponential (scale=1) (sample 29),89,14924,1087016.0
Random Exponential (scale=1) (sample 29),90,15248,1360015.0
Random Exponential (scale=1) (sample 29),91,15574,1635671.0
Random Exponential (scale=1) (sample 29),92,15904,2241080.0
Random Exponential (scale=1) (sample 29),93,16236,2799035.0
Random Exponential (scale=1) (sample 29),94,16570,3816191.0
Random Exponential (scale=1) (sample 29),95,16908,4794427.0
Random Exponential (scale=1) (sample 29),96,17248,6458931.0
Random Exponential (scale=1) (sample 29),97,17592,8230525.0
Random Exponential (scale=1) (sample 29),98,17938,10622622.0
Random Exponential (scale=1) (sample 29),99,18288,13916180.0
Random Exponential (scale=1) (sample 29),100,18640,18200145.0
Random Exponential (scale=1) (sample 29),101,18996,23757910.0
Random Exponential (scale=1) (sample 29),102,19358,30684248.0
Random Exponential (scale=1) (sample 29),103,19736,35357951.0
Random Exponential (scale=1) (sample 30),1,2,1.0
Random Exponential (scale=1) (sample 30),2,10,1.0
Random Exponential (scale=1) (sample 30),3,22,1.0
Random Exponential (scale=1) (sample 30),4,36,1.0
Random Exponential (scale=1) (sample 30),5,52,1.0
Random Exponential (scale=1) (sample 30),6,74,2.0
Random Exponential (scale=1) (sample 30),7,100,2.0
Random Exponential (scale=1) (sample 30),8,128,2.0
Random Exponential (scale=1) (sample 30),9,158,2.0
Random Exponential (scale=1) (sample 30),10,190,3.0
Random Exponential (scale=1) (sample 30),11,230,4.0
Random Exponential (scale=1) (sample 30),12,274,4.0
Random Exponential (scale=1) (sample 30),13,322,4.0
Random Exponential (scale=1) (sample 30),14,374,5.0
Random Exponential (scale=1) (sample 30),15,430,6.0
Random Exponential (scale=1) (sample 30),16,488,7.0
Random Exponential (scale=1) (sample 30),17,550,8.0
Random Exponential (scale=1) (sample 30),18,614,9.0
Random Exponential (scale=1) (sample 30),19,680,13.0
Random Exponential (scale=1) (sample 30),20,748,16.0
Random Exponential (scale=1) (sample 30),21,820,14.0
Random Exponential (scale=1) (sample 30),22,894,21.0
Random Exponential (scale=1) (sample 30),23,972,37.0
Random Exponential (scale=1) (sample 30),24,1052,28.0
Random Exponential (scale=1) (sample 30),25,1134,37.0
Random Exponential (scale=1) (sample 30),26,1218,39.0
Random Exponential (scale=1) (sample 30),27,1306,38.0
Random Exponential (scale=1) (sample 30),28,1396,48.0
Random Exponential (scale=1) (sample 30),29,1488,56.0
Random Exponential (scale=1) (sample 30),30,1584,62.0
Random Exponential (scale=1) (sample 30),31,1684,60.0
Random Exponential (scale=1) (sample 30),32,1786,84.0
Random Exponential (scale=1) (sample 30),33,1890,102.0
Random Exponential (scale=1) (sample 30),34,2000,140.0
Random Exponential (scale=1) (sample 30),35,2112,156.0
Random Exponential (scale=1) (sample 30),36,2226,208.0
Random Exponential (scale=1) (sample 30),37,2346,244.0
Random Exponential (scale=1) (sample 30),38,2470,285.0
Random Exponential (scale=1) (sample 30),39,2596,337.0
Random Exponential (scale=1) (sample 30),40,2726,402.0
Random Exponential (scale=1) (sample 30),41,2858,506.0
Random Exponential (scale=1) (sample 30),42,2994,689.0
Random Exponential (scale=1) (sample 30),43,3134,718.0
Random Exponential (scale=1) (sample 30),44,3276,848.0
Random Exponential (scale=1) (sample 30),45,3420,1072.0
Random Exponential (scale=1) (sample 30),46,3566,1383.0
Random Exponential (scale=1) (sample 30),47,3716,1753.0
Random Exponential (scale=1) (sample 30),48,3872,2039.0
Random Exponential (scale=1) (sample 30),49,4032,2502.0
Random Exponential (scale=1) (sample 30),50,4194,2969.0
Random Exponential (scale=1) (sample 30),51,4362,3120.0
Random Exponential (scale=1) (sample 30),52,4534,3693.0
Random Exponential (scale=1) (sample 30),53,4710,4011.0
Random Exponential (scale=1) (sample 30),54,4888,4533.0
Random Exponential (scale=1) (sample 30),55,5076,4437.0
Random Exponential (scale=1) (sample 30),56,5266,4875.0
Random Exponential (scale=1) (sample 30),57,5460,5369.0
Random Exponential (scale=1) (sample 30),58,5658,5824.0
Random Exponential (scale=1) (sample 30),59,5858,6264.0
Random Exponential (scale=1) (sample 30),60,6060,7276.0
Random Exponential (scale=1) (sample 30),61,6264,8933.0
Random Exponential (scale=1) (sample 30),62,6482,9083.0
Random Exponential (scale=1) (sample 30),63,6702,9833.0
Random Exponential (scale=1) (sample 30),64,6924,10962.0
Random Exponential (scale=1) (sample 30),65,7148,12721.0
Random Exponential (scale=1) (sample 30),66,7374,13628.0
Random Exponential (scale=1) (sample 30),67,7604,18235.0
Random Exponential (scale=1) (sample 30),68,7836,16934.0
Random Exponential (scale=1) (sample 30),69,8070,22159.0
Random Exponential (scale=1) (sample 30),70,8306,26756.0
Random Exponential (scale=1) (sample 30),71,8544,32701.0
Random Exponential (scale=1) (sample 30),72,8786,38584.0
Random Exponential (scale=1) (sample 30),73,9030,51830.0
Random Exponential (scale=1) (sample 30),74,9278,72475.0
Random Exponential (scale=1) (sample 30),75,9528,68589.0
Random Exponential (scale=1) (sample 30),76,9780,91395.0
Random Exponential (scale=1) (sample 30),77,10034,113612.0
Random Exponential (scale=1) (sample 30),78,10294,134167.0
Random Exponential (scale=1) (sample 30),79,10558,148230.0
Random Exponential (scale=1) (sample 30),80,10824,191252.0
Random Exponential (scale=1) (sample 30),81,11092,223172.0
Random Exponential (scale=1) (sample 30),82,11362,281326.0
Random Exponential (scale=1) (sample 30),83,11634,360323.0
Random Exponential (scale=1) (sample 30),84,11908,468434.0
Random Exponential (scale=1) (sample 30),85,12186,605969.0
Random Exponential (scale=1) (sample 30),86,12466,784131.0
Random Exponential (scale=1) (sample 30),87,12748,991947.0
Random Exponential (scale=1) (sample 30),88,13032,1325016.0
Random Exponential (scale=1) (sample 30),89,13318,1711962.0
Random Exponential (scale=1) (sample 30),90,13606,2303312.0
Random Exponential (scale=1) (sample 30),91,13896,3055435.0
Random Exponential (scale=1) (sample 30),92,14188,4188484.0
Random Exponential (scale=1) (sample 30),93,14482,5583506.0
Random Exponential (scale=1) (sample 30),94,14778,7751029.0
Random Exponential (scale=1) (sample 30),95,15078,10239693.0
Random Exponential (scale=1) (sample 30),96,15380,14198193.0
Random Exponential (scale=1) (sample 30),97,15684,18889192.0
Random Exponential (scale=1) (sample 30),98,15992,26239946.0
Random Exponential (scale=1) (sample 30),99,16304,34003166.0
Random Exponential (scale=1) (sample 30),100,16618,46977696.0
Random Exponential (scale=1) (sample 30),101,16942,57167692.0
Random Exponential (scale=1) (sample 30),102,17268,74756684.0
Random Exponential (scale=1) (sample 30),103,17596,91618822.0
Random Exponential (scale=1) (sample 30),104,17930,115335091.0
Random Exponential (scale=1) (sample 30),105,18266,140891045.0
Random Exponential (scale=1) (sample 30),106,18604,179669035.0
Random Exponential (scale=1) (sample 30),107,18946,221356948.0
Random Exponential (scale=1) (sample 30),108,19292,276268858.0
Random Exponential (scale=1) (sample 30),109,19642,337848835.0
Random Exponential (scale=1) (sample 30),110,19994,422525964.0
